"Tool","subgraph_id","nr_nodes","subgraph_length","total_nodes","total_length","frac_nodes","frac_length","rank","cum_frac_nodes"
"Bifrost",0,58226,8692831,58991,8791122,0.987031920123409,0.988819288368424,1,0.987031920123409
"Bifrost",7,310,35418,58991,8791122,0.00525503890423963,0.00402883727469599,2,0.992286959027648
"Bifrost",18,61,6864,58991,8791122,0.00103405604244715,0.00078078770832665,3,0.993321015070095
"Bifrost",108,42,14919,58991,8791122,0.000711973012832466,0.00169705300415578,4,0.994032988082928
"Bifrost",132,23,2494,58991,8791122,0.000389889983217779,0.000283695300781857,5,0.994422878066146
"Bifrost",296,8,587,58991,8791122,0.000135613907206184,6.67719092056736e-05,6,0.994558491973352
"Bifrost",19,4,632,58991,8791122,6.7806953603092e-05,7.18907097410319e-05,7,0.994626298926955
"Bifrost",1,1,59,58991,8791122,1.6951738400773e-05,6.71131625746975e-06,8,0.994643250665356
"Bifrost",2,1,38,58991,8791122,1.6951738400773e-05,4.32254267430255e-06,9,0.994660202403756
"Bifrost",3,1,41,58991,8791122,1.6951738400773e-05,4.66379604332644e-06,10,0.994677154142157
"Bifrost",4,1,60,58991,8791122,1.6951738400773e-05,6.82506738047771e-06,11,0.994694105880558
"Bifrost",5,1,41,58991,8791122,1.6951738400773e-05,4.66379604332644e-06,12,0.994711057618959
"Bifrost",6,1,39,58991,8791122,1.6951738400773e-05,4.43629379731051e-06,13,0.99472800935736
"Bifrost",8,1,45,58991,8791122,1.6951738400773e-05,5.11880053535829e-06,14,0.99474496109576
"Bifrost",9,1,59,58991,8791122,1.6951738400773e-05,6.71131625746975e-06,15,0.994761912834161
"Bifrost",10,1,36,58991,8791122,1.6951738400773e-05,4.09504042828663e-06,16,0.994778864572562
"Bifrost",11,1,32,58991,8791122,1.6951738400773e-05,3.64003593625478e-06,17,0.994795816310963
"Bifrost",12,1,33,58991,8791122,1.6951738400773e-05,3.75378705926274e-06,18,0.994812768049363
"Bifrost",13,1,33,58991,8791122,1.6951738400773e-05,3.75378705926274e-06,19,0.994829719787764
"Bifrost",14,1,38,58991,8791122,1.6951738400773e-05,4.32254267430255e-06,20,0.994846671526165
"Bifrost",15,1,84,58991,8791122,1.6951738400773e-05,9.5550943326688e-06,21,0.994863623264566
"Bifrost",16,1,123,58991,8791122,1.6951738400773e-05,1.39913881299793e-05,22,0.994880575002966
"Bifrost",17,1,168,58991,8791122,1.6951738400773e-05,1.91101886653376e-05,23,0.994897526741367
"Bifrost",20,1,575,58991,8791122,1.6951738400773e-05,6.54068957295781e-05,24,0.994914478479768
"Bifrost",21,1,79,58991,8791122,1.6951738400773e-05,8.98633871762899e-06,25,0.994931430218169
"Bifrost",22,1,56,58991,8791122,1.6951738400773e-05,6.37006288844587e-06,26,0.99494838195657
"Bifrost",23,1,38,58991,8791122,1.6951738400773e-05,4.32254267430255e-06,27,0.99496533369497
"Bifrost",24,1,62,58991,8791122,1.6951738400773e-05,7.05256962649364e-06,28,0.994982285433371
"Bifrost",25,1,116,58991,8791122,1.6951738400773e-05,1.31951302689236e-05,29,0.994999237171772
"Bifrost",26,1,162,58991,8791122,1.6951738400773e-05,1.84276819272898e-05,30,0.995016188910173
"Bifrost",27,1,109,58991,8791122,1.6951738400773e-05,1.23988724078678e-05,31,0.995033140648573
"Bifrost",28,1,32,58991,8791122,1.6951738400773e-05,3.64003593625478e-06,32,0.995050092386974
"Bifrost",29,1,127,58991,8791122,1.6951738400773e-05,1.44463926220112e-05,33,0.995067044125375
"Bifrost",30,1,32,58991,8791122,1.6951738400773e-05,3.64003593625478e-06,34,0.995083995863776
"Bifrost",31,1,152,58991,8791122,1.6951738400773e-05,1.72901706972102e-05,35,0.995100947602176
"Bifrost",32,1,62,58991,8791122,1.6951738400773e-05,7.05256962649364e-06,36,0.995117899340577
"Bifrost",33,1,43,58991,8791122,1.6951738400773e-05,4.89129828934236e-06,37,0.995134851078978
"Bifrost",34,1,40,58991,8791122,1.6951738400773e-05,4.55004492031848e-06,38,0.995151802817379
"Bifrost",35,1,38,58991,8791122,1.6951738400773e-05,4.32254267430255e-06,39,0.99516875455578
"Bifrost",36,1,52,58991,8791122,1.6951738400773e-05,5.91505839641402e-06,40,0.99518570629418
"Bifrost",37,1,41,58991,8791122,1.6951738400773e-05,4.66379604332644e-06,41,0.995202658032581
"Bifrost",38,1,37,58991,8791122,1.6951738400773e-05,4.20879155129459e-06,42,0.995219609770982
"Bifrost",39,1,32,58991,8791122,1.6951738400773e-05,3.64003593625478e-06,43,0.995236561509383
"Bifrost",40,1,38,58991,8791122,1.6951738400773e-05,4.32254267430255e-06,44,0.995253513247783
"Bifrost",41,1,32,58991,8791122,1.6951738400773e-05,3.64003593625478e-06,45,0.995270464986184
"Bifrost",42,1,44,58991,8791122,1.6951738400773e-05,5.00504941235032e-06,46,0.995287416724585
"Bifrost",43,1,35,58991,8791122,1.6951738400773e-05,3.98128930527867e-06,47,0.995304368462986
"Bifrost",44,1,34,58991,8791122,1.6951738400773e-05,3.8675381822707e-06,48,0.995321320201387
"Bifrost",45,1,77,58991,8791122,1.6951738400773e-05,8.75883647161307e-06,49,0.995338271939787
"Bifrost",46,1,38,58991,8791122,1.6951738400773e-05,4.32254267430255e-06,50,0.995355223678188
"Bifrost",47,1,33,58991,8791122,1.6951738400773e-05,3.75378705926274e-06,51,0.995372175416589
"Bifrost",48,1,49,58991,8791122,1.6951738400773e-05,5.57380502739013e-06,52,0.99538912715499
"Bifrost",49,1,79,58991,8791122,1.6951738400773e-05,8.98633871762899e-06,53,0.99540607889339
"Bifrost",50,1,39,58991,8791122,1.6951738400773e-05,4.43629379731051e-06,54,0.995423030631791
"Bifrost",51,1,62,58991,8791122,1.6951738400773e-05,7.05256962649364e-06,55,0.995439982370192
"Bifrost",52,1,41,58991,8791122,1.6951738400773e-05,4.66379604332644e-06,56,0.995456934108593
"Bifrost",53,1,169,58991,8791122,1.6951738400773e-05,1.92239397883456e-05,57,0.995473885846993
"Bifrost",54,1,34,58991,8791122,1.6951738400773e-05,3.8675381822707e-06,58,0.995490837585394
"Bifrost",55,1,55,58991,8791122,1.6951738400773e-05,6.2563117654379e-06,59,0.995507789323795
"Bifrost",56,1,94,58991,8791122,1.6951738400773e-05,1.06926055627484e-05,60,0.995524741062196
"Bifrost",57,1,40,58991,8791122,1.6951738400773e-05,4.55004492031848e-06,61,0.995541692800597
"Bifrost",58,1,64,58991,8791122,1.6951738400773e-05,7.28007187250956e-06,62,0.995558644538997
"Bifrost",59,1,34,58991,8791122,1.6951738400773e-05,3.8675381822707e-06,63,0.995575596277398
"Bifrost",60,1,38,58991,8791122,1.6951738400773e-05,4.32254267430255e-06,64,0.995592548015799
"Bifrost",61,1,34,58991,8791122,1.6951738400773e-05,3.8675381822707e-06,65,0.9956094997542
"Bifrost",62,1,64,58991,8791122,1.6951738400773e-05,7.28007187250956e-06,66,0.9956264514926
"Bifrost",63,1,48,58991,8791122,1.6951738400773e-05,5.46005390438217e-06,67,0.995643403231001
"Bifrost",64,1,34,58991,8791122,1.6951738400773e-05,3.8675381822707e-06,68,0.995660354969402
"Bifrost",65,1,115,58991,8791122,1.6951738400773e-05,1.30813791459156e-05,69,0.995677306707803
"Bifrost",66,1,35,58991,8791122,1.6951738400773e-05,3.98128930527867e-06,70,0.995694258446204
"Bifrost",67,1,33,58991,8791122,1.6951738400773e-05,3.75378705926274e-06,71,0.995711210184604
"Bifrost",68,1,49,58991,8791122,1.6951738400773e-05,5.57380502739013e-06,72,0.995728161923005
"Bifrost",69,1,33,58991,8791122,1.6951738400773e-05,3.75378705926274e-06,73,0.995745113661406
"Bifrost",70,1,59,58991,8791122,1.6951738400773e-05,6.71131625746975e-06,74,0.995762065399807
"Bifrost",71,1,32,58991,8791122,1.6951738400773e-05,3.64003593625478e-06,75,0.995779017138207
"Bifrost",72,1,38,58991,8791122,1.6951738400773e-05,4.32254267430255e-06,76,0.995795968876608
"Bifrost",73,1,41,58991,8791122,1.6951738400773e-05,4.66379604332644e-06,77,0.995812920615009
"Bifrost",74,1,32,58991,8791122,1.6951738400773e-05,3.64003593625478e-06,78,0.99582987235341
"Bifrost",75,1,32,58991,8791122,1.6951738400773e-05,3.64003593625478e-06,79,0.99584682409181
"Bifrost",76,1,32,58991,8791122,1.6951738400773e-05,3.64003593625478e-06,80,0.995863775830211
"Bifrost",77,1,41,58991,8791122,1.6951738400773e-05,4.66379604332644e-06,81,0.995880727568612
"Bifrost",78,1,41,58991,8791122,1.6951738400773e-05,4.66379604332644e-06,82,0.995897679307013
"Bifrost",79,1,36,58991,8791122,1.6951738400773e-05,4.09504042828663e-06,83,0.995914631045414
"Bifrost",80,1,32,58991,8791122,1.6951738400773e-05,3.64003593625478e-06,84,0.995931582783814
"Bifrost",81,1,77,58991,8791122,1.6951738400773e-05,8.75883647161307e-06,85,0.995948534522215
"Bifrost",82,1,38,58991,8791122,1.6951738400773e-05,4.32254267430255e-06,86,0.995965486260616
"Bifrost",83,1,38,58991,8791122,1.6951738400773e-05,4.32254267430255e-06,87,0.995982437999017
"Bifrost",84,1,83,58991,8791122,1.6951738400773e-05,9.44134320966084e-06,88,0.995999389737417
"Bifrost",85,1,35,58991,8791122,1.6951738400773e-05,3.98128930527867e-06,89,0.996016341475818
"Bifrost",86,1,54,58991,8791122,1.6951738400773e-05,6.14256064242994e-06,90,0.996033293214219
"Bifrost",87,1,41,58991,8791122,1.6951738400773e-05,4.66379604332644e-06,91,0.99605024495262
"Bifrost",88,1,69,58991,8791122,1.6951738400773e-05,7.84882748754937e-06,92,0.99606719669102
"Bifrost",89,1,36,58991,8791122,1.6951738400773e-05,4.09504042828663e-06,93,0.996084148429421
"Bifrost",90,1,75,58991,8791122,1.6951738400773e-05,8.53133422559714e-06,94,0.996101100167822
"Bifrost",91,1,108,58991,8791122,1.6951738400773e-05,1.22851212848599e-05,95,0.996118051906223
"Bifrost",92,1,38,58991,8791122,1.6951738400773e-05,4.32254267430255e-06,96,0.996135003644624
"Bifrost",93,1,41,58991,8791122,1.6951738400773e-05,4.66379604332644e-06,97,0.996151955383024
"Bifrost",94,1,40,58991,8791122,1.6951738400773e-05,4.55004492031848e-06,98,0.996168907121425
"Bifrost",95,1,50,58991,8791122,1.6951738400773e-05,5.6875561503981e-06,99,0.996185858859826
"Bifrost",96,1,32,58991,8791122,1.6951738400773e-05,3.64003593625478e-06,100,0.996202810598227
"Bifrost",97,1,41,58991,8791122,1.6951738400773e-05,4.66379604332644e-06,101,0.996219762336627
"Bifrost",98,1,55,58991,8791122,1.6951738400773e-05,6.2563117654379e-06,102,0.996236714075028
"Bifrost",99,1,89,58991,8791122,1.6951738400773e-05,1.01238499477086e-05,103,0.996253665813429
"Bifrost",100,1,35,58991,8791122,1.6951738400773e-05,3.98128930527867e-06,104,0.99627061755183
"Bifrost",101,1,71,58991,8791122,1.6951738400773e-05,8.0763297335653e-06,105,0.99628756929023
"Bifrost",102,1,77,58991,8791122,1.6951738400773e-05,8.75883647161307e-06,106,0.996304521028631
"Bifrost",103,1,39,58991,8791122,1.6951738400773e-05,4.43629379731051e-06,107,0.996321472767032
"Bifrost",104,1,114,58991,8791122,1.6951738400773e-05,1.29676280229077e-05,108,0.996338424505433
"Bifrost",105,1,33,58991,8791122,1.6951738400773e-05,3.75378705926274e-06,109,0.996355376243834
"Bifrost",106,1,143,58991,8791122,1.6951738400773e-05,1.62664105901386e-05,110,0.996372327982234
"Bifrost",107,1,59,58991,8791122,1.6951738400773e-05,6.71131625746975e-06,111,0.996389279720635
"Bifrost",109,1,41,58991,8791122,1.6951738400773e-05,4.66379604332644e-06,112,0.996406231459036
"Bifrost",110,1,32,58991,8791122,1.6951738400773e-05,3.64003593625478e-06,113,0.996423183197437
"Bifrost",111,1,42,58991,8791122,1.6951738400773e-05,4.7775471663344e-06,114,0.996440134935837
"Bifrost",112,1,32,58991,8791122,1.6951738400773e-05,3.64003593625478e-06,115,0.996457086674238
"Bifrost",113,1,38,58991,8791122,1.6951738400773e-05,4.32254267430255e-06,116,0.996474038412639
"Bifrost",114,1,116,58991,8791122,1.6951738400773e-05,1.31951302689236e-05,117,0.99649099015104
"Bifrost",115,1,44,58991,8791122,1.6951738400773e-05,5.00504941235032e-06,118,0.996507941889441
"Bifrost",116,1,41,58991,8791122,1.6951738400773e-05,4.66379604332644e-06,119,0.996524893627841
"Bifrost",117,1,53,58991,8791122,1.6951738400773e-05,6.02880951942198e-06,120,0.996541845366242
"Bifrost",118,1,41,58991,8791122,1.6951738400773e-05,4.66379604332644e-06,121,0.996558797104643
"Bifrost",119,1,46,58991,8791122,1.6951738400773e-05,5.23255165836625e-06,122,0.996575748843044
"Bifrost",120,1,53,58991,8791122,1.6951738400773e-05,6.02880951942198e-06,123,0.996592700581444
"Bifrost",121,1,53,58991,8791122,1.6951738400773e-05,6.02880951942198e-06,124,0.996609652319845
"Bifrost",122,1,35,58991,8791122,1.6951738400773e-05,3.98128930527867e-06,125,0.996626604058246
"Bifrost",123,1,33,58991,8791122,1.6951738400773e-05,3.75378705926274e-06,126,0.996643555796647
"Bifrost",124,1,47,58991,8791122,1.6951738400773e-05,5.34630278137421e-06,127,0.996660507535048
"Bifrost",125,1,45,58991,8791122,1.6951738400773e-05,5.11880053535829e-06,128,0.996677459273448
"Bifrost",126,1,86,58991,8791122,1.6951738400773e-05,9.78259657868472e-06,129,0.996694411011849
"Bifrost",127,1,116,58991,8791122,1.6951738400773e-05,1.31951302689236e-05,130,0.99671136275025
"Bifrost",128,1,40,58991,8791122,1.6951738400773e-05,4.55004492031848e-06,131,0.996728314488651
"Bifrost",129,1,141,58991,8791122,1.6951738400773e-05,1.60389083441226e-05,132,0.996745266227051
"Bifrost",130,1,54,58991,8791122,1.6951738400773e-05,6.14256064242994e-06,133,0.996762217965452
"Bifrost",131,1,32,58991,8791122,1.6951738400773e-05,3.64003593625478e-06,134,0.996779169703853
"Bifrost",133,1,63,58991,8791122,1.6951738400773e-05,7.1663207495016e-06,135,0.996796121442254
"Bifrost",134,1,39,58991,8791122,1.6951738400773e-05,4.43629379731051e-06,136,0.996813073180654
"Bifrost",135,1,47,58991,8791122,1.6951738400773e-05,5.34630278137421e-06,137,0.996830024919055
"Bifrost",136,1,39,58991,8791122,1.6951738400773e-05,4.43629379731051e-06,138,0.996846976657456
"Bifrost",137,1,32,58991,8791122,1.6951738400773e-05,3.64003593625478e-06,139,0.996863928395857
"Bifrost",138,1,63,58991,8791122,1.6951738400773e-05,7.1663207495016e-06,140,0.996880880134258
"Bifrost",139,1,80,58991,8791122,1.6951738400773e-05,9.10008984063695e-06,141,0.996897831872658
"Bifrost",140,1,151,58991,8791122,1.6951738400773e-05,1.71764195742022e-05,142,0.996914783611059
"Bifrost",141,1,51,58991,8791122,1.6951738400773e-05,5.80130727340606e-06,143,0.99693173534946
"Bifrost",142,1,36,58991,8791122,1.6951738400773e-05,4.09504042828663e-06,144,0.996948687087861
"Bifrost",143,1,65,58991,8791122,1.6951738400773e-05,7.39382299551752e-06,145,0.996965638826261
"Bifrost",144,1,41,58991,8791122,1.6951738400773e-05,4.66379604332644e-06,146,0.996982590564662
"Bifrost",145,1,32,58991,8791122,1.6951738400773e-05,3.64003593625478e-06,147,0.996999542303063
"Bifrost",146,1,67,58991,8791122,1.6951738400773e-05,7.62132524153345e-06,148,0.997016494041464
"Bifrost",147,1,47,58991,8791122,1.6951738400773e-05,5.34630278137421e-06,149,0.997033445779865
"Bifrost",148,1,59,58991,8791122,1.6951738400773e-05,6.71131625746975e-06,150,0.997050397518265
"Bifrost",149,1,83,58991,8791122,1.6951738400773e-05,9.44134320966084e-06,151,0.997067349256666
"Bifrost",150,1,48,58991,8791122,1.6951738400773e-05,5.46005390438217e-06,152,0.997084300995067
"Bifrost",151,1,38,58991,8791122,1.6951738400773e-05,4.32254267430255e-06,153,0.997101252733468
"Bifrost",152,1,41,58991,8791122,1.6951738400773e-05,4.66379604332644e-06,154,0.997118204471868
"Bifrost",153,1,33,58991,8791122,1.6951738400773e-05,3.75378705926274e-06,155,0.997135156210269
"Bifrost",154,1,47,58991,8791122,1.6951738400773e-05,5.34630278137421e-06,156,0.99715210794867
"Bifrost",155,1,33,58991,8791122,1.6951738400773e-05,3.75378705926274e-06,157,0.997169059687071
"Bifrost",156,1,33,58991,8791122,1.6951738400773e-05,3.75378705926274e-06,158,0.997186011425471
"Bifrost",157,1,41,58991,8791122,1.6951738400773e-05,4.66379604332644e-06,159,0.997202963163872
"Bifrost",158,1,48,58991,8791122,1.6951738400773e-05,5.46005390438217e-06,160,0.997219914902273
"Bifrost",159,1,1099,58991,8791122,1.6951738400773e-05,0.00012501248418575,161,0.997236866640674
"Bifrost",160,1,600,58991,8791122,1.6951738400773e-05,6.82506738047771e-05,162,0.997253818379075
"Bifrost",161,1,32,58991,8791122,1.6951738400773e-05,3.64003593625478e-06,163,0.997270770117475
"Bifrost",162,1,44,58991,8791122,1.6951738400773e-05,5.00504941235032e-06,164,0.997287721855876
"Bifrost",163,1,2045,58991,8791122,1.6951738400773e-05,0.000232621046551282,165,0.997304673594277
"Bifrost",164,1,782,58991,8791122,1.6951738400773e-05,8.89533781922262e-05,166,0.997321625332678
"Bifrost",165,1,1640,58991,8791122,1.6951738400773e-05,0.000186551841733058,167,0.997338577071078
"Bifrost",166,1,32,58991,8791122,1.6951738400773e-05,3.64003593625478e-06,168,0.997355528809479
"Bifrost",167,1,109,58991,8791122,1.6951738400773e-05,1.23988724078678e-05,169,0.99737248054788
"Bifrost",168,1,33,58991,8791122,1.6951738400773e-05,3.75378705926274e-06,170,0.997389432286281
"Bifrost",169,1,441,58991,8791122,1.6951738400773e-05,5.01642452465112e-05,171,0.997406384024682
"Bifrost",170,1,41,58991,8791122,1.6951738400773e-05,4.66379604332644e-06,172,0.997423335763082
"Bifrost",171,1,34,58991,8791122,1.6951738400773e-05,3.8675381822707e-06,173,0.997440287501483
"Bifrost",172,1,44,58991,8791122,1.6951738400773e-05,5.00504941235032e-06,174,0.997457239239884
"Bifrost",173,1,177,58991,8791122,1.6951738400773e-05,2.01339487724093e-05,175,0.997474190978285
"Bifrost",174,1,176,58991,8791122,1.6951738400773e-05,2.00201976494013e-05,176,0.997491142716685
"Bifrost",175,1,100,58991,8791122,1.6951738400773e-05,1.13751123007962e-05,177,0.997508094455086
"Bifrost",176,1,35,58991,8791122,1.6951738400773e-05,3.98128930527867e-06,178,0.997525046193487
"Bifrost",177,1,42,58991,8791122,1.6951738400773e-05,4.7775471663344e-06,179,0.997541997931888
"Bifrost",178,1,81,58991,8791122,1.6951738400773e-05,9.21384096364491e-06,180,0.997558949670288
"Bifrost",179,1,99,58991,8791122,1.6951738400773e-05,1.12613611777882e-05,181,0.997575901408689
"Bifrost",180,1,71,58991,8791122,1.6951738400773e-05,8.0763297335653e-06,182,0.99759285314709
"Bifrost",181,1,52,58991,8791122,1.6951738400773e-05,5.91505839641402e-06,183,0.997609804885491
"Bifrost",182,1,152,58991,8791122,1.6951738400773e-05,1.72901706972102e-05,184,0.997626756623892
"Bifrost",183,1,32,58991,8791122,1.6951738400773e-05,3.64003593625478e-06,185,0.997643708362292
"Bifrost",184,1,45,58991,8791122,1.6951738400773e-05,5.11880053535829e-06,186,0.997660660100693
"Bifrost",185,1,59,58991,8791122,1.6951738400773e-05,6.71131625746975e-06,187,0.997677611839094
"Bifrost",186,1,35,58991,8791122,1.6951738400773e-05,3.98128930527867e-06,188,0.997694563577495
"Bifrost",187,1,32,58991,8791122,1.6951738400773e-05,3.64003593625478e-06,189,0.997711515315895
"Bifrost",188,1,803,58991,8791122,1.6951738400773e-05,9.13421517753934e-05,190,0.997728467054296
"Bifrost",189,1,2250,58991,8791122,1.6951738400773e-05,0.000255940026767914,191,0.997745418792697
"Bifrost",190,1,722,58991,8791122,1.6951738400773e-05,8.21283108117485e-05,192,0.997762370531098
"Bifrost",191,1,281,58991,8791122,1.6951738400773e-05,3.19640655652373e-05,193,0.997779322269499
"Bifrost",192,1,65,58991,8791122,1.6951738400773e-05,7.39382299551752e-06,194,0.997796274007899
"Bifrost",193,1,129,58991,8791122,1.6951738400773e-05,1.46738948680271e-05,195,0.9978132257463
"Bifrost",194,1,46,58991,8791122,1.6951738400773e-05,5.23255165836625e-06,196,0.997830177484701
"Bifrost",195,1,58,58991,8791122,1.6951738400773e-05,6.59756513446179e-06,197,0.997847129223102
"Bifrost",196,1,57,58991,8791122,1.6951738400773e-05,6.48381401145383e-06,198,0.997864080961502
"Bifrost",197,1,2860,58991,8791122,1.6951738400773e-05,0.000325328211802771,199,0.997881032699903
"Bifrost",198,1,909,58991,8791122,1.6951738400773e-05,0.000103399770814237,200,0.997897984438304
"Bifrost",199,1,272,58991,8791122,1.6951738400773e-05,3.09403054581656e-05,201,0.997914936176705
"Bifrost",200,1,1895,58991,8791122,1.6951738400773e-05,0.000215558378100088,202,0.997931887915105
"Bifrost",201,1,46,58991,8791122,1.6951738400773e-05,5.23255165836625e-06,203,0.997948839653506
"Bifrost",202,1,703,58991,8791122,1.6951738400773e-05,7.99670394745972e-05,204,0.997965791391907
"Bifrost",203,1,92,58991,8791122,1.6951738400773e-05,1.04651033167325e-05,205,0.997982743130308
"Bifrost",204,1,35,58991,8791122,1.6951738400773e-05,3.98128930527867e-06,206,0.997999694868709
"Bifrost",205,1,45,58991,8791122,1.6951738400773e-05,5.11880053535829e-06,207,0.998016646607109
"Bifrost",206,1,37,58991,8791122,1.6951738400773e-05,4.20879155129459e-06,208,0.99803359834551
"Bifrost",207,1,33,58991,8791122,1.6951738400773e-05,3.75378705926274e-06,209,0.998050550083911
"Bifrost",208,1,120,58991,8791122,1.6951738400773e-05,1.36501347609554e-05,210,0.998067501822312
"Bifrost",209,1,183,58991,8791122,1.6951738400773e-05,2.0816455510457e-05,211,0.998084453560712
"Bifrost",210,1,76,58991,8791122,1.6951738400773e-05,8.6450853486051e-06,212,0.998101405299113
"Bifrost",211,1,43,58991,8791122,1.6951738400773e-05,4.89129828934236e-06,213,0.998118357037514
"Bifrost",212,1,411,58991,8791122,1.6951738400773e-05,4.67517115562723e-05,214,0.998135308775915
"Bifrost",213,1,36,58991,8791122,1.6951738400773e-05,4.09504042828663e-06,215,0.998152260514315
"Bifrost",214,1,35,58991,8791122,1.6951738400773e-05,3.98128930527867e-06,216,0.998169212252716
"Bifrost",215,1,33,58991,8791122,1.6951738400773e-05,3.75378705926274e-06,217,0.998186163991117
"Bifrost",216,1,155,58991,8791122,1.6951738400773e-05,1.76314240662341e-05,218,0.998203115729518
"Bifrost",217,1,46,58991,8791122,1.6951738400773e-05,5.23255165836625e-06,219,0.998220067467919
"Bifrost",218,1,107,58991,8791122,1.6951738400773e-05,1.21713701618519e-05,220,0.998237019206319
"Bifrost",219,1,121,58991,8791122,1.6951738400773e-05,1.37638858839634e-05,221,0.99825397094472
"Bifrost",220,1,57,58991,8791122,1.6951738400773e-05,6.48381401145383e-06,222,0.998270922683121
"Bifrost",221,1,172,58991,8791122,1.6951738400773e-05,1.95651931573694e-05,223,0.998287874421522
"Bifrost",222,1,36,58991,8791122,1.6951738400773e-05,4.09504042828663e-06,224,0.998304826159922
"Bifrost",223,1,36,58991,8791122,1.6951738400773e-05,4.09504042828663e-06,225,0.998321777898323
"Bifrost",224,1,34,58991,8791122,1.6951738400773e-05,3.8675381822707e-06,226,0.998338729636724
"Bifrost",225,1,38,58991,8791122,1.6951738400773e-05,4.32254267430255e-06,227,0.998355681375125
"Bifrost",226,1,50,58991,8791122,1.6951738400773e-05,5.6875561503981e-06,228,0.998372633113526
"Bifrost",227,1,33,58991,8791122,1.6951738400773e-05,3.75378705926274e-06,229,0.998389584851926
"Bifrost",228,1,33,58991,8791122,1.6951738400773e-05,3.75378705926274e-06,230,0.998406536590327
"Bifrost",229,1,38,58991,8791122,1.6951738400773e-05,4.32254267430255e-06,231,0.998423488328728
"Bifrost",230,1,38,58991,8791122,1.6951738400773e-05,4.32254267430255e-06,232,0.998440440067129
"Bifrost",231,1,148,58991,8791122,1.6951738400773e-05,1.68351662051784e-05,233,0.998457391805529
"Bifrost",232,1,69,58991,8791122,1.6951738400773e-05,7.84882748754937e-06,234,0.99847434354393
"Bifrost",233,1,62,58991,8791122,1.6951738400773e-05,7.05256962649364e-06,235,0.998491295282331
"Bifrost",234,1,35,58991,8791122,1.6951738400773e-05,3.98128930527867e-06,236,0.998508247020732
"Bifrost",235,1,32,58991,8791122,1.6951738400773e-05,3.64003593625478e-06,237,0.998525198759132
"Bifrost",236,1,50,58991,8791122,1.6951738400773e-05,5.6875561503981e-06,238,0.998542150497533
"Bifrost",237,1,45,58991,8791122,1.6951738400773e-05,5.11880053535829e-06,239,0.998559102235934
"Bifrost",238,1,61,58991,8791122,1.6951738400773e-05,6.93881850348568e-06,240,0.998576053974335
"Bifrost",239,1,78,58991,8791122,1.6951738400773e-05,8.87258759462103e-06,241,0.998593005712736
"Bifrost",240,1,47,58991,8791122,1.6951738400773e-05,5.34630278137421e-06,242,0.998609957451136
"Bifrost",241,1,81,58991,8791122,1.6951738400773e-05,9.21384096364491e-06,243,0.998626909189537
"Bifrost",242,1,43,58991,8791122,1.6951738400773e-05,4.89129828934236e-06,244,0.998643860927938
"Bifrost",243,1,43,58991,8791122,1.6951738400773e-05,4.89129828934236e-06,245,0.998660812666339
"Bifrost",244,1,32,58991,8791122,1.6951738400773e-05,3.64003593625478e-06,246,0.998677764404739
"Bifrost",245,1,41,58991,8791122,1.6951738400773e-05,4.66379604332644e-06,247,0.99869471614314
"Bifrost",246,1,149,58991,8791122,1.6951738400773e-05,1.69489173281863e-05,248,0.998711667881541
"Bifrost",247,1,105,58991,8791122,1.6951738400773e-05,1.1943867915836e-05,249,0.998728619619942
"Bifrost",248,1,56,58991,8791122,1.6951738400773e-05,6.37006288844587e-06,250,0.998745571358343
"Bifrost",249,1,43,58991,8791122,1.6951738400773e-05,4.89129828934236e-06,251,0.998762523096743
"Bifrost",250,1,33,58991,8791122,1.6951738400773e-05,3.75378705926274e-06,252,0.998779474835144
"Bifrost",251,1,38,58991,8791122,1.6951738400773e-05,4.32254267430255e-06,253,0.998796426573545
"Bifrost",252,1,32,58991,8791122,1.6951738400773e-05,3.64003593625478e-06,254,0.998813378311946
"Bifrost",253,1,35,58991,8791122,1.6951738400773e-05,3.98128930527867e-06,255,0.998830330050346
"Bifrost",254,1,43,58991,8791122,1.6951738400773e-05,4.89129828934236e-06,256,0.998847281788747
"Bifrost",255,1,89,58991,8791122,1.6951738400773e-05,1.01238499477086e-05,257,0.998864233527148
"Bifrost",256,1,62,58991,8791122,1.6951738400773e-05,7.05256962649364e-06,258,0.998881185265549
"Bifrost",257,1,35,58991,8791122,1.6951738400773e-05,3.98128930527867e-06,259,0.99889813700395
"Bifrost",258,1,45,58991,8791122,1.6951738400773e-05,5.11880053535829e-06,260,0.99891508874235
"Bifrost",259,1,140,58991,8791122,1.6951738400773e-05,1.59251572211147e-05,261,0.998932040480751
"Bifrost",260,1,38,58991,8791122,1.6951738400773e-05,4.32254267430255e-06,262,0.998948992219152
"Bifrost",261,1,781,58991,8791122,1.6951738400773e-05,8.88396270692182e-05,263,0.998965943957553
"Bifrost",262,1,55,58991,8791122,1.6951738400773e-05,6.2563117654379e-06,264,0.998982895695953
"Bifrost",263,1,39,58991,8791122,1.6951738400773e-05,4.43629379731051e-06,265,0.998999847434354
"Bifrost",264,1,35,58991,8791122,1.6951738400773e-05,3.98128930527867e-06,266,0.999016799172755
"Bifrost",265,1,34,58991,8791122,1.6951738400773e-05,3.8675381822707e-06,267,0.999033750911156
"Bifrost",266,1,34,58991,8791122,1.6951738400773e-05,3.8675381822707e-06,268,0.999050702649556
"Bifrost",267,1,38,58991,8791122,1.6951738400773e-05,4.32254267430255e-06,269,0.999067654387957
"Bifrost",268,1,33,58991,8791122,1.6951738400773e-05,3.75378705926274e-06,270,0.999084606126358
"Bifrost",269,1,41,58991,8791122,1.6951738400773e-05,4.66379604332644e-06,271,0.999101557864759
"Bifrost",270,1,35,58991,8791122,1.6951738400773e-05,3.98128930527867e-06,272,0.99911850960316
"Bifrost",271,1,64,58991,8791122,1.6951738400773e-05,7.28007187250956e-06,273,0.99913546134156
"Bifrost",272,1,38,58991,8791122,1.6951738400773e-05,4.32254267430255e-06,274,0.999152413079961
"Bifrost",273,1,59,58991,8791122,1.6951738400773e-05,6.71131625746975e-06,275,0.999169364818362
"Bifrost",274,1,54,58991,8791122,1.6951738400773e-05,6.14256064242994e-06,276,0.999186316556763
"Bifrost",275,1,53,58991,8791122,1.6951738400773e-05,6.02880951942198e-06,277,0.999203268295163
"Bifrost",276,1,40,58991,8791122,1.6951738400773e-05,4.55004492031848e-06,278,0.999220220033564
"Bifrost",277,1,151,58991,8791122,1.6951738400773e-05,1.71764195742022e-05,279,0.999237171771965
"Bifrost",278,1,101,58991,8791122,1.6951738400773e-05,1.14888634238042e-05,280,0.999254123510366
"Bifrost",279,1,65,58991,8791122,1.6951738400773e-05,7.39382299551752e-06,281,0.999271075248766
"Bifrost",280,1,57,58991,8791122,1.6951738400773e-05,6.48381401145383e-06,282,0.999288026987167
"Bifrost",281,1,89,58991,8791122,1.6951738400773e-05,1.01238499477086e-05,283,0.999304978725568
"Bifrost",282,1,59,58991,8791122,1.6951738400773e-05,6.71131625746975e-06,284,0.999321930463969
"Bifrost",283,1,129,58991,8791122,1.6951738400773e-05,1.46738948680271e-05,285,0.99933888220237
"Bifrost",284,1,93,58991,8791122,1.6951738400773e-05,1.05788544397405e-05,286,0.99935583394077
"Bifrost",285,1,35,58991,8791122,1.6951738400773e-05,3.98128930527867e-06,287,0.999372785679171
"Bifrost",286,1,35,58991,8791122,1.6951738400773e-05,3.98128930527867e-06,288,0.999389737417572
"Bifrost",287,1,32,58991,8791122,1.6951738400773e-05,3.64003593625478e-06,289,0.999406689155973
"Bifrost",288,1,38,58991,8791122,1.6951738400773e-05,4.32254267430255e-06,290,0.999423640894373
"Bifrost",289,1,53,58991,8791122,1.6951738400773e-05,6.02880951942198e-06,291,0.999440592632774
"Bifrost",290,1,58,58991,8791122,1.6951738400773e-05,6.59756513446179e-06,292,0.999457544371175
"Bifrost",291,1,138,58991,8791122,1.6951738400773e-05,1.56976549750987e-05,293,0.999474496109576
"Bifrost",292,1,1218,58991,8791122,1.6951738400773e-05,0.000138548867823698,294,0.999491447847976
"Bifrost",293,1,52,58991,8791122,1.6951738400773e-05,5.91505839641402e-06,295,0.999508399586377
"Bifrost",294,1,53,58991,8791122,1.6951738400773e-05,6.02880951942198e-06,296,0.999525351324778
"Bifrost",295,1,65,58991,8791122,1.6951738400773e-05,7.39382299551752e-06,297,0.999542303063179
"Bifrost",297,1,69,58991,8791122,1.6951738400773e-05,7.84882748754937e-06,298,0.99955925480158
"Bifrost",298,1,32,58991,8791122,1.6951738400773e-05,3.64003593625478e-06,299,0.99957620653998
"Bifrost",299,1,166,58991,8791122,1.6951738400773e-05,1.88826864193217e-05,300,0.999593158278381
"Bifrost",300,1,65,58991,8791122,1.6951738400773e-05,7.39382299551752e-06,301,0.999610110016782
"Bifrost",301,1,33,58991,8791122,1.6951738400773e-05,3.75378705926274e-06,302,0.999627061755183
"Bifrost",302,1,34,58991,8791122,1.6951738400773e-05,3.8675381822707e-06,303,0.999644013493583
"Bifrost",303,1,36,58991,8791122,1.6951738400773e-05,4.09504042828663e-06,304,0.999660965231984
"Bifrost",304,1,46,58991,8791122,1.6951738400773e-05,5.23255165836625e-06,305,0.999677916970385
"Bifrost",305,1,35,58991,8791122,1.6951738400773e-05,3.98128930527867e-06,306,0.999694868708786
"Bifrost",306,1,60,58991,8791122,1.6951738400773e-05,6.82506738047771e-06,307,0.999711820447187
"Bifrost",307,1,70,58991,8791122,1.6951738400773e-05,7.96257861055733e-06,308,0.999728772185587
"Bifrost",308,1,34,58991,8791122,1.6951738400773e-05,3.8675381822707e-06,309,0.999745723923988
"Bifrost",309,1,32,58991,8791122,1.6951738400773e-05,3.64003593625478e-06,310,0.999762675662389
"Bifrost",310,1,32,58991,8791122,1.6951738400773e-05,3.64003593625478e-06,311,0.99977962740079
"Bifrost",311,1,31,58991,8791122,1.6951738400773e-05,3.52628481324682e-06,312,0.99979657913919
"Bifrost",312,1,31,58991,8791122,1.6951738400773e-05,3.52628481324682e-06,313,0.999813530877591
"Bifrost",313,1,31,58991,8791122,1.6951738400773e-05,3.52628481324682e-06,314,0.999830482615992
"Bifrost",314,1,31,58991,8791122,1.6951738400773e-05,3.52628481324682e-06,315,0.999847434354393
"Bifrost",315,1,31,58991,8791122,1.6951738400773e-05,3.52628481324682e-06,316,0.999864386092793
"Bifrost",316,1,31,58991,8791122,1.6951738400773e-05,3.52628481324682e-06,317,0.999881337831194
"Bifrost",317,1,31,58991,8791122,1.6951738400773e-05,3.52628481324682e-06,318,0.999898289569595
"Bifrost",318,1,31,58991,8791122,1.6951738400773e-05,3.52628481324682e-06,319,0.999915241307996
"Bifrost",319,1,31,58991,8791122,1.6951738400773e-05,3.52628481324682e-06,320,0.999932193046397
"Bifrost",320,1,31,58991,8791122,1.6951738400773e-05,3.52628481324682e-06,321,0.999949144784797
"Bifrost",321,1,31,58991,8791122,1.6951738400773e-05,3.52628481324682e-06,322,0.999966096523198
"Bifrost",322,1,31,58991,8791122,1.6951738400773e-05,3.52628481324682e-06,323,0.999983048261599
"Bifrost",323,1,31,58991,8791122,1.6951738400773e-05,3.52628481324682e-06,324,1
"Cuttlefish",0,117186,11628689,117196,11631772,0.999914672855729,0.999734950100466,1,0.999914672855729
"Cuttlefish",1,10,3083,117196,11631772,8.53271442711355e-05,0.000265049899533794,2,1
"PPanGGOLiN",0,7103,6049585,7148,6077061,0.99370453273643,0.995478735526927,1,0.99370453273643
"PPanGGOLiN",1,30,14616,7148,6077061,0.00419697817571349,0.00240510997009903,2,0.997901510912143
"PPanGGOLiN",2,13,11848,7148,6077061,0.00181869054280918,0.00194962663695494,3,0.999720201454952
"PPanGGOLiN",3,2,1012,7148,6077061,0.000279798545047566,0.000166527866019446,4,1
"Panaroo",0,8714,7071408,8740,7084506,0.997025171624714,0.998151176666376,1,0.997025171624714
"Panaroo",1,12,6549,8740,7084506,0.00137299771167048,0.000924411666812054,2,0.998398169336384
"Panaroo",3,8,3912,8740,7084506,0.00091533180778032,0.000552190936107613,3,0.999313501144165
"Panaroo",2,4,1887,8740,7084506,0.00045766590389016,0.000266355903996694,4,0.999771167048055
"Panaroo",4,1,369,8740,7084506,0.00011441647597254,5.20854947402119e-05,5,0.999885583524027
"Panaroo",5,1,381,8740,7084506,0.00011441647597254,5.37793319675359e-05,6,1
"Pangraph",0,1232,5915707,1667,6123287,0.739052189562088,0.966099906798424,1,0.739052189562088
"Pangraph",6,103,142720,1667,6123287,0.0617876424715057,0.0233077430471575,2,0.800839832033593
"Pangraph",56,3,12440,1667,6123287,0.0017996400719856,0.00203158858959249,3,0.802639472105579
"Pangraph",1,1,183,1667,6123287,0.000599880023995201,2.98859093163525e-05,4,0.803239352129574
"Pangraph",2,1,124,1667,6123287,0.000599880023995201,2.02505615039765e-05,5,0.80383923215357
"Pangraph",3,1,175,1667,6123287,0.000599880023995201,2.85794214773862e-05,6,0.804439112177565
"Pangraph",4,1,119,1667,6123287,0.000599880023995201,1.94340066046226e-05,7,0.80503899220156
"Pangraph",5,1,118,1667,6123287,0.000599880023995201,1.92706956247519e-05,8,0.805638872225555
"Pangraph",7,1,41,1667,6123287,0.000599880023995201,6.69575017470192e-06,9,0.80623875224955
"Pangraph",8,1,4091,1667,6123287,0.000599880023995201,0.000668105218651355,10,0.806838632273546
"Pangraph",9,1,134,1667,6123287,0.000599880023995201,2.18836713026843e-05,11,0.807438512297541
"Pangraph",10,1,126,1667,6123287,0.000599880023995201,2.05771834637181e-05,12,0.808038392321536
"Pangraph",11,1,107,1667,6123287,0.000599880023995201,1.74742748461733e-05,13,0.808638272345531
"Pangraph",12,1,170,1667,6123287,0.000599880023995201,2.77628665780324e-05,14,0.809238152369527
"Pangraph",13,1,113,1667,6123287,0.000599880023995201,1.8454140725398e-05,15,0.809838032393522
"Pangraph",14,1,141,1667,6123287,0.000599880023995201,2.30268481617798e-05,16,0.810437912417517
"Pangraph",15,1,130,1667,6123287,0.000599880023995201,2.12304273832012e-05,17,0.811037792441512
"Pangraph",16,1,141,1667,6123287,0.000599880023995201,2.30268481617798e-05,18,0.811637672465508
"Pangraph",17,1,169,1667,6123287,0.000599880023995201,2.75995555981616e-05,19,0.812237552489503
"Pangraph",18,1,101,1667,6123287,0.000599880023995201,1.64944089669486e-05,20,0.812837432513498
"Pangraph",19,1,131,1667,6123287,0.000599880023995201,2.1393738363072e-05,21,0.813437312537493
"Pangraph",20,1,126,1667,6123287,0.000599880023995201,2.05771834637181e-05,22,0.814037192561489
"Pangraph",21,1,100,1667,6123287,0.000599880023995201,1.63310979870779e-05,23,0.814637072585484
"Pangraph",22,1,134,1667,6123287,0.000599880023995201,2.18836713026843e-05,24,0.815236952609479
"Pangraph",23,1,145,1667,6123287,0.000599880023995201,2.36800920812629e-05,25,0.815836832633474
"Pangraph",24,1,105,1667,6123287,0.000599880023995201,1.71476528864317e-05,26,0.81643671265747
"Pangraph",25,1,104,1667,6123287,0.000599880023995201,1.6984341906561e-05,27,0.817036592681465
"Pangraph",26,1,113,1667,6123287,0.000599880023995201,1.8454140725398e-05,28,0.81763647270546
"Pangraph",27,1,123,1667,6123287,0.000599880023995201,2.00872505241058e-05,29,0.818236352729455
"Pangraph",28,1,164,1667,6123287,0.000599880023995201,2.67830006988077e-05,30,0.818836232753451
"Pangraph",29,1,147,1667,6123287,0.000599880023995201,2.40067140410044e-05,31,0.819436112777446
"Pangraph",30,1,155,1667,6123287,0.000599880023995201,2.53132018799707e-05,32,0.820035992801441
"Pangraph",31,1,101,1667,6123287,0.000599880023995201,1.64944089669486e-05,33,0.820635872825436
"Pangraph",32,1,197,1667,6123287,0.000599880023995201,3.21722630345434e-05,34,0.821235752849432
"Pangraph",33,1,115,1667,6123287,0.000599880023995201,1.87807626851395e-05,35,0.821835632873427
"Pangraph",34,1,105,1667,6123287,0.000599880023995201,1.71476528864317e-05,36,0.822435512897422
"Pangraph",35,1,127,1667,6123287,0.000599880023995201,2.07404944435889e-05,37,0.823035392921417
"Pangraph",36,1,154,1667,6123287,0.000599880023995201,2.51498909000999e-05,38,0.823635272945413
"Pangraph",37,1,157,1667,6123287,0.000599880023995201,2.56398238397122e-05,39,0.824235152969408
"Pangraph",38,1,101,1667,6123287,0.000599880023995201,1.64944089669486e-05,40,0.824835032993403
"Pangraph",39,1,102,1667,6123287,0.000599880023995201,1.66577199468194e-05,41,0.825434913017398
"Pangraph",40,1,113,1667,6123287,0.000599880023995201,1.8454140725398e-05,42,0.826034793041394
"Pangraph",41,1,132,1667,6123287,0.000599880023995201,2.15570493429428e-05,43,0.826634673065389
"Pangraph",42,1,109,1667,6123287,0.000599880023995201,1.78008968059149e-05,44,0.827234553089384
"Pangraph",43,1,111,1667,6123287,0.000599880023995201,1.81275187656564e-05,45,0.827834433113379
"Pangraph",44,1,103,1667,6123287,0.000599880023995201,1.68210309266902e-05,46,0.828434313137375
"Pangraph",45,1,123,1667,6123287,0.000599880023995201,2.00872505241058e-05,47,0.82903419316137
"Pangraph",46,1,138,1667,6123287,0.000599880023995201,2.25369152221674e-05,48,0.829634073185365
"Pangraph",47,1,149,1667,6123287,0.000599880023995201,2.4333336000746e-05,49,0.83023395320936
"Pangraph",48,1,186,1667,6123287,0.000599880023995201,3.03758422559648e-05,50,0.830833833233356
"Pangraph",49,1,105,1667,6123287,0.000599880023995201,1.71476528864317e-05,51,0.831433713257351
"Pangraph",50,1,112,1667,6123287,0.000599880023995201,1.82908297455272e-05,52,0.832033593281346
"Pangraph",51,1,111,1667,6123287,0.000599880023995201,1.81275187656564e-05,53,0.832633473305341
"Pangraph",52,1,166,1667,6123287,0.000599880023995201,2.71096226585492e-05,54,0.833233353329337
"Pangraph",53,1,102,1667,6123287,0.000599880023995201,1.66577199468194e-05,55,0.833833233353332
"Pangraph",54,1,141,1667,6123287,0.000599880023995201,2.30268481617798e-05,56,0.834433113377327
"Pangraph",55,1,150,1667,6123287,0.000599880023995201,2.44966469806168e-05,57,0.835032993401322
"Pangraph",57,1,113,1667,6123287,0.000599880023995201,1.8454140725398e-05,58,0.835632873425318
"Pangraph",58,1,126,1667,6123287,0.000599880023995201,2.05771834637181e-05,59,0.836232753449313
"Pangraph",59,1,124,1667,6123287,0.000599880023995201,2.02505615039765e-05,60,0.836832633473308
"Pangraph",60,1,157,1667,6123287,0.000599880023995201,2.56398238397122e-05,61,0.837432513497303
"Pangraph",61,1,76,1667,6123287,0.000599880023995201,1.24116344701792e-05,62,0.838032393521299
"Pangraph",62,1,127,1667,6123287,0.000599880023995201,2.07404944435889e-05,63,0.838632273545294
"Pangraph",63,1,179,1667,6123287,0.000599880023995201,2.92326653968694e-05,64,0.839232153569289
"Pangraph",64,1,132,1667,6123287,0.000599880023995201,2.15570493429428e-05,65,0.839832033593284
"Pangraph",65,1,122,1667,6123287,0.000599880023995201,1.9923939544235e-05,66,0.84043191361728
"Pangraph",66,1,113,1667,6123287,0.000599880023995201,1.8454140725398e-05,67,0.841031793641275
"Pangraph",67,1,16,1667,6123287,0.000599880023995201,2.61297567793246e-06,68,0.84163167366527
"Pangraph",68,1,174,1667,6123287,0.000599880023995201,2.84161104975155e-05,69,0.842231553689265
"Pangraph",69,1,176,1667,6123287,0.000599880023995201,2.8742732457257e-05,70,0.84283143371326
"Pangraph",70,1,195,1667,6123287,0.000599880023995201,3.18456410748018e-05,71,0.843431313737256
"Pangraph",71,1,162,1667,6123287,0.000599880023995201,2.64563787390661e-05,72,0.844031193761251
"Pangraph",72,1,145,1667,6123287,0.000599880023995201,2.36800920812629e-05,73,0.844631073785246
"Pangraph",73,1,146,1667,6123287,0.000599880023995201,2.38434030611337e-05,74,0.845230953809242
"Pangraph",74,1,159,1667,6123287,0.000599880023995201,2.59664457994538e-05,75,0.845830833833237
"Pangraph",75,1,126,1667,6123287,0.000599880023995201,2.05771834637181e-05,76,0.846430713857232
"Pangraph",76,1,163,1667,6123287,0.000599880023995201,2.66196897189369e-05,77,0.847030593881227
"Pangraph",77,1,145,1667,6123287,0.000599880023995201,2.36800920812629e-05,78,0.847630473905223
"Pangraph",78,1,175,1667,6123287,0.000599880023995201,2.85794214773862e-05,79,0.848230353929218
"Pangraph",79,1,140,1667,6123287,0.000599880023995201,2.2863537181909e-05,80,0.848830233953213
"Pangraph",80,1,1538,1667,6123287,0.000599880023995201,0.000251172287041257,81,0.849430113977208
"Pangraph",81,1,192,1667,6123287,0.000599880023995201,3.13557081351895e-05,82,0.850029994001203
"Pangraph",82,1,124,1667,6123287,0.000599880023995201,2.02505615039765e-05,83,0.850629874025199
"Pangraph",83,1,199,1667,6123287,0.000599880023995201,3.24988849942849e-05,84,0.851229754049194
"Pangraph",84,1,122,1667,6123287,0.000599880023995201,1.9923939544235e-05,85,0.851829634073189
"Pangraph",85,1,129,1667,6123287,0.000599880023995201,2.10671164033304e-05,86,0.852429514097184
"Pangraph",86,1,115,1667,6123287,0.000599880023995201,1.87807626851395e-05,87,0.85302939412118
"Pangraph",87,1,143,1667,6123287,0.000599880023995201,2.33534701215213e-05,88,0.853629274145175
"Pangraph",88,1,195,1667,6123287,0.000599880023995201,3.18456410748018e-05,89,0.85422915416917
"Pangraph",89,1,111,1667,6123287,0.000599880023995201,1.81275187656564e-05,90,0.854829034193165
"Pangraph",90,1,116,1667,6123287,0.000599880023995201,1.89440736650103e-05,91,0.855428914217161
"Pangraph",91,1,123,1667,6123287,0.000599880023995201,2.00872505241058e-05,92,0.856028794241156
"Pangraph",92,1,125,1667,6123287,0.000599880023995201,2.04138724838473e-05,93,0.856628674265151
"Pangraph",93,1,111,1667,6123287,0.000599880023995201,1.81275187656564e-05,94,0.857228554289146
"Pangraph",94,1,137,1667,6123287,0.000599880023995201,2.23736042422967e-05,95,0.857828434313142
"Pangraph",95,1,105,1667,6123287,0.000599880023995201,1.71476528864317e-05,96,0.858428314337137
"Pangraph",96,1,114,1667,6123287,0.000599880023995201,1.86174517052688e-05,97,0.859028194361132
"Pangraph",97,1,162,1667,6123287,0.000599880023995201,2.64563787390661e-05,98,0.859628074385127
"Pangraph",98,1,113,1667,6123287,0.000599880023995201,1.8454140725398e-05,99,0.860227954409123
"Pangraph",99,1,175,1667,6123287,0.000599880023995201,2.85794214773862e-05,100,0.860827834433118
"Pangraph",100,1,116,1667,6123287,0.000599880023995201,1.89440736650103e-05,101,0.861427714457113
"Pangraph",101,1,125,1667,6123287,0.000599880023995201,2.04138724838473e-05,102,0.862027594481108
"Pangraph",102,1,147,1667,6123287,0.000599880023995201,2.40067140410044e-05,103,0.862627474505104
"Pangraph",103,1,185,1667,6123287,0.000599880023995201,3.0212531276094e-05,104,0.863227354529099
"Pangraph",104,1,100,1667,6123287,0.000599880023995201,1.63310979870779e-05,105,0.863827234553094
"Pangraph",105,1,170,1667,6123287,0.000599880023995201,2.77628665780324e-05,106,0.864427114577089
"Pangraph",106,1,166,1667,6123287,0.000599880023995201,2.71096226585492e-05,107,0.865026994601085
"Pangraph",107,1,35,1667,6123287,0.000599880023995201,5.71588429547725e-06,108,0.86562687462508
"Pangraph",108,1,161,1667,6123287,0.000599880023995201,2.62930677591953e-05,109,0.866226754649075
"Pangraph",109,1,114,1667,6123287,0.000599880023995201,1.86174517052688e-05,110,0.86682663467307
"Pangraph",110,1,117,1667,6123287,0.000599880023995201,1.91073846448811e-05,111,0.867426514697066
"Pangraph",111,1,131,1667,6123287,0.000599880023995201,2.1393738363072e-05,112,0.868026394721061
"Pangraph",112,1,105,1667,6123287,0.000599880023995201,1.71476528864317e-05,113,0.868626274745056
"Pangraph",113,1,111,1667,6123287,0.000599880023995201,1.81275187656564e-05,114,0.869226154769051
"Pangraph",114,1,122,1667,6123287,0.000599880023995201,1.9923939544235e-05,115,0.869826034793047
"Pangraph",115,1,186,1667,6123287,0.000599880023995201,3.03758422559648e-05,116,0.870425914817042
"Pangraph",116,1,124,1667,6123287,0.000599880023995201,2.02505615039765e-05,117,0.871025794841037
"Pangraph",117,1,127,1667,6123287,0.000599880023995201,2.07404944435889e-05,118,0.871625674865032
"Pangraph",118,1,108,1667,6123287,0.000599880023995201,1.76375858260441e-05,119,0.872225554889028
"Pangraph",119,1,168,1667,6123287,0.000599880023995201,2.74362446182908e-05,120,0.872825434913023
"Pangraph",120,1,124,1667,6123287,0.000599880023995201,2.02505615039765e-05,121,0.873425314937018
"Pangraph",121,1,107,1667,6123287,0.000599880023995201,1.74742748461733e-05,122,0.874025194961013
"Pangraph",122,1,156,1667,6123287,0.000599880023995201,2.54765128598415e-05,123,0.874625074985009
"Pangraph",123,1,104,1667,6123287,0.000599880023995201,1.6984341906561e-05,124,0.875224955009004
"Pangraph",124,1,132,1667,6123287,0.000599880023995201,2.15570493429428e-05,125,0.875824835032999
"Pangraph",125,1,174,1667,6123287,0.000599880023995201,2.84161104975155e-05,126,0.876424715056994
"Pangraph",126,1,177,1667,6123287,0.000599880023995201,2.89060434371278e-05,127,0.87702459508099
"Pangraph",127,1,113,1667,6123287,0.000599880023995201,1.8454140725398e-05,128,0.877624475104985
"Pangraph",128,1,190,1667,6123287,0.000599880023995201,3.10290861754479e-05,129,0.87822435512898
"Pangraph",129,1,146,1667,6123287,0.000599880023995201,2.38434030611337e-05,130,0.878824235152975
"Pangraph",130,1,139,1667,6123287,0.000599880023995201,2.27002262020382e-05,131,0.879424115176971
"Pangraph",131,1,101,1667,6123287,0.000599880023995201,1.64944089669486e-05,132,0.880023995200966
"Pangraph",132,1,132,1667,6123287,0.000599880023995201,2.15570493429428e-05,133,0.880623875224961
"Pangraph",133,1,176,1667,6123287,0.000599880023995201,2.8742732457257e-05,134,0.881223755248956
"Pangraph",134,1,125,1667,6123287,0.000599880023995201,2.04138724838473e-05,135,0.881823635272952
"Pangraph",135,1,114,1667,6123287,0.000599880023995201,1.86174517052688e-05,136,0.882423515296947
"Pangraph",136,1,151,1667,6123287,0.000599880023995201,2.46599579604876e-05,137,0.883023395320942
"Pangraph",137,1,178,1667,6123287,0.000599880023995201,2.90693544169986e-05,138,0.883623275344937
"Pangraph",138,1,139,1667,6123287,0.000599880023995201,2.27002262020382e-05,139,0.884223155368933
"Pangraph",139,1,132,1667,6123287,0.000599880023995201,2.15570493429428e-05,140,0.884823035392928
"Pangraph",140,1,151,1667,6123287,0.000599880023995201,2.46599579604876e-05,141,0.885422915416923
"Pangraph",141,1,171,1667,6123287,0.000599880023995201,2.79261775579031e-05,142,0.886022795440918
"Pangraph",142,1,104,1667,6123287,0.000599880023995201,1.6984341906561e-05,143,0.886622675464914
"Pangraph",143,1,116,1667,6123287,0.000599880023995201,1.89440736650103e-05,144,0.887222555488909
"Pangraph",144,1,106,1667,6123287,0.000599880023995201,1.73109638663025e-05,145,0.887822435512904
"Pangraph",145,1,100,1667,6123287,0.000599880023995201,1.63310979870779e-05,146,0.888422315536899
"Pangraph",146,1,101,1667,6123287,0.000599880023995201,1.64944089669486e-05,147,0.889022195560895
"Pangraph",147,1,175,1667,6123287,0.000599880023995201,2.85794214773862e-05,148,0.88962207558489
"Pangraph",148,1,170,1667,6123287,0.000599880023995201,2.77628665780324e-05,149,0.890221955608885
"Pangraph",149,1,124,1667,6123287,0.000599880023995201,2.02505615039765e-05,150,0.89082183563288
"Pangraph",150,1,124,1667,6123287,0.000599880023995201,2.02505615039765e-05,151,0.891421715656876
"Pangraph",151,1,157,1667,6123287,0.000599880023995201,2.56398238397122e-05,152,0.892021595680871
"Pangraph",152,1,172,1667,6123287,0.000599880023995201,2.80894885377739e-05,153,0.892621475704866
"Pangraph",153,1,85,1667,6123287,0.000599880023995201,1.38814332890162e-05,154,0.893221355728861
"Pangraph",154,1,196,1667,6123287,0.000599880023995201,3.20089520546726e-05,155,0.893821235752857
"Pangraph",155,1,124,1667,6123287,0.000599880023995201,2.02505615039765e-05,156,0.894421115776852
"Pangraph",156,1,130,1667,6123287,0.000599880023995201,2.12304273832012e-05,157,0.895020995800847
"Pangraph",157,1,115,1667,6123287,0.000599880023995201,1.87807626851395e-05,158,0.895620875824842
"Pangraph",158,1,186,1667,6123287,0.000599880023995201,3.03758422559648e-05,159,0.896220755848838
"Pangraph",159,1,145,1667,6123287,0.000599880023995201,2.36800920812629e-05,160,0.896820635872833
"Pangraph",160,1,138,1667,6123287,0.000599880023995201,2.25369152221674e-05,161,0.897420515896828
"Pangraph",161,1,177,1667,6123287,0.000599880023995201,2.89060434371278e-05,162,0.898020395920823
"Pangraph",162,1,140,1667,6123287,0.000599880023995201,2.2863537181909e-05,163,0.898620275944819
"Pangraph",163,1,160,1667,6123287,0.000599880023995201,2.61297567793246e-05,164,0.899220155968814
"Pangraph",164,1,108,1667,6123287,0.000599880023995201,1.76375858260441e-05,165,0.899820035992809
"Pangraph",165,1,129,1667,6123287,0.000599880023995201,2.10671164033304e-05,166,0.900419916016804
"Pangraph",166,1,181,1667,6123287,0.000599880023995201,2.95592873566109e-05,167,0.9010197960408
"Pangraph",167,1,151,1667,6123287,0.000599880023995201,2.46599579604876e-05,168,0.901619676064795
"Pangraph",168,1,148,1667,6123287,0.000599880023995201,2.41700250208752e-05,169,0.90221955608879
"Pangraph",169,1,167,1667,6123287,0.000599880023995201,2.727293363842e-05,170,0.902819436112785
"Pangraph",170,1,166,1667,6123287,0.000599880023995201,2.71096226585492e-05,171,0.90341931613678
"Pangraph",171,1,196,1667,6123287,0.000599880023995201,3.20089520546726e-05,172,0.904019196160776
"Pangraph",172,1,130,1667,6123287,0.000599880023995201,2.12304273832012e-05,173,0.904619076184771
"Pangraph",173,1,118,1667,6123287,0.000599880023995201,1.92706956247519e-05,174,0.905218956208766
"Pangraph",174,1,113,1667,6123287,0.000599880023995201,1.8454140725398e-05,175,0.905818836232761
"Pangraph",175,1,120,1667,6123287,0.000599880023995201,1.95973175844934e-05,176,0.906418716256757
"Pangraph",176,1,166,1667,6123287,0.000599880023995201,2.71096226585492e-05,177,0.907018596280752
"Pangraph",177,1,100,1667,6123287,0.000599880023995201,1.63310979870779e-05,178,0.907618476304747
"Pangraph",178,1,112,1667,6123287,0.000599880023995201,1.82908297455272e-05,179,0.908218356328742
"Pangraph",179,1,24,1667,6123287,0.000599880023995201,3.91946351689869e-06,180,0.908818236352738
"Pangraph",180,1,118,1667,6123287,0.000599880023995201,1.92706956247519e-05,181,0.909418116376733
"Pangraph",181,1,155,1667,6123287,0.000599880023995201,2.53132018799707e-05,182,0.910017996400728
"Pangraph",182,1,139,1667,6123287,0.000599880023995201,2.27002262020382e-05,183,0.910617876424723
"Pangraph",183,1,156,1667,6123287,0.000599880023995201,2.54765128598415e-05,184,0.911217756448719
"Pangraph",184,1,100,1667,6123287,0.000599880023995201,1.63310979870779e-05,185,0.911817636472714
"Pangraph",185,1,115,1667,6123287,0.000599880023995201,1.87807626851395e-05,186,0.912417516496709
"Pangraph",186,1,107,1667,6123287,0.000599880023995201,1.74742748461733e-05,187,0.913017396520704
"Pangraph",187,1,118,1667,6123287,0.000599880023995201,1.92706956247519e-05,188,0.9136172765447
"Pangraph",188,1,140,1667,6123287,0.000599880023995201,2.2863537181909e-05,189,0.914217156568695
"Pangraph",189,1,112,1667,6123287,0.000599880023995201,1.82908297455272e-05,190,0.91481703659269
"Pangraph",190,1,183,1667,6123287,0.000599880023995201,2.98859093163525e-05,191,0.915416916616685
"Pangraph",191,1,131,1667,6123287,0.000599880023995201,2.1393738363072e-05,192,0.916016796640681
"Pangraph",192,1,133,1667,6123287,0.000599880023995201,2.17203603228135e-05,193,0.916616676664676
"Pangraph",193,1,189,1667,6123287,0.000599880023995201,3.08657751955771e-05,194,0.917216556688671
"Pangraph",194,1,180,1667,6123287,0.000599880023995201,2.93959763767401e-05,195,0.917816436712666
"Pangraph",195,1,142,1667,6123287,0.000599880023995201,2.31901591416506e-05,196,0.918416316736662
"Pangraph",196,1,185,1667,6123287,0.000599880023995201,3.0212531276094e-05,197,0.919016196760657
"Pangraph",197,1,107,1667,6123287,0.000599880023995201,1.74742748461733e-05,198,0.919616076784652
"Pangraph",198,1,163,1667,6123287,0.000599880023995201,2.66196897189369e-05,199,0.920215956808647
"Pangraph",199,1,113,1667,6123287,0.000599880023995201,1.8454140725398e-05,200,0.920815836832643
"Pangraph",200,1,147,1667,6123287,0.000599880023995201,2.40067140410044e-05,201,0.921415716856638
"Pangraph",201,1,129,1667,6123287,0.000599880023995201,2.10671164033304e-05,202,0.922015596880633
"Pangraph",202,1,172,1667,6123287,0.000599880023995201,2.80894885377739e-05,203,0.922615476904628
"Pangraph",203,1,133,1667,6123287,0.000599880023995201,2.17203603228135e-05,204,0.923215356928624
"Pangraph",204,1,140,1667,6123287,0.000599880023995201,2.2863537181909e-05,205,0.923815236952619
"Pangraph",205,1,193,1667,6123287,0.000599880023995201,3.15190191150603e-05,206,0.924415116976614
"Pangraph",206,1,129,1667,6123287,0.000599880023995201,2.10671164033304e-05,207,0.925014997000609
"Pangraph",207,1,127,1667,6123287,0.000599880023995201,2.07404944435889e-05,208,0.925614877024605
"Pangraph",208,1,101,1667,6123287,0.000599880023995201,1.64944089669486e-05,209,0.9262147570486
"Pangraph",209,1,119,1667,6123287,0.000599880023995201,1.94340066046226e-05,210,0.926814637072595
"Pangraph",210,1,101,1667,6123287,0.000599880023995201,1.64944089669486e-05,211,0.92741451709659
"Pangraph",211,1,104,1667,6123287,0.000599880023995201,1.6984341906561e-05,212,0.928014397120586
"Pangraph",212,1,113,1667,6123287,0.000599880023995201,1.8454140725398e-05,213,0.928614277144581
"Pangraph",213,1,130,1667,6123287,0.000599880023995201,2.12304273832012e-05,214,0.929214157168576
"Pangraph",214,1,136,1667,6123287,0.000599880023995201,2.22102932624259e-05,215,0.929814037192571
"Pangraph",215,1,107,1667,6123287,0.000599880023995201,1.74742748461733e-05,216,0.930413917216567
"Pangraph",216,1,181,1667,6123287,0.000599880023995201,2.95592873566109e-05,217,0.931013797240562
"Pangraph",217,1,191,1667,6123287,0.000599880023995201,3.11923971553187e-05,218,0.931613677264557
"Pangraph",218,1,155,1667,6123287,0.000599880023995201,2.53132018799707e-05,219,0.932213557288552
"Pangraph",219,1,102,1667,6123287,0.000599880023995201,1.66577199468194e-05,220,0.932813437312548
"Pangraph",220,1,163,1667,6123287,0.000599880023995201,2.66196897189369e-05,221,0.933413317336543
"Pangraph",221,1,105,1667,6123287,0.000599880023995201,1.71476528864317e-05,222,0.934013197360538
"Pangraph",222,1,131,1667,6123287,0.000599880023995201,2.1393738363072e-05,223,0.934613077384533
"Pangraph",223,1,188,1667,6123287,0.000599880023995201,3.07024642157064e-05,224,0.935212957408529
"Pangraph",224,1,101,1667,6123287,0.000599880023995201,1.64944089669486e-05,225,0.935812837432524
"Pangraph",225,1,109,1667,6123287,0.000599880023995201,1.78008968059149e-05,226,0.936412717456519
"Pangraph",226,1,101,1667,6123287,0.000599880023995201,1.64944089669486e-05,227,0.937012597480514
"Pangraph",227,1,174,1667,6123287,0.000599880023995201,2.84161104975155e-05,228,0.93761247750451
"Pangraph",228,1,169,1667,6123287,0.000599880023995201,2.75995555981616e-05,229,0.938212357528505
"Pangraph",229,1,152,1667,6123287,0.000599880023995201,2.48232689403583e-05,230,0.9388122375525
"Pangraph",230,1,187,1667,6123287,0.000599880023995201,3.05391532358356e-05,231,0.939412117576495
"Pangraph",231,1,116,1667,6123287,0.000599880023995201,1.89440736650103e-05,232,0.940011997600491
"Pangraph",232,1,117,1667,6123287,0.000599880023995201,1.91073846448811e-05,233,0.940611877624486
"Pangraph",233,1,102,1667,6123287,0.000599880023995201,1.66577199468194e-05,234,0.941211757648481
"Pangraph",234,1,140,1667,6123287,0.000599880023995201,2.2863537181909e-05,235,0.941811637672476
"Pangraph",235,1,105,1667,6123287,0.000599880023995201,1.71476528864317e-05,236,0.942411517696472
"Pangraph",236,1,179,1667,6123287,0.000599880023995201,2.92326653968694e-05,237,0.943011397720467
"Pangraph",237,1,133,1667,6123287,0.000599880023995201,2.17203603228135e-05,238,0.943611277744462
"Pangraph",238,1,76,1667,6123287,0.000599880023995201,1.24116344701792e-05,239,0.944211157768457
"Pangraph",239,1,100,1667,6123287,0.000599880023995201,1.63310979870779e-05,240,0.944811037792453
"Pangraph",240,1,132,1667,6123287,0.000599880023995201,2.15570493429428e-05,241,0.945410917816448
"Pangraph",241,1,163,1667,6123287,0.000599880023995201,2.66196897189369e-05,242,0.946010797840443
"Pangraph",242,1,161,1667,6123287,0.000599880023995201,2.62930677591953e-05,243,0.946610677864438
"Pangraph",243,1,114,1667,6123287,0.000599880023995201,1.86174517052688e-05,244,0.947210557888434
"Pangraph",244,1,169,1667,6123287,0.000599880023995201,2.75995555981616e-05,245,0.947810437912429
"Pangraph",245,1,189,1667,6123287,0.000599880023995201,3.08657751955771e-05,246,0.948410317936424
"Pangraph",246,1,118,1667,6123287,0.000599880023995201,1.92706956247519e-05,247,0.949010197960419
"Pangraph",247,1,103,1667,6123287,0.000599880023995201,1.68210309266902e-05,248,0.949610077984415
"Pangraph",248,1,162,1667,6123287,0.000599880023995201,2.64563787390661e-05,249,0.95020995800841
"Pangraph",249,1,128,1667,6123287,0.000599880023995201,2.09038054234597e-05,250,0.950809838032405
"Pangraph",250,1,191,1667,6123287,0.000599880023995201,3.11923971553187e-05,251,0.9514097180564
"Pangraph",251,1,145,1667,6123287,0.000599880023995201,2.36800920812629e-05,252,0.952009598080396
"Pangraph",252,1,170,1667,6123287,0.000599880023995201,2.77628665780324e-05,253,0.952609478104391
"Pangraph",253,1,104,1667,6123287,0.000599880023995201,1.6984341906561e-05,254,0.953209358128386
"Pangraph",254,1,178,1667,6123287,0.000599880023995201,2.90693544169986e-05,255,0.953809238152381
"Pangraph",255,1,116,1667,6123287,0.000599880023995201,1.89440736650103e-05,256,0.954409118176377
"Pangraph",256,1,131,1667,6123287,0.000599880023995201,2.1393738363072e-05,257,0.955008998200372
"Pangraph",257,1,109,1667,6123287,0.000599880023995201,1.78008968059149e-05,258,0.955608878224367
"Pangraph",258,1,158,1667,6123287,0.000599880023995201,2.5803134819583e-05,259,0.956208758248362
"Pangraph",259,1,127,1667,6123287,0.000599880023995201,2.07404944435889e-05,260,0.956808638272358
"Pangraph",260,1,105,1667,6123287,0.000599880023995201,1.71476528864317e-05,261,0.957408518296353
"Pangraph",261,1,172,1667,6123287,0.000599880023995201,2.80894885377739e-05,262,0.958008398320348
"Pangraph",262,1,138,1667,6123287,0.000599880023995201,2.25369152221674e-05,263,0.958608278344343
"Pangraph",263,1,117,1667,6123287,0.000599880023995201,1.91073846448811e-05,264,0.959208158368339
"Pangraph",264,1,110,1667,6123287,0.000599880023995201,1.79642077857856e-05,265,0.959808038392334
"Pangraph",265,1,100,1667,6123287,0.000599880023995201,1.63310979870779e-05,266,0.960407918416329
"Pangraph",266,1,136,1667,6123287,0.000599880023995201,2.22102932624259e-05,267,0.961007798440324
"Pangraph",267,1,197,1667,6123287,0.000599880023995201,3.21722630345434e-05,268,0.96160767846432
"Pangraph",268,1,2731,1667,6123287,0.000599880023995201,0.000446002286027096,269,0.962207558488315
"Pangraph",269,1,159,1667,6123287,0.000599880023995201,2.59664457994538e-05,270,0.96280743851231
"Pangraph",270,1,111,1667,6123287,0.000599880023995201,1.81275187656564e-05,271,0.963407318536305
"Pangraph",271,1,163,1667,6123287,0.000599880023995201,2.66196897189369e-05,272,0.9640071985603
"Pangraph",272,1,119,1667,6123287,0.000599880023995201,1.94340066046226e-05,273,0.964607078584296
"Pangraph",273,1,115,1667,6123287,0.000599880023995201,1.87807626851395e-05,274,0.965206958608291
"Pangraph",274,1,111,1667,6123287,0.000599880023995201,1.81275187656564e-05,275,0.965806838632286
"Pangraph",275,1,144,1667,6123287,0.000599880023995201,2.35167811013921e-05,276,0.966406718656281
"Pangraph",276,1,142,1667,6123287,0.000599880023995201,2.31901591416506e-05,277,0.967006598680277
"Pangraph",277,1,100,1667,6123287,0.000599880023995201,1.63310979870779e-05,278,0.967606478704272
"Pangraph",278,1,185,1667,6123287,0.000599880023995201,3.0212531276094e-05,279,0.968206358728267
"Pangraph",279,1,117,1667,6123287,0.000599880023995201,1.91073846448811e-05,280,0.968806238752262
"Pangraph",280,1,117,1667,6123287,0.000599880023995201,1.91073846448811e-05,281,0.969406118776258
"Pangraph",281,1,139,1667,6123287,0.000599880023995201,2.27002262020382e-05,282,0.970005998800253
"Pangraph",282,1,194,1667,6123287,0.000599880023995201,3.1682330094931e-05,283,0.970605878824248
"Pangraph",283,1,192,1667,6123287,0.000599880023995201,3.13557081351895e-05,284,0.971205758848243
"Pangraph",284,1,131,1667,6123287,0.000599880023995201,2.1393738363072e-05,285,0.971805638872239
"Pangraph",285,1,113,1667,6123287,0.000599880023995201,1.8454140725398e-05,286,0.972405518896234
"Pangraph",286,1,102,1667,6123287,0.000599880023995201,1.66577199468194e-05,287,0.973005398920229
"Pangraph",287,1,185,1667,6123287,0.000599880023995201,3.0212531276094e-05,288,0.973605278944224
"Pangraph",288,1,140,1667,6123287,0.000599880023995201,2.2863537181909e-05,289,0.97420515896822
"Pangraph",289,1,112,1667,6123287,0.000599880023995201,1.82908297455272e-05,290,0.974805038992215
"Pangraph",290,1,100,1667,6123287,0.000599880023995201,1.63310979870779e-05,291,0.97540491901621
"Pangraph",291,1,126,1667,6123287,0.000599880023995201,2.05771834637181e-05,292,0.976004799040205
"Pangraph",292,1,100,1667,6123287,0.000599880023995201,1.63310979870779e-05,293,0.976604679064201
"Pangraph",293,1,112,1667,6123287,0.000599880023995201,1.82908297455272e-05,294,0.977204559088196
"Pangraph",294,1,164,1667,6123287,0.000599880023995201,2.67830006988077e-05,295,0.977804439112191
"Pangraph",295,1,149,1667,6123287,0.000599880023995201,2.4333336000746e-05,296,0.978404319136186
"Pangraph",296,1,199,1667,6123287,0.000599880023995201,3.24988849942849e-05,297,0.979004199160182
"Pangraph",297,1,113,1667,6123287,0.000599880023995201,1.8454140725398e-05,298,0.979604079184177
"Pangraph",298,1,137,1667,6123287,0.000599880023995201,2.23736042422967e-05,299,0.980203959208172
"Pangraph",299,1,125,1667,6123287,0.000599880023995201,2.04138724838473e-05,300,0.980803839232167
"Pangraph",300,1,140,1667,6123287,0.000599880023995201,2.2863537181909e-05,301,0.981403719256163
"Pangraph",301,1,129,1667,6123287,0.000599880023995201,2.10671164033304e-05,302,0.982003599280158
"Pangraph",302,1,145,1667,6123287,0.000599880023995201,2.36800920812629e-05,303,0.982603479304153
"Pangraph",303,1,132,1667,6123287,0.000599880023995201,2.15570493429428e-05,304,0.983203359328148
"Pangraph",304,1,118,1667,6123287,0.000599880023995201,1.92706956247519e-05,305,0.983803239352144
"Pangraph",305,1,104,1667,6123287,0.000599880023995201,1.6984341906561e-05,306,0.984403119376139
"Pangraph",306,1,110,1667,6123287,0.000599880023995201,1.79642077857856e-05,307,0.985002999400134
"Pangraph",307,1,116,1667,6123287,0.000599880023995201,1.89440736650103e-05,308,0.985602879424129
"Pangraph",308,1,110,1667,6123287,0.000599880023995201,1.79642077857856e-05,309,0.986202759448125
"Pangraph",309,1,115,1667,6123287,0.000599880023995201,1.87807626851395e-05,310,0.98680263947212
"Pangraph",310,1,155,1667,6123287,0.000599880023995201,2.53132018799707e-05,311,0.987402519496115
"Pangraph",311,1,142,1667,6123287,0.000599880023995201,2.31901591416506e-05,312,0.98800239952011
"Pangraph",312,1,156,1667,6123287,0.000599880023995201,2.54765128598415e-05,313,0.988602279544106
"Pangraph",313,1,122,1667,6123287,0.000599880023995201,1.9923939544235e-05,314,0.989202159568101
"Pangraph",314,1,114,1667,6123287,0.000599880023995201,1.86174517052688e-05,315,0.989802039592096
"Pangraph",315,1,121,1667,6123287,0.000599880023995201,1.97606285643642e-05,316,0.990401919616091
"Pangraph",316,1,102,1667,6123287,0.000599880023995201,1.66577199468194e-05,317,0.991001799640087
"Pangraph",317,1,170,1667,6123287,0.000599880023995201,2.77628665780324e-05,318,0.991601679664082
"Pangraph",318,1,122,1667,6123287,0.000599880023995201,1.9923939544235e-05,319,0.992201559688077
"Pangraph",319,1,153,1667,6123287,0.000599880023995201,2.49865799202291e-05,320,0.992801439712072
"Pangraph",320,1,158,1667,6123287,0.000599880023995201,2.5803134819583e-05,321,0.993401319736068
"Pangraph",321,1,175,1667,6123287,0.000599880023995201,2.85794214773862e-05,322,0.994001199760063
"Pangraph",322,1,117,1667,6123287,0.000599880023995201,1.91073846448811e-05,323,0.994601079784058
"Pangraph",323,1,112,1667,6123287,0.000599880023995201,1.82908297455272e-05,324,0.995200959808053
"Pangraph",324,1,102,1667,6123287,0.000599880023995201,1.66577199468194e-05,325,0.995800839832049
"Pangraph",325,1,159,1667,6123287,0.000599880023995201,2.59664457994538e-05,326,0.996400719856044
"Pangraph",326,1,117,1667,6123287,0.000599880023995201,1.91073846448811e-05,327,0.997000599880039
"Pangraph",327,1,116,1667,6123287,0.000599880023995201,1.89440736650103e-05,328,0.997600479904034
"Pangraph",328,1,188,1667,6123287,0.000599880023995201,3.07024642157064e-05,329,0.99820035992803
"Pangraph",329,1,138,1667,6123287,0.000599880023995201,2.25369152221674e-05,330,0.998800239952025
"Pangraph",330,1,112,1667,6123287,0.000599880023995201,1.82908297455272e-05,331,0.99940011997602
"Pangraph",331,1,112,1667,6123287,0.000599880023995201,1.82908297455272e-05,332,1.00000000000002
"Roary",0,12512,9692175,12574,9725529,0.995069190392874,0.996570469328712,1,0.995069190392874
"Roary",1,38,16947,12574,9725529,0.00302210911404485,0.00174252732165006,2,0.998091299506919
"Roary",5,10,6470,12574,9725529,0.000795291872117067,0.000665259442442668,3,0.998886591379036
"Roary",3,5,4009,12574,9725529,0.000397645936058533,0.000412214081105511,4,0.999284237315095
"Roary",4,4,1991,12574,9725529,0.000318116748846827,0.00020471894125245,5,0.999602354063941
"Roary",6,4,3482,12574,9725529,0.000318116748846827,0.000358026797308403,6,0.999920470812788
"Roary",2,1,455,12574,9725529,7.95291872117067e-05,4.67840875288121e-05,7,1
"ggCaller",0,5790,4925959,7625,6378901,0.759344262295082,0.772226908679097,1,0.759344262295082
"ggCaller",36,155,92290,7625,6378901,0.020327868852459,0.0144680094580555,2,0.779672131147541
"ggCaller",29,143,130902,7625,6378901,0.0187540983606557,0.0205210897613868,3,0.798426229508197
"ggCaller",18,112,80519,7625,6378901,0.0146885245901639,0.0126227072657187,4,0.813114754098361
"ggCaller",6,85,84066,7625,6378901,0.0111475409836066,0.0131787591624325,5,0.824262295081967
"ggCaller",16,79,78000,7625,6378901,0.0103606557377049,0.0122278116559577,6,0.834622950819672
"ggCaller",37,70,68766,7625,6378901,0.00918032786885246,0.0107802268760716,7,0.843803278688525
"ggCaller",26,50,43494,7625,6378901,0.00655737704918033,0.00681841589954132,8,0.850360655737705
"ggCaller",31,45,39921,7625,6378901,0.0059016393442623,0.00625828806560879,9,0.856262295081967
"ggCaller",52,45,39393,7625,6378901,0.0059016393442623,0.00617551518670693,10,0.86216393442623
"ggCaller",9,43,25383,7625,6378901,0.00563934426229508,0.00397921209311761,11,0.867803278688525
"ggCaller",25,39,36711,7625,6378901,0.00511475409836066,0.0057550665859213,12,0.872918032786885
"ggCaller",10,37,42441,7625,6378901,0.00485245901639344,0.00665334044218589,13,0.877770491803279
"ggCaller",13,30,30966,7625,6378901,0.0039344262295082,0.00485444122741519,14,0.881704918032787
"ggCaller",8,26,26286,7625,6378901,0.00340983606557377,0.00412077252805773,15,0.885114754098361
"ggCaller",4,23,24630,7625,6378901,0.00301639344262295,0.00386116668059279,16,0.888131147540984
"ggCaller",28,21,25227,7625,6378901,0.00275409836065574,0.00395475646980569,17,0.890885245901639
"ggCaller",45,20,20331,7625,6378901,0.00262295081967213,0.0031872261381702,18,0.893508196721312
"ggCaller",80,20,17193,7625,6378901,0.00262295081967213,0.00269529186924205,19,0.896131147540984
"ggCaller",27,16,16542,7625,6378901,0.0020983606557377,0.00259323667195964,20,0.898229508196721
"ggCaller",47,13,13695,7625,6378901,0.00170491803278689,0.00214692154651718,21,0.899934426229508
"ggCaller",5,12,15588,7625,6378901,0.00157377049180328,0.00244368112939831,22,0.901508196721312
"ggCaller",284,12,6747,7625,6378901,0.00157377049180328,0.00105770570824034,23,0.903081967213115
"ggCaller",19,10,8850,7625,6378901,0.00131147540983607,0.00138738632250289,24,0.904393442622951
"ggCaller",72,10,6189,7625,6378901,0.00131147540983607,0.00097022982485541,25,0.905704918032787
"ggCaller",1,9,19941,7625,6378901,0.00118032786885246,0.00312608707989041,26,0.90688524590164
"ggCaller",3,9,12060,7625,6378901,0.00118032786885246,0.00189060780219038,27,0.908065573770492
"ggCaller",20,9,8052,7625,6378901,0.00118032786885246,0.00126228640325348,28,0.909245901639344
"ggCaller",71,9,6813,7625,6378901,0.00118032786885246,0.00106805231810307,29,0.910426229508197
"ggCaller",96,9,5916,7625,6378901,0.00118032786885246,0.000927432484059558,30,0.911606557377049
"ggCaller",21,8,8301,7625,6378901,0.00104918032786885,0.00130132134046288,31,0.912655737704918
"ggCaller",102,8,5544,7625,6378901,0.00104918032786885,0.000869115228469606,32,0.913704918032787
"ggCaller",123,8,4575,7625,6378901,0.00104918032786885,0.000717208183666748,33,0.914754098360656
"ggCaller",66,7,3882,7625,6378901,0.000918032786885246,0.000608568780108047,34,0.915672131147541
"ggCaller",117,7,3897,7625,6378901,0.000918032786885246,0.000610920282349577,35,0.916590163934426
"ggCaller",177,7,2976,7625,6378901,0.000918032786885246,0.000466538044719616,36,0.917508196721312
"ggCaller",183,6,5994,7625,6378901,0.000786885245901639,0.000939660295715516,37,0.918295081967213
"ggCaller",190,6,2604,7625,6378901,0.000786885245901639,0.000408220789129664,38,0.919081967213115
"ggCaller",48,5,5481,7625,6378901,0.000655737704918033,0.000859238919055179,39,0.919737704918033
"ggCaller",60,5,2820,7625,6378901,0.000655737704918033,0.0004420824214077,40,0.920393442622951
"ggCaller",146,5,2244,7625,6378901,0.000655737704918033,0.000351784735332936,41,0.921049180327869
"ggCaller",296,5,1473,7625,6378901,0.000655737704918033,0.000230917520118277,42,0.921704918032787
"ggCaller",24,4,4635,7625,6378901,0.000524590163934426,0.000726614192632869,43,0.922229508196722
"ggCaller",33,4,4374,7625,6378901,0.000524590163934426,0.000685698053630241,44,0.922754098360656
"ggCaller",50,4,2541,7625,6378901,0.000524590163934426,0.000398344479715236,45,0.92327868852459
"ggCaller",53,4,5115,7625,6378901,0.000524590163934426,0.000801862264361839,46,0.923803278688525
"ggCaller",67,4,3849,7625,6378901,0.000524590163934426,0.00060339547517668,47,0.924327868852459
"ggCaller",115,4,1821,7625,6378901,0.000524590163934426,0.000285472372121781,48,0.924852459016394
"ggCaller",148,4,2415,7625,6378901,0.000524590163934426,0.000378591860886382,49,0.925377049180328
"ggCaller",156,4,2286,7625,6378901,0.000524590163934426,0.000358368941609221,50,0.925901639344263
"ggCaller",245,4,1539,7625,6378901,0.000524590163934426,0.000241264129981011,51,0.926426229508197
"ggCaller",23,3,3864,7625,6378901,0.00039344262295082,0.00060574697741821,52,0.926819672131148
"ggCaller",59,3,3279,7625,6378901,0.00039344262295082,0.000514038389998528,53,0.927213114754099
"ggCaller",132,3,1998,7625,6378901,0.00039344262295082,0.000313220098571839,54,0.92760655737705
"ggCaller",170,3,2133,7625,6378901,0.00039344262295082,0.000334383618745611,55,0.928000000000001
"ggCaller",184,3,3120,7625,6378901,0.00039344262295082,0.000489112466238307,56,0.928393442622951
"ggCaller",196,3,2151,7625,6378901,0.00039344262295082,0.000337205421435448,57,0.928786885245902
"ggCaller",11,2,3732,7625,6378901,0.000262295081967213,0.000585053757692744,58,0.929049180327869
"ggCaller",94,2,1446,7625,6378901,0.000262295081967213,0.000226684816083523,59,0.929311475409837
"ggCaller",114,2,1806,7625,6378901,0.000262295081967213,0.000283120869880251,60,0.929573770491804
"ggCaller",121,2,1650,7625,6378901,0.000262295081967213,0.000258665246568335,61,0.929836065573771
"ggCaller",122,2,2001,7625,6378901,0.000262295081967213,0.000313690399020145,62,0.930098360655738
"ggCaller",147,2,1527,7625,6378901,0.000262295081967213,0.000239382928187787,63,0.930360655737705
"ggCaller",149,2,1494,7625,6378901,0.000262295081967213,0.00023420962325642,64,0.930622950819673
"ggCaller",150,2,1086,7625,6378901,0.000262295081967213,0.000170248762286795,65,0.93088524590164
"ggCaller",159,2,1335,7625,6378901,0.000262295081967213,0.000209283699496198,66,0.931147540983607
"ggCaller",163,2,1881,7625,6378901,0.000262295081967213,0.000294878381087902,67,0.931409836065574
"ggCaller",175,2,1515,7625,6378901,0.000262295081967213,0.000237501726394562,68,0.931672131147541
"ggCaller",201,2,1359,7625,6378901,0.000262295081967213,0.000213046103082647,69,0.931934426229508
"ggCaller",229,2,1092,7625,6378901,0.000262295081967213,0.000171189363183407,70,0.932196721311476
"ggCaller",240,2,987,7625,6378901,0.000262295081967213,0.000154728847492695,71,0.932459016393443
"ggCaller",341,2,498,7625,6378901,0.000262295081967213,7.80698744188066e-05,72,0.93272131147541
"ggCaller",377,2,552,7625,6378901,0.000262295081967213,8.65352824883158e-05,73,0.932983606557377
"ggCaller",558,2,1926,7625,6378901,0.000262295081967213,0.000301932887812493,74,0.933245901639344
"ggCaller",564,2,585,7625,6378901,0.000262295081967213,9.17085874196825e-05,75,0.933508196721311
"ggCaller",2,1,8877,7625,6378901,0.000131147540983607,0.00139161902653764,76,0.933639344262295
"ggCaller",7,1,4560,7625,6378901,0.000131147540983607,0.000714856681425217,77,0.933770491803279
"ggCaller",12,1,3354,7625,6378901,0.000131147540983607,0.00052579590120618,78,0.933901639344262
"ggCaller",14,1,3216,7625,6378901,0.000131147540983607,0.000504162080584101,79,0.934032786885246
"ggCaller",15,1,3135,7625,6378901,0.000131147540983607,0.000491463968479837,80,0.93416393442623
"ggCaller",17,1,3045,7625,6378901,0.000131147540983607,0.000477354955030655,81,0.934295081967213
"ggCaller",22,1,2910,7625,6378901,0.000131147540983607,0.000456191434856882,82,0.934426229508197
"ggCaller",30,1,2628,7625,6378901,0.000131147540983607,0.000411983192716112,83,0.934557377049181
"ggCaller",32,1,2466,7625,6378901,0.000131147540983607,0.000386586968507585,84,0.934688524590164
"ggCaller",34,1,2405,7625,6378901,0.000131147540983607,0.000377024192725361,85,0.934819672131148
"ggCaller",35,1,2394,7625,6378901,0.000131147540983607,0.000375299757748239,86,0.934950819672132
"ggCaller",38,1,2247,7625,6378901,0.000131147540983607,0.000352255035781242,87,0.935081967213115
"ggCaller",39,1,2205,7625,6378901,0.000131147540983607,0.000345670829504957,88,0.935213114754099
"ggCaller",40,1,2199,7625,6378901,0.000131147540983607,0.000344730228608345,89,0.935344262295082
"ggCaller",41,1,2172,7625,6378901,0.000131147540983607,0.00034049752457359,90,0.935475409836066
"ggCaller",42,1,2166,7625,6378901,0.000131147540983607,0.000339556923676978,91,0.93560655737705
"ggCaller",43,1,2076,7625,6378901,0.000131147540983607,0.000325447910227796,92,0.935737704918033
"ggCaller",44,1,2061,7625,6378901,0.000131147540983607,0.000323096407986266,93,0.935868852459017
"ggCaller",46,1,1842,7625,6378901,0.000131147540983607,0.000288764475259923,94,0.936000000000001
"ggCaller",49,1,1746,7625,6378901,0.000131147540983607,0.000273714860914129,95,0.936131147540984
"ggCaller",51,1,1720,7625,6378901,0.000131147540983607,0.000269638923695477,96,0.936262295081968
"ggCaller",54,1,1707,7625,6378901,0.000131147540983607,0.00026760095508615,97,0.936393442622952
"ggCaller",55,1,1689,7625,6378901,0.000131147540983607,0.000264779152396314,98,0.936524590163935
"ggCaller",56,1,1677,7625,6378901,0.000131147540983607,0.00026289795060309,99,0.936655737704919
"ggCaller",57,1,1674,7625,6378901,0.000131147540983607,0.000262427650154784,100,0.936786885245903
"ggCaller",58,1,1665,7625,6378901,0.000131147540983607,0.000261016748809866,101,0.936918032786886
"ggCaller",61,1,1623,7625,6378901,0.000131147540983607,0.000254432542533581,102,0.93704918032787
"ggCaller",62,1,1566,7625,6378901,0.000131147540983607,0.000245496834015765,103,0.937180327868854
"ggCaller",63,1,1557,7625,6378901,0.000131147540983607,0.000244085932670847,104,0.937311475409837
"ggCaller",64,1,1548,7625,6378901,0.000131147540983607,0.000242675031325929,105,0.937442622950821
"ggCaller",65,1,1536,7625,6378901,0.000131147540983607,0.000240793829532705,106,0.937573770491804
"ggCaller",68,1,1500,7625,6378901,0.000131147540983607,0.000235150224153032,107,0.937704918032788
"ggCaller",69,1,1497,7625,6378901,0.000131147540983607,0.000234679923704726,108,0.937836065573772
"ggCaller",70,1,1494,7625,6378901,0.000131147540983607,0.00023420962325642,109,0.937967213114755
"ggCaller",73,1,1413,7625,6378901,0.000131147540983607,0.000221511511152156,110,0.938098360655739
"ggCaller",74,1,1402,7625,6378901,0.000131147540983607,0.000219787076175034,111,0.938229508196723
"ggCaller",75,1,1350,7625,6378901,0.000131147540983607,0.000211635201737729,112,0.938360655737706
"ggCaller",76,1,1344,7625,6378901,0.000131147540983607,0.000210694600841117,113,0.93849180327869
"ggCaller",77,1,1335,7625,6378901,0.000131147540983607,0.000209283699496198,114,0.938622950819674
"ggCaller",78,1,1335,7625,6378901,0.000131147540983607,0.000209283699496198,115,0.938754098360657
"ggCaller",79,1,1332,7625,6378901,0.000131147540983607,0.000208813399047892,116,0.938885245901641
"ggCaller",81,1,1281,7625,6378901,0.000131147540983607,0.000200818291426689,117,0.939016393442625
"ggCaller",82,1,1275,7625,6378901,0.000131147540983607,0.000199877690530077,118,0.939147540983608
"ggCaller",83,1,1275,7625,6378901,0.000131147540983607,0.000199877690530077,119,0.939278688524592
"ggCaller",84,1,1251,7625,6378901,0.000131147540983607,0.000196115286943629,120,0.939409836065575
"ggCaller",85,1,1242,7625,6378901,0.000131147540983607,0.00019470438559871,121,0.939540983606559
"ggCaller",86,1,1242,7625,6378901,0.000131147540983607,0.00019470438559871,122,0.939672131147543
"ggCaller",87,1,1239,7625,6378901,0.000131147540983607,0.000194234085150404,123,0.939803278688526
"ggCaller",88,1,1227,7625,6378901,0.000131147540983607,0.00019235288335718,124,0.93993442622951
"ggCaller",89,1,1224,7625,6378901,0.000131147540983607,0.000191882582908874,125,0.940065573770494
"ggCaller",90,1,1227,7625,6378901,0.000131147540983607,0.00019235288335718,126,0.940196721311477
"ggCaller",91,1,1209,7625,6378901,0.000131147540983607,0.000189531080667344,127,0.940327868852461
"ggCaller",92,1,1209,7625,6378901,0.000131147540983607,0.000189531080667344,128,0.940459016393445
"ggCaller",93,1,1206,7625,6378901,0.000131147540983607,0.000189060780219038,129,0.940590163934428
"ggCaller",95,1,1188,7625,6378901,0.000131147540983607,0.000186238977529201,130,0.940721311475412
"ggCaller",97,1,1179,7625,6378901,0.000131147540983607,0.000184828076184283,131,0.940852459016396
"ggCaller",98,1,1173,7625,6378901,0.000131147540983607,0.000183887475287671,132,0.940983606557379
"ggCaller",99,1,1170,7625,6378901,0.000131147540983607,0.000183417174839365,133,0.941114754098363
"ggCaller",100,1,400,7625,6378901,0.000131147540983607,6.27067264408085e-05,134,0.941245901639347
"ggCaller",101,1,1143,7625,6378901,0.000131147540983607,0.00017918447080461,135,0.94137704918033
"ggCaller",103,1,1131,7625,6378901,0.000131147540983607,0.000177303269011386,136,0.941508196721314
"ggCaller",104,1,1129,7625,6378901,0.000131147540983607,0.000176989735379182,137,0.941639344262297
"ggCaller",105,1,1125,7625,6378901,0.000131147540983607,0.000176362668114774,138,0.941770491803281
"ggCaller",106,1,1090,7625,6378901,0.000131147540983607,0.000170875829551203,139,0.941901639344265
"ggCaller",107,1,1086,7625,6378901,0.000131147540983607,0.000170248762286795,140,0.942032786885248
"ggCaller",108,1,1080,7625,6378901,0.000131147540983607,0.000169308161390183,141,0.942163934426232
"ggCaller",109,1,1077,7625,6378901,0.000131147540983607,0.000168837860941877,142,0.942295081967216
"ggCaller",110,1,1071,7625,6378901,0.000131147540983607,0.000167897260045265,143,0.942426229508199
"ggCaller",111,1,1062,7625,6378901,0.000131147540983607,0.000166486358700347,144,0.942557377049183
"ggCaller",112,1,1053,7625,6378901,0.000131147540983607,0.000165075457355428,145,0.942688524590167
"ggCaller",113,1,1053,7625,6378901,0.000131147540983607,0.000165075457355428,146,0.94281967213115
"ggCaller",116,1,989,7625,6378901,0.000131147540983607,0.000155042381124899,147,0.942950819672134
"ggCaller",118,1,1032,7625,6378901,0.000131147540983607,0.000161783354217286,148,0.943081967213118
"ggCaller",119,1,1029,7625,6378901,0.000131147540983607,0.00016131305376898,149,0.943213114754101
"ggCaller",120,1,1017,7625,6378901,0.000131147540983607,0.000159431851975756,150,0.943344262295085
"ggCaller",124,1,1011,7625,6378901,0.000131147540983607,0.000158491251079144,151,0.943475409836068
"ggCaller",125,1,1008,7625,6378901,0.000131147540983607,0.000158020950630838,152,0.943606557377052
"ggCaller",126,1,1008,7625,6378901,0.000131147540983607,0.000158020950630838,153,0.943737704918036
"ggCaller",127,1,1005,7625,6378901,0.000131147540983607,0.000157550650182531,154,0.943868852459019
"ggCaller",128,1,999,7625,6378901,0.000131147540983607,0.000156610049285919,155,0.944000000000003
"ggCaller",129,1,994,7625,6378901,0.000131147540983607,0.000155826215205409,156,0.944131147540987
"ggCaller",130,1,993,7625,6378901,0.000131147540983607,0.000155669448389307,157,0.94426229508197
"ggCaller",131,1,991,7625,6378901,0.000131147540983607,0.000155355914757103,158,0.944393442622954
"ggCaller",133,1,975,7625,6378901,0.000131147540983607,0.000152847645699471,159,0.944524590163938
"ggCaller",134,1,978,7625,6378901,0.000131147540983607,0.000153317946147777,160,0.944655737704921
"ggCaller",135,1,975,7625,6378901,0.000131147540983607,0.000152847645699471,161,0.944786885245905
"ggCaller",136,1,696,7625,6378901,0.000131147540983607,0.000109109704007007,162,0.944918032786889
"ggCaller",137,1,966,7625,6378901,0.000131147540983607,0.000151436744354553,163,0.945049180327872
"ggCaller",138,1,960,7625,6378901,0.000131147540983607,0.00015049614345794,164,0.945180327868856
"ggCaller",139,1,960,7625,6378901,0.000131147540983607,0.00015049614345794,165,0.94531147540984
"ggCaller",140,1,960,7625,6378901,0.000131147540983607,0.00015049614345794,166,0.945442622950823
"ggCaller",141,1,945,7625,6378901,0.000131147540983607,0.00014814464121641,167,0.945573770491807
"ggCaller",142,1,943,7625,6378901,0.000131147540983607,0.000147831107584206,168,0.94570491803279
"ggCaller",143,1,933,7625,6378901,0.000131147540983607,0.000146263439423186,169,0.945836065573774
"ggCaller",144,1,919,7625,6378901,0.000131147540983607,0.000144068703997758,170,0.945967213114758
"ggCaller",145,1,915,7625,6378901,0.000131147540983607,0.00014344163673335,171,0.946098360655741
"ggCaller",151,1,876,7625,6378901,0.000131147540983607,0.000137327730905371,172,0.946229508196725
"ggCaller",152,1,874,7625,6378901,0.000131147540983607,0.000137014197273167,173,0.946360655737709
"ggCaller",153,1,870,7625,6378901,0.000131147540983607,0.000136387130008759,174,0.946491803278692
"ggCaller",154,1,870,7625,6378901,0.000131147540983607,0.000136387130008759,175,0.946622950819676
"ggCaller",155,1,861,7625,6378901,0.000131147540983607,0.00013497622866384,176,0.94675409836066
"ggCaller",157,1,849,7625,6378901,0.000131147540983607,0.000133095026870616,177,0.946885245901643
"ggCaller",158,1,849,7625,6378901,0.000131147540983607,0.000133095026870616,178,0.947016393442627
"ggCaller",160,1,846,7625,6378901,0.000131147540983607,0.00013262472642231,179,0.94714754098361
"ggCaller",161,1,843,7625,6378901,0.000131147540983607,0.000132154425974004,180,0.947278688524594
"ggCaller",162,1,843,7625,6378901,0.000131147540983607,0.000132154425974004,181,0.947409836065578
"ggCaller",164,1,825,7625,6378901,0.000131147540983607,0.000129332623284168,182,0.947540983606561
"ggCaller",165,1,823,7625,6378901,0.000131147540983607,0.000129019089651964,183,0.947672131147545
"ggCaller",166,1,819,7625,6378901,0.000131147540983607,0.000128392022387555,184,0.947803278688529
"ggCaller",167,1,820,7625,6378901,0.000131147540983607,0.000128548789203658,185,0.947934426229512
"ggCaller",168,1,816,7625,6378901,0.000131147540983607,0.000127921721939249,186,0.948065573770496
"ggCaller",169,1,813,7625,6378901,0.000131147540983607,0.000127451421490943,187,0.94819672131148
"ggCaller",171,1,807,7625,6378901,0.000131147540983607,0.000126510820594331,188,0.948327868852463
"ggCaller",172,1,807,7625,6378901,0.000131147540983607,0.000126510820594331,189,0.948459016393447
"ggCaller",173,1,795,7625,6378901,0.000131147540983607,0.000124629618801107,190,0.948590163934431
"ggCaller",174,1,792,7625,6378901,0.000131147540983607,0.000124159318352801,191,0.948721311475414
"ggCaller",176,1,786,7625,6378901,0.000131147540983607,0.000123218717456189,192,0.948852459016398
"ggCaller",178,1,774,7625,6378901,0.000131147540983607,0.000121337515662965,193,0.948983606557382
"ggCaller",179,1,765,7625,6378901,0.000131147540983607,0.000119926614318046,194,0.949114754098365
"ggCaller",180,1,746,7625,6378901,0.000131147540983607,0.000116948044812108,195,0.949245901639349
"ggCaller",181,1,738,7625,6378901,0.000131147540983607,0.000115693910283292,196,0.949377049180332
"ggCaller",182,1,729,7625,6378901,0.000131147540983607,0.000114283008938374,197,0.949508196721316
"ggCaller",185,1,720,7625,6378901,0.000131147540983607,0.000112872107593455,198,0.9496393442623
"ggCaller",186,1,717,7625,6378901,0.000131147540983607,0.000112401807145149,199,0.949770491803283
"ggCaller",187,1,714,7625,6378901,0.000131147540983607,0.000111931506696843,200,0.949901639344267
"ggCaller",188,1,714,7625,6378901,0.000131147540983607,0.000111931506696843,201,0.950032786885251
"ggCaller",189,1,708,7625,6378901,0.000131147540983607,0.000110990905800231,202,0.950163934426234
"ggCaller",191,1,708,7625,6378901,0.000131147540983607,0.000110990905800231,203,0.950295081967218
"ggCaller",192,1,705,7625,6378901,0.000131147540983607,0.000110520605351925,204,0.950426229508202
"ggCaller",193,1,705,7625,6378901,0.000131147540983607,0.000110520605351925,205,0.950557377049185
"ggCaller",194,1,705,7625,6378901,0.000131147540983607,0.000110520605351925,206,0.950688524590169
"ggCaller",195,1,702,7625,6378901,0.000131147540983607,0.000110050304903619,207,0.950819672131153
"ggCaller",197,1,696,7625,6378901,0.000131147540983607,0.000109109704007007,208,0.950950819672136
"ggCaller",198,1,696,7625,6378901,0.000131147540983607,0.000109109704007007,209,0.95108196721312
"ggCaller",199,1,201,7625,6378901,0.000131147540983607,3.15101300365063e-05,210,0.951213114754104
"ggCaller",200,1,684,7625,6378901,0.000131147540983607,0.000107228502213783,211,0.951344262295087
"ggCaller",202,1,678,7625,6378901,0.000131147540983607,0.00010628790131717,212,0.951475409836071
"ggCaller",203,1,675,7625,6378901,0.000131147540983607,0.000105817600868864,213,0.951606557377054
"ggCaller",204,1,675,7625,6378901,0.000131147540983607,0.000105817600868864,214,0.951737704918038
"ggCaller",205,1,675,7625,6378901,0.000131147540983607,0.000105817600868864,215,0.951868852459022
"ggCaller",206,1,675,7625,6378901,0.000131147540983607,0.000105817600868864,216,0.952000000000005
"ggCaller",207,1,672,7625,6378901,0.000131147540983607,0.000105347300420558,217,0.952131147540989
"ggCaller",208,1,669,7625,6378901,0.000131147540983607,0.000104876999972252,218,0.952262295081973
"ggCaller",209,1,666,7625,6378901,0.000131147540983607,0.000104406699523946,219,0.952393442622956
"ggCaller",210,1,648,7625,6378901,0.000131147540983607,0.00010158489683411,220,0.95252459016394
"ggCaller",211,1,648,7625,6378901,0.000131147540983607,0.00010158489683411,221,0.952655737704924
"ggCaller",212,1,645,7625,6378901,0.000131147540983607,0.000101114596385804,222,0.952786885245907
"ggCaller",213,1,645,7625,6378901,0.000131147540983607,0.000101114596385804,223,0.952918032786891
"ggCaller",214,1,642,7625,6378901,0.000131147540983607,0.000100644295937498,224,0.953049180327875
"ggCaller",215,1,639,7625,6378901,0.000131147540983607,0.000100173995489192,225,0.953180327868858
"ggCaller",216,1,636,7625,6378901,0.000131147540983607,9.97036950408856e-05,226,0.953311475409842
"ggCaller",217,1,636,7625,6378901,0.000131147540983607,9.97036950408856e-05,227,0.953442622950825
"ggCaller",218,1,630,7625,6378901,0.000131147540983607,9.87630941442734e-05,228,0.953573770491809
"ggCaller",219,1,627,7625,6378901,0.000131147540983607,9.82927936959674e-05,229,0.953704918032793
"ggCaller",220,1,627,7625,6378901,0.000131147540983607,9.82927936959674e-05,230,0.953836065573776
"ggCaller",221,1,621,7625,6378901,0.000131147540983607,9.73521927993553e-05,231,0.95396721311476
"ggCaller",222,1,615,7625,6378901,0.000131147540983607,9.64115919027431e-05,232,0.954098360655744
"ggCaller",223,1,606,7625,6378901,0.000131147540983607,9.50006905578249e-05,233,0.954229508196727
"ggCaller",224,1,607,7625,6378901,0.000131147540983607,9.5157457373927e-05,234,0.954360655737711
"ggCaller",225,1,603,7625,6378901,0.000131147540983607,9.45303901095189e-05,235,0.954491803278695
"ggCaller",226,1,591,7625,6378901,0.000131147540983607,9.26491883162946e-05,236,0.954622950819678
"ggCaller",227,1,580,7625,6378901,0.000131147540983607,9.09247533391724e-05,237,0.954754098360662
"ggCaller",228,1,584,7625,6378901,0.000131147540983607,9.15518206035805e-05,238,0.954885245901646
"ggCaller",230,1,582,7625,6378901,0.000131147540983607,9.12382869713764e-05,239,0.955016393442629
"ggCaller",231,1,579,7625,6378901,0.000131147540983607,9.07679865230704e-05,240,0.955147540983613
"ggCaller",232,1,576,7625,6378901,0.000131147540983607,9.02976860747643e-05,241,0.955278688524597
"ggCaller",233,1,570,7625,6378901,0.000131147540983607,8.93570851781522e-05,242,0.95540983606558
"ggCaller",234,1,570,7625,6378901,0.000131147540983607,8.93570851781522e-05,243,0.955540983606564
"ggCaller",235,1,567,7625,6378901,0.000131147540983607,8.88867847298461e-05,244,0.955672131147547
"ggCaller",236,1,564,7625,6378901,0.000131147540983607,8.841648428154e-05,245,0.955803278688531
"ggCaller",237,1,561,7625,6378901,0.000131147540983607,8.7946183833234e-05,246,0.955934426229515
"ggCaller",238,1,558,7625,6378901,0.000131147540983607,8.74758833849279e-05,247,0.956065573770498
"ggCaller",239,1,558,7625,6378901,0.000131147540983607,8.74758833849279e-05,248,0.956196721311482
"ggCaller",241,1,552,7625,6378901,0.000131147540983607,8.65352824883158e-05,249,0.956327868852466
"ggCaller",242,1,552,7625,6378901,0.000131147540983607,8.65352824883158e-05,250,0.956459016393449
"ggCaller",243,1,546,7625,6378901,0.000131147540983607,8.55946815917036e-05,251,0.956590163934433
"ggCaller",244,1,540,7625,6378901,0.000131147540983607,8.46540806950915e-05,252,0.956721311475417
"ggCaller",246,1,540,7625,6378901,0.000131147540983607,8.46540806950915e-05,253,0.9568524590164
"ggCaller",247,1,537,7625,6378901,0.000131147540983607,8.41837802467855e-05,254,0.956983606557384
"ggCaller",248,1,531,7625,6378901,0.000131147540983607,8.32431793501733e-05,255,0.957114754098368
"ggCaller",249,1,528,7625,6378901,0.000131147540983607,8.27728789018673e-05,256,0.957245901639351
"ggCaller",250,1,522,7625,6378901,0.000131147540983607,8.18322780052551e-05,257,0.957377049180335
"ggCaller",251,1,522,7625,6378901,0.000131147540983607,8.18322780052551e-05,258,0.957508196721318
"ggCaller",252,1,520,7625,6378901,0.000131147540983607,8.15187443730511e-05,259,0.957639344262302
"ggCaller",253,1,511,7625,6378901,0.000131147540983607,8.01078430281329e-05,260,0.957770491803286
"ggCaller",254,1,516,7625,6378901,0.000131147540983607,8.0891677108643e-05,261,0.957901639344269
"ggCaller",255,1,516,7625,6378901,0.000131147540983607,8.0891677108643e-05,262,0.958032786885253
"ggCaller",256,1,513,7625,6378901,0.000131147540983607,8.0421376660337e-05,263,0.958163934426237
"ggCaller",257,1,427,7625,6378901,0.000131147540983607,6.69394304755631e-05,264,0.95829508196722
"ggCaller",258,1,510,7625,6378901,0.000131147540983607,7.99510762120309e-05,265,0.958426229508204
"ggCaller",259,1,510,7625,6378901,0.000131147540983607,7.99510762120309e-05,266,0.958557377049188
"ggCaller",260,1,510,7625,6378901,0.000131147540983607,7.99510762120309e-05,267,0.958688524590171
"ggCaller",261,1,508,7625,6378901,0.000131147540983607,7.96375425798268e-05,268,0.958819672131155
"ggCaller",262,1,504,7625,6378901,0.000131147540983607,7.90104753154188e-05,269,0.958950819672139
"ggCaller",263,1,504,7625,6378901,0.000131147540983607,7.90104753154188e-05,270,0.959081967213122
"ggCaller",264,1,504,7625,6378901,0.000131147540983607,7.90104753154188e-05,271,0.959213114754106
"ggCaller",265,1,504,7625,6378901,0.000131147540983607,7.90104753154188e-05,272,0.95934426229509
"ggCaller",266,1,489,7625,6378901,0.000131147540983607,7.66589730738884e-05,273,0.959475409836073
"ggCaller",267,1,489,7625,6378901,0.000131147540983607,7.66589730738884e-05,274,0.959606557377057
"ggCaller",268,1,489,7625,6378901,0.000131147540983607,7.66589730738884e-05,275,0.95973770491804
"ggCaller",269,1,486,7625,6378901,0.000131147540983607,7.61886726255824e-05,276,0.959868852459024
"ggCaller",270,1,483,7625,6378901,0.000131147540983607,7.57183721772763e-05,277,0.960000000000008
"ggCaller",271,1,479,7625,6378901,0.000131147540983607,7.50913049128682e-05,278,0.960131147540991
"ggCaller",272,1,477,7625,6378901,0.000131147540983607,7.47777712806642e-05,279,0.960262295081975
"ggCaller",273,1,471,7625,6378901,0.000131147540983607,7.3837170384052e-05,280,0.960393442622959
"ggCaller",274,1,464,7625,6378901,0.000131147540983607,7.27398026713379e-05,281,0.960524590163942
"ggCaller",275,1,465,7625,6378901,0.000131147540983607,7.28965694874399e-05,282,0.960655737704926
"ggCaller",276,1,459,7625,6378901,0.000131147540983607,7.19559685908278e-05,283,0.96078688524591
"ggCaller",277,1,456,7625,6378901,0.000131147540983607,7.14856681425217e-05,284,0.960918032786893
"ggCaller",278,1,456,7625,6378901,0.000131147540983607,7.14856681425217e-05,285,0.961049180327877
"ggCaller",279,1,453,7625,6378901,0.000131147540983607,7.10153676942157e-05,286,0.96118032786886
"ggCaller",280,1,450,7625,6378901,0.000131147540983607,7.05450672459096e-05,287,0.961311475409844
"ggCaller",281,1,447,7625,6378901,0.000131147540983607,7.00747667976035e-05,288,0.961442622950828
"ggCaller",282,1,441,7625,6378901,0.000131147540983607,6.91341659009914e-05,289,0.961573770491811
"ggCaller",283,1,438,7625,6378901,0.000131147540983607,6.86638654526854e-05,290,0.961704918032795
"ggCaller",285,1,433,7625,6378901,0.000131147540983607,6.78800313721752e-05,291,0.961836065573779
"ggCaller",286,1,426,7625,6378901,0.000131147540983607,6.67826636594611e-05,292,0.961967213114762
"ggCaller",287,1,420,7625,6378901,0.000131147540983607,6.5842062762849e-05,293,0.962098360655746
"ggCaller",288,1,420,7625,6378901,0.000131147540983607,6.5842062762849e-05,294,0.96222950819673
"ggCaller",289,1,420,7625,6378901,0.000131147540983607,6.5842062762849e-05,295,0.962360655737713
"ggCaller",290,1,417,7625,6378901,0.000131147540983607,6.53717623145429e-05,296,0.962491803278697
"ggCaller",291,1,225,7625,6378901,0.000131147540983607,3.52725336229548e-05,297,0.962622950819681
"ggCaller",292,1,411,7625,6378901,0.000131147540983607,6.44311614179308e-05,298,0.962754098360664
"ggCaller",293,1,411,7625,6378901,0.000131147540983607,6.44311614179308e-05,299,0.962885245901648
"ggCaller",294,1,408,7625,6378901,0.000131147540983607,6.39608609696247e-05,300,0.963016393442632
"ggCaller",295,1,408,7625,6378901,0.000131147540983607,6.39608609696247e-05,301,0.963147540983615
"ggCaller",297,1,405,7625,6378901,0.000131147540983607,6.34905605213186e-05,302,0.963278688524599
"ggCaller",298,1,405,7625,6378901,0.000131147540983607,6.34905605213186e-05,303,0.963409836065583
"ggCaller",299,1,402,7625,6378901,0.000131147540983607,6.30202600730126e-05,304,0.963540983606566
"ggCaller",300,1,399,7625,6378901,0.000131147540983607,6.25499596247065e-05,305,0.96367213114755
"ggCaller",301,1,399,7625,6378901,0.000131147540983607,6.25499596247065e-05,306,0.963803278688533
"ggCaller",302,1,399,7625,6378901,0.000131147540983607,6.25499596247065e-05,307,0.963934426229517
"ggCaller",303,1,403,7625,6378901,0.000131147540983607,6.31770268891146e-05,308,0.964065573770501
"ggCaller",304,1,397,7625,6378901,0.000131147540983607,6.22364259925025e-05,309,0.964196721311484
"ggCaller",305,1,396,7625,6378901,0.000131147540983607,6.20796591764004e-05,310,0.964327868852468
"ggCaller",306,1,396,7625,6378901,0.000131147540983607,6.20796591764004e-05,311,0.964459016393452
"ggCaller",307,1,393,7625,6378901,0.000131147540983607,6.16093587280944e-05,312,0.964590163934435
"ggCaller",308,1,393,7625,6378901,0.000131147540983607,6.16093587280944e-05,313,0.964721311475419
"ggCaller",309,1,387,7625,6378901,0.000131147540983607,6.06687578314823e-05,314,0.964852459016403
"ggCaller",310,1,384,7625,6378901,0.000131147540983607,6.01984573831762e-05,315,0.964983606557386
"ggCaller",311,1,384,7625,6378901,0.000131147540983607,6.01984573831762e-05,316,0.96511475409837
"ggCaller",312,1,384,7625,6378901,0.000131147540983607,6.01984573831762e-05,317,0.965245901639354
"ggCaller",313,1,381,7625,6378901,0.000131147540983607,5.97281569348701e-05,318,0.965377049180337
"ggCaller",314,1,388,7625,6378901,0.000131147540983607,6.08255246475843e-05,319,0.965508196721321
"ggCaller",315,1,381,7625,6378901,0.000131147540983607,5.97281569348701e-05,320,0.965639344262304
"ggCaller",316,1,381,7625,6378901,0.000131147540983607,5.97281569348701e-05,321,0.965770491803288
"ggCaller",317,1,378,7625,6378901,0.000131147540983607,5.92578564865641e-05,322,0.965901639344272
"ggCaller",318,1,376,7625,6378901,0.000131147540983607,5.894432285436e-05,323,0.966032786885255
"ggCaller",319,1,372,7625,6378901,0.000131147540983607,5.83172555899519e-05,324,0.966163934426239
"ggCaller",320,1,372,7625,6378901,0.000131147540983607,5.83172555899519e-05,325,0.966295081967223
"ggCaller",321,1,372,7625,6378901,0.000131147540983607,5.83172555899519e-05,326,0.966426229508206
"ggCaller",322,1,369,7625,6378901,0.000131147540983607,5.78469551416459e-05,327,0.96655737704919
"ggCaller",323,1,205,7625,6378901,0.000131147540983607,3.21371973009144e-05,328,0.966688524590174
"ggCaller",324,1,369,7625,6378901,0.000131147540983607,5.78469551416459e-05,329,0.966819672131157
"ggCaller",325,1,368,7625,6378901,0.000131147540983607,5.76901883255439e-05,330,0.966950819672141
"ggCaller",326,1,366,7625,6378901,0.000131147540983607,5.73766546933398e-05,331,0.967081967213125
"ggCaller",327,1,360,7625,6378901,0.000131147540983607,5.64360537967277e-05,332,0.967213114754108
"ggCaller",328,1,354,7625,6378901,0.000131147540983607,5.54954529001156e-05,333,0.967344262295092
"ggCaller",329,1,354,7625,6378901,0.000131147540983607,5.54954529001156e-05,334,0.967475409836075
"ggCaller",330,1,348,7625,6378901,0.000131147540983607,5.45548520035034e-05,335,0.967606557377059
"ggCaller",331,1,348,7625,6378901,0.000131147540983607,5.45548520035034e-05,336,0.967737704918043
"ggCaller",332,1,345,7625,6378901,0.000131147540983607,5.40845515551974e-05,337,0.967868852459026
"ggCaller",333,1,342,7625,6378901,0.000131147540983607,5.36142511068913e-05,338,0.96800000000001
"ggCaller",334,1,342,7625,6378901,0.000131147540983607,5.36142511068913e-05,339,0.968131147540994
"ggCaller",335,1,342,7625,6378901,0.000131147540983607,5.36142511068913e-05,340,0.968262295081977
"ggCaller",336,1,342,7625,6378901,0.000131147540983607,5.36142511068913e-05,341,0.968393442622961
"ggCaller",337,1,339,7625,6378901,0.000131147540983607,5.31439506585852e-05,342,0.968524590163945
"ggCaller",338,1,336,7625,6378901,0.000131147540983607,5.26736502102792e-05,343,0.968655737704928
"ggCaller",339,1,336,7625,6378901,0.000131147540983607,5.26736502102792e-05,344,0.968786885245912
"ggCaller",340,1,333,7625,6378901,0.000131147540983607,5.22033497619731e-05,345,0.968918032786896
"ggCaller",342,1,326,7625,6378901,0.000131147540983607,5.1105982049259e-05,346,0.969049180327879
"ggCaller",343,1,324,7625,6378901,0.000131147540983607,5.07924484170549e-05,347,0.969180327868863
"ggCaller",344,1,321,7625,6378901,0.000131147540983607,5.03221479687489e-05,348,0.969311475409847
"ggCaller",345,1,321,7625,6378901,0.000131147540983607,5.03221479687489e-05,349,0.96944262295083
"ggCaller",346,1,321,7625,6378901,0.000131147540983607,5.03221479687489e-05,350,0.969573770491814
"ggCaller",347,1,318,7625,6378901,0.000131147540983607,4.98518475204428e-05,351,0.969704918032797
"ggCaller",348,1,315,7625,6378901,0.000131147540983607,4.93815470721367e-05,352,0.969836065573781
"ggCaller",349,1,315,7625,6378901,0.000131147540983607,4.93815470721367e-05,353,0.969967213114765
"ggCaller",350,1,309,7625,6378901,0.000131147540983607,4.84409461755246e-05,354,0.970098360655748
"ggCaller",351,1,309,7625,6378901,0.000131147540983607,4.84409461755246e-05,355,0.970229508196732
"ggCaller",352,1,309,7625,6378901,0.000131147540983607,4.84409461755246e-05,356,0.970360655737716
"ggCaller",353,1,309,7625,6378901,0.000131147540983607,4.84409461755246e-05,357,0.970491803278699
"ggCaller",354,1,306,7625,6378901,0.000131147540983607,4.79706457272185e-05,358,0.970622950819683
"ggCaller",355,1,303,7625,6378901,0.000131147540983607,4.75003452789125e-05,359,0.970754098360667
"ggCaller",356,1,300,7625,6378901,0.000131147540983607,4.70300448306064e-05,360,0.97088524590165
"ggCaller",357,1,300,7625,6378901,0.000131147540983607,4.70300448306064e-05,361,0.971016393442634
"ggCaller",358,1,300,7625,6378901,0.000131147540983607,4.70300448306064e-05,362,0.971147540983618
"ggCaller",359,1,292,7625,6378901,0.000131147540983607,4.57759103017902e-05,363,0.971278688524601
"ggCaller",360,1,297,7625,6378901,0.000131147540983607,4.65597443823003e-05,364,0.971409836065585
"ggCaller",361,1,297,7625,6378901,0.000131147540983607,4.65597443823003e-05,365,0.971540983606568
"ggCaller",362,1,297,7625,6378901,0.000131147540983607,4.65597443823003e-05,366,0.971672131147552
"ggCaller",363,1,297,7625,6378901,0.000131147540983607,4.65597443823003e-05,367,0.971803278688536
"ggCaller",364,1,294,7625,6378901,0.000131147540983607,4.60894439339943e-05,368,0.971934426229519
"ggCaller",365,1,294,7625,6378901,0.000131147540983607,4.60894439339943e-05,369,0.972065573770503
"ggCaller",366,1,227,7625,6378901,0.000131147540983607,3.55860672551588e-05,370,0.972196721311487
"ggCaller",367,1,291,7625,6378901,0.000131147540983607,4.56191434856882e-05,371,0.97232786885247
"ggCaller",368,1,291,7625,6378901,0.000131147540983607,4.56191434856882e-05,372,0.972459016393454
"ggCaller",369,1,291,7625,6378901,0.000131147540983607,4.56191434856882e-05,373,0.972590163934438
"ggCaller",370,1,288,7625,6378901,0.000131147540983607,4.51488430373821e-05,374,0.972721311475421
"ggCaller",371,1,285,7625,6378901,0.000131147540983607,4.46785425890761e-05,375,0.972852459016405
"ggCaller",372,1,285,7625,6378901,0.000131147540983607,4.46785425890761e-05,376,0.972983606557389
"ggCaller",373,1,219,7625,6378901,0.000131147540983607,3.43319327263427e-05,377,0.973114754098372
"ggCaller",374,1,280,7625,6378901,0.000131147540983607,4.3894708508566e-05,378,0.973245901639356
"ggCaller",375,1,281,7625,6378901,0.000131147540983607,4.4051475324668e-05,379,0.97337704918034
"ggCaller",376,1,282,7625,6378901,0.000131147540983607,4.420824214077e-05,380,0.973508196721323
"ggCaller",378,1,253,7625,6378901,0.000131147540983607,3.96620044738114e-05,381,0.973639344262307
"ggCaller",379,1,279,7625,6378901,0.000131147540983607,4.3737941692464e-05,382,0.97377049180329
"ggCaller",380,1,279,7625,6378901,0.000131147540983607,4.3737941692464e-05,383,0.973901639344274
"ggCaller",381,1,276,7625,6378901,0.000131147540983607,4.32676412441579e-05,384,0.974032786885258
"ggCaller",382,1,271,7625,6378901,0.000131147540983607,4.24838071636478e-05,385,0.974163934426241
"ggCaller",383,1,276,7625,6378901,0.000131147540983607,4.32676412441579e-05,386,0.974295081967225
"ggCaller",384,1,270,7625,6378901,0.000131147540983607,4.23270403475458e-05,387,0.974426229508209
"ggCaller",385,1,268,7625,6378901,0.000131147540983607,4.20135067153417e-05,388,0.974557377049192
"ggCaller",386,1,267,7625,6378901,0.000131147540983607,4.18567398992397e-05,389,0.974688524590176
"ggCaller",387,1,264,7625,6378901,0.000131147540983607,4.13864394509336e-05,390,0.97481967213116
"ggCaller",388,1,265,7625,6378901,0.000131147540983607,4.15432062670357e-05,391,0.974950819672143
"ggCaller",389,1,261,7625,6378901,0.000131147540983607,4.09161390026276e-05,392,0.975081967213127
"ggCaller",390,1,258,7625,6378901,0.000131147540983607,4.04458385543215e-05,393,0.97521311475411
"ggCaller",391,1,258,7625,6378901,0.000131147540983607,4.04458385543215e-05,394,0.975344262295094
"ggCaller",392,1,258,7625,6378901,0.000131147540983607,4.04458385543215e-05,395,0.975475409836078
"ggCaller",393,1,258,7625,6378901,0.000131147540983607,4.04458385543215e-05,396,0.975606557377061
"ggCaller",394,1,255,7625,6378901,0.000131147540983607,3.99755381060154e-05,397,0.975737704918045
"ggCaller",395,1,252,7625,6378901,0.000131147540983607,3.95052376577094e-05,398,0.975868852459029
"ggCaller",396,1,251,7625,6378901,0.000131147540983607,3.93484708416074e-05,399,0.976000000000012
"ggCaller",397,1,252,7625,6378901,0.000131147540983607,3.95052376577094e-05,400,0.976131147540996
"ggCaller",398,1,253,7625,6378901,0.000131147540983607,3.96620044738114e-05,401,0.97626229508198
"ggCaller",399,1,252,7625,6378901,0.000131147540983607,3.95052376577094e-05,402,0.976393442622963
"ggCaller",400,1,252,7625,6378901,0.000131147540983607,3.95052376577094e-05,403,0.976524590163947
"ggCaller",401,1,249,7625,6378901,0.000131147540983607,3.90349372094033e-05,404,0.976655737704931
"ggCaller",402,1,64,7625,6378901,0.000131147540983607,1.00330762305294e-05,405,0.976786885245914
"ggCaller",403,1,245,7625,6378901,0.000131147540983607,3.84078699449952e-05,406,0.976918032786898
"ggCaller",404,1,243,7625,6378901,0.000131147540983607,3.80943363127912e-05,407,0.977049180327882
"ggCaller",405,1,243,7625,6378901,0.000131147540983607,3.80943363127912e-05,408,0.977180327868865
"ggCaller",406,1,243,7625,6378901,0.000131147540983607,3.80943363127912e-05,409,0.977311475409849
"ggCaller",407,1,242,7625,6378901,0.000131147540983607,3.79375694966892e-05,410,0.977442622950833
"ggCaller",408,1,243,7625,6378901,0.000131147540983607,3.80943363127912e-05,411,0.977573770491816
"ggCaller",409,1,242,7625,6378901,0.000131147540983607,3.79375694966892e-05,412,0.9777049180328
"ggCaller",410,1,240,7625,6378901,0.000131147540983607,3.76240358644851e-05,413,0.977836065573783
"ggCaller",411,1,240,7625,6378901,0.000131147540983607,3.76240358644851e-05,414,0.977967213114767
"ggCaller",412,1,240,7625,6378901,0.000131147540983607,3.76240358644851e-05,415,0.978098360655751
"ggCaller",413,1,240,7625,6378901,0.000131147540983607,3.76240358644851e-05,416,0.978229508196734
"ggCaller",414,1,240,7625,6378901,0.000131147540983607,3.76240358644851e-05,417,0.978360655737718
"ggCaller",415,1,240,7625,6378901,0.000131147540983607,3.76240358644851e-05,418,0.978491803278702
"ggCaller",416,1,237,7625,6378901,0.000131147540983607,3.71537354161791e-05,419,0.978622950819685
"ggCaller",417,1,238,7625,6378901,0.000131147540983607,3.73105022322811e-05,420,0.978754098360669
"ggCaller",418,1,237,7625,6378901,0.000131147540983607,3.71537354161791e-05,421,0.978885245901653
"ggCaller",419,1,237,7625,6378901,0.000131147540983607,3.71537354161791e-05,422,0.979016393442636
"ggCaller",420,1,237,7625,6378901,0.000131147540983607,3.71537354161791e-05,423,0.97914754098362
"ggCaller",421,1,234,7625,6378901,0.000131147540983607,3.6683434967873e-05,424,0.979278688524604
"ggCaller",422,1,234,7625,6378901,0.000131147540983607,3.6683434967873e-05,425,0.979409836065587
"ggCaller",423,1,234,7625,6378901,0.000131147540983607,3.6683434967873e-05,426,0.979540983606571
"ggCaller",424,1,234,7625,6378901,0.000131147540983607,3.6683434967873e-05,427,0.979672131147554
"ggCaller",425,1,235,7625,6378901,0.000131147540983607,3.6840201783975e-05,428,0.979803278688538
"ggCaller",426,1,234,7625,6378901,0.000131147540983607,3.6683434967873e-05,429,0.979934426229522
"ggCaller",427,1,234,7625,6378901,0.000131147540983607,3.6683434967873e-05,430,0.980065573770505
"ggCaller",428,1,231,7625,6378901,0.000131147540983607,3.62131345195669e-05,431,0.980196721311489
"ggCaller",429,1,231,7625,6378901,0.000131147540983607,3.62131345195669e-05,432,0.980327868852473
"ggCaller",430,1,227,7625,6378901,0.000131147540983607,3.55860672551588e-05,433,0.980459016393456
"ggCaller",431,1,228,7625,6378901,0.000131147540983607,3.57428340712609e-05,434,0.98059016393444
"ggCaller",432,1,228,7625,6378901,0.000131147540983607,3.57428340712609e-05,435,0.980721311475424
"ggCaller",433,1,228,7625,6378901,0.000131147540983607,3.57428340712609e-05,436,0.980852459016407
"ggCaller",434,1,226,7625,6378901,0.000131147540983607,3.54293004390568e-05,437,0.980983606557391
"ggCaller",435,1,225,7625,6378901,0.000131147540983607,3.52725336229548e-05,438,0.981114754098375
"ggCaller",436,1,227,7625,6378901,0.000131147540983607,3.55860672551588e-05,439,0.981245901639358
"ggCaller",437,1,225,7625,6378901,0.000131147540983607,3.52725336229548e-05,440,0.981377049180342
"ggCaller",438,1,222,7625,6378901,0.000131147540983607,3.48022331746487e-05,441,0.981508196721325
"ggCaller",439,1,222,7625,6378901,0.000131147540983607,3.48022331746487e-05,442,0.981639344262309
"ggCaller",440,1,222,7625,6378901,0.000131147540983607,3.48022331746487e-05,443,0.981770491803293
"ggCaller",441,1,219,7625,6378901,0.000131147540983607,3.43319327263427e-05,444,0.981901639344276
"ggCaller",442,1,125,7625,6378901,0.000131147540983607,1.95958520127527e-05,445,0.98203278688526
"ggCaller",443,1,219,7625,6378901,0.000131147540983607,3.43319327263427e-05,446,0.982163934426244
"ggCaller",444,1,216,7625,6378901,0.000131147540983607,3.38616322780366e-05,447,0.982295081967227
"ggCaller",445,1,213,7625,6378901,0.000131147540983607,3.33913318297305e-05,448,0.982426229508211
"ggCaller",446,1,213,7625,6378901,0.000131147540983607,3.33913318297305e-05,449,0.982557377049195
"ggCaller",447,1,213,7625,6378901,0.000131147540983607,3.33913318297305e-05,450,0.982688524590178
"ggCaller",448,1,213,7625,6378901,0.000131147540983607,3.33913318297305e-05,451,0.982819672131162
"ggCaller",449,1,211,7625,6378901,0.000131147540983607,3.30777981975265e-05,452,0.982950819672146
"ggCaller",450,1,149,7625,6378901,0.000131147540983607,2.33582555992012e-05,453,0.983081967213129
"ggCaller",451,1,210,7625,6378901,0.000131147540983607,3.29210313814245e-05,454,0.983213114754113
"ggCaller",452,1,210,7625,6378901,0.000131147540983607,3.29210313814245e-05,455,0.983344262295097
"ggCaller",453,1,210,7625,6378901,0.000131147540983607,3.29210313814245e-05,456,0.98347540983608
"ggCaller",454,1,210,7625,6378901,0.000131147540983607,3.29210313814245e-05,457,0.983606557377064
"ggCaller",455,1,207,7625,6378901,0.000131147540983607,3.24507309331184e-05,458,0.983737704918047
"ggCaller",456,1,207,7625,6378901,0.000131147540983607,3.24507309331184e-05,459,0.983868852459031
"ggCaller",457,1,207,7625,6378901,0.000131147540983607,3.24507309331184e-05,460,0.984000000000015
"ggCaller",458,1,207,7625,6378901,0.000131147540983607,3.24507309331184e-05,461,0.984131147540998
"ggCaller",459,1,204,7625,6378901,0.000131147540983607,3.19804304848123e-05,462,0.984262295081982
"ggCaller",460,1,205,7625,6378901,0.000131147540983607,3.21371973009144e-05,463,0.984393442622966
"ggCaller",461,1,204,7625,6378901,0.000131147540983607,3.19804304848123e-05,464,0.984524590163949
"ggCaller",462,1,204,7625,6378901,0.000131147540983607,3.19804304848123e-05,465,0.984655737704933
"ggCaller",463,1,204,7625,6378901,0.000131147540983607,3.19804304848123e-05,466,0.984786885245917
"ggCaller",464,1,203,7625,6378901,0.000131147540983607,3.18236636687103e-05,467,0.9849180327869
"ggCaller",465,1,188,7625,6378901,0.000131147540983607,2.947216142718e-05,468,0.985049180327884
"ggCaller",466,1,201,7625,6378901,0.000131147540983607,3.15101300365063e-05,469,0.985180327868868
"ggCaller",467,1,201,7625,6378901,0.000131147540983607,3.15101300365063e-05,470,0.985311475409851
"ggCaller",468,1,201,7625,6378901,0.000131147540983607,3.15101300365063e-05,471,0.985442622950835
"ggCaller",469,1,198,7625,6378901,0.000131147540983607,3.10398295882002e-05,472,0.985573770491818
"ggCaller",470,1,198,7625,6378901,0.000131147540983607,3.10398295882002e-05,473,0.985704918032802
"ggCaller",471,1,198,7625,6378901,0.000131147540983607,3.10398295882002e-05,474,0.985836065573786
"ggCaller",472,1,198,7625,6378901,0.000131147540983607,3.10398295882002e-05,475,0.985967213114769
"ggCaller",473,1,195,7625,6378901,0.000131147540983607,3.05695291398942e-05,476,0.986098360655753
"ggCaller",474,1,196,7625,6378901,0.000131147540983607,3.07262959559962e-05,477,0.986229508196737
"ggCaller",475,1,75,7625,6378901,0.000131147540983607,1.17575112076516e-05,478,0.98636065573772
"ggCaller",476,1,192,7625,6378901,0.000131147540983607,3.00992286915881e-05,479,0.986491803278704
"ggCaller",477,1,192,7625,6378901,0.000131147540983607,3.00992286915881e-05,480,0.986622950819688
"ggCaller",478,1,130,7625,6378901,0.000131147540983607,2.03796860932628e-05,481,0.986754098360671
"ggCaller",479,1,193,7625,6378901,0.000131147540983607,3.02559955076901e-05,482,0.986885245901655
"ggCaller",480,1,193,7625,6378901,0.000131147540983607,3.02559955076901e-05,483,0.987016393442639
"ggCaller",481,1,192,7625,6378901,0.000131147540983607,3.00992286915881e-05,484,0.987147540983622
"ggCaller",482,1,189,7625,6378901,0.000131147540983607,2.9628928243282e-05,485,0.987278688524606
"ggCaller",483,1,187,7625,6378901,0.000131147540983607,2.9315394611078e-05,486,0.98740983606559
"ggCaller",484,1,189,7625,6378901,0.000131147540983607,2.9628928243282e-05,487,0.987540983606573
"ggCaller",485,1,189,7625,6378901,0.000131147540983607,2.9628928243282e-05,488,0.987672131147557
"ggCaller",486,1,189,7625,6378901,0.000131147540983607,2.9628928243282e-05,489,0.98780327868854
"ggCaller",487,1,189,7625,6378901,0.000131147540983607,2.9628928243282e-05,490,0.987934426229524
"ggCaller",488,1,190,7625,6378901,0.000131147540983607,2.97856950593841e-05,491,0.988065573770508
"ggCaller",489,1,189,7625,6378901,0.000131147540983607,2.9628928243282e-05,492,0.988196721311491
"ggCaller",490,1,189,7625,6378901,0.000131147540983607,2.9628928243282e-05,493,0.988327868852475
"ggCaller",491,1,186,7625,6378901,0.000131147540983607,2.9158627794976e-05,494,0.988459016393459
"ggCaller",492,1,186,7625,6378901,0.000131147540983607,2.9158627794976e-05,495,0.988590163934442
"ggCaller",493,1,186,7625,6378901,0.000131147540983607,2.9158627794976e-05,496,0.988721311475426
"ggCaller",494,1,183,7625,6378901,0.000131147540983607,2.86883273466699e-05,497,0.98885245901641
"ggCaller",495,1,181,7625,6378901,0.000131147540983607,2.83747937144659e-05,498,0.988983606557393
"ggCaller",496,1,116,7625,6378901,0.000131147540983607,1.81849506678345e-05,499,0.989114754098377
"ggCaller",497,1,183,7625,6378901,0.000131147540983607,2.86883273466699e-05,500,0.98924590163936
"ggCaller",498,1,183,7625,6378901,0.000131147540983607,2.86883273466699e-05,501,0.989377049180344
"ggCaller",499,1,183,7625,6378901,0.000131147540983607,2.86883273466699e-05,502,0.989508196721328
"ggCaller",500,1,183,7625,6378901,0.000131147540983607,2.86883273466699e-05,503,0.989639344262311
"ggCaller",501,1,183,7625,6378901,0.000131147540983607,2.86883273466699e-05,504,0.989770491803295
"ggCaller",502,1,180,7625,6378901,0.000131147540983607,2.82180268983638e-05,505,0.989901639344279
"ggCaller",503,1,181,7625,6378901,0.000131147540983607,2.83747937144659e-05,506,0.990032786885262
"ggCaller",504,1,180,7625,6378901,0.000131147540983607,2.82180268983638e-05,507,0.990163934426246
"ggCaller",505,1,180,7625,6378901,0.000131147540983607,2.82180268983638e-05,508,0.99029508196723
"ggCaller",506,1,180,7625,6378901,0.000131147540983607,2.82180268983638e-05,509,0.990426229508213
"ggCaller",507,1,175,7625,6378901,0.000131147540983607,2.74341928178537e-05,510,0.990557377049197
"ggCaller",508,1,81,7625,6378901,0.000131147540983607,1.26981121042637e-05,511,0.990688524590181
"ggCaller",509,1,177,7625,6378901,0.000131147540983607,2.77477264500578e-05,512,0.990819672131164
"ggCaller",510,1,177,7625,6378901,0.000131147540983607,2.77477264500578e-05,513,0.990950819672148
"ggCaller",511,1,175,7625,6378901,0.000131147540983607,2.74341928178537e-05,514,0.991081967213132
"ggCaller",512,1,173,7625,6378901,0.000131147540983607,2.71206591856497e-05,515,0.991213114754115
"ggCaller",513,1,174,7625,6378901,0.000131147540983607,2.72774260017517e-05,516,0.991344262295099
"ggCaller",514,1,171,7625,6378901,0.000131147540983607,2.68071255534456e-05,517,0.991475409836083
"ggCaller",515,1,171,7625,6378901,0.000131147540983607,2.68071255534456e-05,518,0.991606557377066
"ggCaller",516,1,171,7625,6378901,0.000131147540983607,2.68071255534456e-05,519,0.99173770491805
"ggCaller",517,1,171,7625,6378901,0.000131147540983607,2.68071255534456e-05,520,0.991868852459033
"ggCaller",518,1,171,7625,6378901,0.000131147540983607,2.68071255534456e-05,521,0.992000000000017
"ggCaller",519,1,168,7625,6378901,0.000131147540983607,2.63368251051396e-05,522,0.992131147541001
"ggCaller",520,1,69,7625,6378901,0.000131147540983607,1.08169103110395e-05,523,0.992262295081984
"ggCaller",521,1,165,7625,6378901,0.000131147540983607,2.58665246568335e-05,524,0.992393442622968
"ggCaller",522,1,165,7625,6378901,0.000131147540983607,2.58665246568335e-05,525,0.992524590163952
"ggCaller",523,1,165,7625,6378901,0.000131147540983607,2.58665246568335e-05,526,0.992655737704935
"ggCaller",524,1,162,7625,6378901,0.000131147540983607,2.53962242085275e-05,527,0.992786885245919
"ggCaller",525,1,162,7625,6378901,0.000131147540983607,2.53962242085275e-05,528,0.992918032786903
"ggCaller",526,1,162,7625,6378901,0.000131147540983607,2.53962242085275e-05,529,0.993049180327886
"ggCaller",527,1,162,7625,6378901,0.000131147540983607,2.53962242085275e-05,530,0.99318032786887
"ggCaller",528,1,163,7625,6378901,0.000131147540983607,2.55529910246295e-05,531,0.993311475409854
"ggCaller",529,1,84,7625,6378901,0.000131147540983607,1.31684125525698e-05,532,0.993442622950837
"ggCaller",530,1,159,7625,6378901,0.000131147540983607,2.49259237602214e-05,533,0.993573770491821
"ggCaller",531,1,159,7625,6378901,0.000131147540983607,2.49259237602214e-05,534,0.993704918032804
"ggCaller",532,1,159,7625,6378901,0.000131147540983607,2.49259237602214e-05,535,0.993836065573788
"ggCaller",533,1,110,7625,6378901,0.000131147540983607,1.72443497712223e-05,536,0.993967213114772
"ggCaller",534,1,156,7625,6378901,0.000131147540983607,2.44556233119153e-05,537,0.994098360655755
"ggCaller",535,1,47,7625,6378901,0.000131147540983607,7.368040356795e-06,538,0.994229508196739
"ggCaller",536,1,157,7625,6378901,0.000131147540983607,2.46123901280173e-05,539,0.994360655737723
"ggCaller",537,1,156,7625,6378901,0.000131147540983607,2.44556233119153e-05,540,0.994491803278706
"ggCaller",538,1,153,7625,6378901,0.000131147540983607,2.39853228636093e-05,541,0.99462295081969
"ggCaller",539,1,153,7625,6378901,0.000131147540983607,2.39853228636093e-05,542,0.994754098360674
"ggCaller",540,1,154,7625,6378901,0.000131147540983607,2.41420896797113e-05,543,0.994885245901657
"ggCaller",541,1,153,7625,6378901,0.000131147540983607,2.39853228636093e-05,544,0.995016393442641
"ggCaller",542,1,153,7625,6378901,0.000131147540983607,2.39853228636093e-05,545,0.995147540983625
"ggCaller",543,1,147,7625,6378901,0.000131147540983607,2.30447219669971e-05,546,0.995278688524608
"ggCaller",544,1,147,7625,6378901,0.000131147540983607,2.30447219669971e-05,547,0.995409836065592
"ggCaller",545,1,147,7625,6378901,0.000131147540983607,2.30447219669971e-05,548,0.995540983606576
"ggCaller",546,1,144,7625,6378901,0.000131147540983607,2.25744215186911e-05,549,0.995672131147559
"ggCaller",547,1,139,7625,6378901,0.000131147540983607,2.1790587438181e-05,550,0.995803278688543
"ggCaller",548,1,138,7625,6378901,0.000131147540983607,2.16338206220789e-05,551,0.995934426229526
"ggCaller",549,1,135,7625,6378901,0.000131147540983607,2.11635201737729e-05,552,0.99606557377051
"ggCaller",550,1,135,7625,6378901,0.000131147540983607,2.11635201737729e-05,553,0.996196721311494
"ggCaller",551,1,135,7625,6378901,0.000131147540983607,2.11635201737729e-05,554,0.996327868852477
"ggCaller",552,1,129,7625,6378901,0.000131147540983607,2.02229192771608e-05,555,0.996459016393461
"ggCaller",553,1,124,7625,6378901,0.000131147540983607,1.94390851966506e-05,556,0.996590163934445
"ggCaller",554,1,120,7625,6378901,0.000131147540983607,1.88120179322426e-05,557,0.996721311475428
"ggCaller",555,1,2427,7625,6378901,0.000131147540983607,0.000380473062679606,558,0.996852459016412
"ggCaller",556,1,2124,7625,6378901,0.000131147540983607,0.000332972717400693,559,0.996983606557396
"ggCaller",557,1,1227,7625,6378901,0.000131147540983607,0.00019235288335718,560,0.997114754098379
"ggCaller",559,1,948,7625,6378901,0.000131147540983607,0.000148614941664716,561,0.997245901639363
"ggCaller",560,1,576,7625,6378901,0.000131147540983607,9.02976860747643e-05,562,0.997377049180347
"ggCaller",561,1,561,7625,6378901,0.000131147540983607,8.7946183833234e-05,563,0.99750819672133
"ggCaller",562,1,501,7625,6378901,0.000131147540983607,7.85401748671127e-05,564,0.997639344262314
"ggCaller",563,1,294,7625,6378901,0.000131147540983607,4.60894439339943e-05,565,0.997770491803297
"ggCaller",565,1,561,7625,6378901,0.000131147540983607,8.7946183833234e-05,566,0.997901639344281
"ggCaller",566,1,91,7625,6378901,0.000131147540983607,1.42657802652839e-05,567,0.998032786885265
"ggCaller",567,1,269,7625,6378901,0.000131147540983607,4.21702735314437e-05,568,0.998163934426248
"ggCaller",568,1,189,7625,6378901,0.000131147540983607,2.9628928243282e-05,569,0.998295081967232
"ggCaller",569,1,453,7625,6378901,0.000131147540983607,7.10153676942157e-05,570,0.998426229508216
"ggCaller",570,1,1047,7625,6378901,0.000131147540983607,0.000164134856458816,571,0.998557377049199
"ggCaller",571,1,1125,7625,6378901,0.000131147540983607,0.000176362668114774,572,0.998688524590183
"ggCaller",572,1,270,7625,6378901,0.000131147540983607,4.23270403475458e-05,573,0.998819672131167
"ggCaller",573,1,234,7625,6378901,0.000131147540983607,3.6683434967873e-05,574,0.99895081967215
"ggCaller",574,1,540,7625,6378901,0.000131147540983607,8.46540806950915e-05,575,0.999081967213134
"ggCaller",575,1,108,7625,6378901,0.000131147540983607,1.69308161390183e-05,576,0.999213114754118
"ggCaller",576,1,807,7625,6378901,0.000131147540983607,0.000126510820594331,577,0.999344262295101
"ggCaller",577,1,206,7625,6378901,0.000131147540983607,3.22939641170164e-05,578,0.999475409836085
"ggCaller",578,1,348,7625,6378901,0.000131147540983607,5.45548520035034e-05,579,0.999606557377068
"ggCaller",579,1,165,7625,6378901,0.000131147540983607,2.58665246568335e-05,580,0.999737704918052
"ggCaller",580,1,897,7625,6378901,0.000131147540983607,0.000140619834043513,581,0.999868852459036
"ggCaller",581,1,195,7625,6378901,0.000131147540983607,3.05695291398942e-05,582,1.00000000000002
