"Isolate","Stx_type","virulencefinder_stx_complete","contig_stx_blast_assembly","fragmentation_status","Tool","complete_genomes","stx_value","stx_profile"
"DRR381601","stx_A",1,1,"Complete stx","BAKTA",0,1,"stx2a"
"DRR381601","stx_B",1,1,"Complete stx","BAKTA",0,1,"stx2a"
"DRR381601","stx_A",1,1,"Complete stx","BAKTA",100,1,"stx2a"
"DRR381601","stx_B",1,1,"Complete stx","BAKTA",100,1,"stx2a"
"DRR381601","stx_A",1,1,"Complete stx","PPanGGOLiN",0,1,"stx2a"
"DRR381601","stx_B",1,1,"Complete stx","PPanGGOLiN",0,1,"stx2a"
"DRR381601","stx_A",1,1,"Complete stx","PPanGGOLiN",10,1,"stx2a"
"DRR381601","stx_B",1,1,"Complete stx","PPanGGOLiN",10,1,"stx2a"
"DRR381601","stx_A",1,1,"Complete stx","PPanGGOLiN",50,1,"stx2a"
"DRR381601","stx_B",1,1,"Complete stx","PPanGGOLiN",50,1,"stx2a"
"DRR381601","stx_A",1,1,"Complete stx","PPanGGOLiN",90,1,"stx2a"
"DRR381601","stx_B",1,1,"Complete stx","PPanGGOLiN",90,1,"stx2a"
"DRR381601","stx_A",1,1,"Complete stx","PPanGGOLiN",100,1,"stx2a"
"DRR381601","stx_B",1,1,"Complete stx","PPanGGOLiN",100,1,"stx2a"
"DRR381601","stx_A",1,1,"Complete stx","Panaroo",0,1,"stx2a"
"DRR381601","stx_B",1,1,"Complete stx","Panaroo",0,1,"stx2a"
"DRR381601","stx_A",1,1,"Complete stx","Panaroo",10,1,"stx2a"
"DRR381601","stx_B",1,1,"Complete stx","Panaroo",10,1,"stx2a"
"DRR381601","stx_A",1,1,"Complete stx","Panaroo",50,1,"stx2a"
"DRR381601","stx_B",1,1,"Complete stx","Panaroo",50,1,"stx2a"
"DRR381601","stx_A",1,1,"Complete stx","Panaroo",90,1,"stx2a"
"DRR381601","stx_B",1,1,"Complete stx","Panaroo",90,1,"stx2a"
"DRR381601","stx_A",1,1,"Complete stx","Panaroo",100,1,"stx2a"
"DRR381601","stx_B",1,1,"Complete stx","Panaroo",100,1,"stx2a"
"DRR381601","stx_A",1,1,"Complete stx","Roary",0,1,"stx2a"
"DRR381601","stx_B",1,1,"Complete stx","Roary",0,1,"stx2a"
"DRR381601","stx_A",1,1,"Complete stx","Roary",10,1,"stx2a"
"DRR381601","stx_B",1,1,"Complete stx","Roary",10,1,"stx2a"
"DRR381601","stx_A",1,1,"Complete stx","Roary",50,1,"stx2a"
"DRR381601","stx_B",1,1,"Complete stx","Roary",50,1,"stx2a"
"DRR381601","stx_A",1,1,"Complete stx","Roary",90,1,"stx2a"
"DRR381601","stx_B",1,1,"Complete stx","Roary",90,1,"stx2a"
"DRR381601","stx_A",1,1,"Complete stx","Roary",100,1,"stx2a"
"DRR381601","stx_B",1,1,"Complete stx","Roary",100,1,"stx2a"
"DRR381601","stx_A",1,1,"Complete stx","ggCaller",0,1,"stx2a"
"DRR381601","stx_B",1,1,"Complete stx","ggCaller",0,1,"stx2a"
"DRR381601","stx_A",1,1,"Complete stx","ggCaller",10,1,"stx2a"
"DRR381601","stx_B",1,1,"Complete stx","ggCaller",10,1,"stx2a"
"DRR381601","stx_A",1,1,"Complete stx","ggCaller",50,3,"stx2a"
"DRR381601","stx_B",1,1,"Complete stx","ggCaller",50,2,"stx2a"
"DRR381601","stx_A",1,1,"Complete stx","ggCaller",90,3,"stx2a"
"DRR381601","stx_B",1,1,"Complete stx","ggCaller",90,2,"stx2a"
"DRR381601","stx_A",1,1,"Complete stx","ggCaller",100,3,"stx2a"
"DRR381601","stx_B",1,1,"Complete stx","ggCaller",100,2,"stx2a"
"DRR381603","stx_A",1,1,"Complete stx","BAKTA",0,1,"stx2a"
"DRR381603","stx_B",1,1,"Complete stx","BAKTA",0,1,"stx2a"
"DRR381603","stx_A",1,1,"Complete stx","BAKTA",100,1,"stx2a"
"DRR381603","stx_B",1,1,"Complete stx","BAKTA",100,1,"stx2a"
"DRR381603","stx_A",1,1,"Complete stx","PPanGGOLiN",0,1,"stx2a"
"DRR381603","stx_B",1,1,"Complete stx","PPanGGOLiN",0,1,"stx2a"
"DRR381603","stx_A",1,1,"Complete stx","PPanGGOLiN",10,1,"stx2a"
"DRR381603","stx_B",1,1,"Complete stx","PPanGGOLiN",10,1,"stx2a"
"DRR381603","stx_A",1,1,"Complete stx","PPanGGOLiN",50,1,"stx2a"
"DRR381603","stx_B",1,1,"Complete stx","PPanGGOLiN",50,1,"stx2a"
"DRR381603","stx_A",1,1,"Complete stx","PPanGGOLiN",90,1,"stx2a"
"DRR381603","stx_B",1,1,"Complete stx","PPanGGOLiN",90,1,"stx2a"
"DRR381603","stx_A",1,1,"Complete stx","PPanGGOLiN",100,1,"stx2a"
"DRR381603","stx_B",1,1,"Complete stx","PPanGGOLiN",100,1,"stx2a"
"DRR381603","stx_A",1,1,"Complete stx","Panaroo",0,1,"stx2a"
"DRR381603","stx_B",1,1,"Complete stx","Panaroo",0,1,"stx2a"
"DRR381603","stx_A",1,1,"Complete stx","Panaroo",10,1,"stx2a"
"DRR381603","stx_B",1,1,"Complete stx","Panaroo",10,1,"stx2a"
"DRR381603","stx_A",1,1,"Complete stx","Panaroo",50,1,"stx2a"
"DRR381603","stx_B",1,1,"Complete stx","Panaroo",50,1,"stx2a"
"DRR381603","stx_A",1,1,"Complete stx","Panaroo",90,1,"stx2a"
"DRR381603","stx_B",1,1,"Complete stx","Panaroo",90,1,"stx2a"
"DRR381603","stx_A",1,1,"Complete stx","Panaroo",100,1,"stx2a"
"DRR381603","stx_B",1,1,"Complete stx","Panaroo",100,1,"stx2a"
"DRR381603","stx_A",1,1,"Complete stx","Roary",0,1,"stx2a"
"DRR381603","stx_B",1,1,"Complete stx","Roary",0,1,"stx2a"
"DRR381603","stx_A",1,1,"Complete stx","Roary",10,1,"stx2a"
"DRR381603","stx_B",1,1,"Complete stx","Roary",10,1,"stx2a"
"DRR381603","stx_A",1,1,"Complete stx","Roary",50,1,"stx2a"
"DRR381603","stx_B",1,1,"Complete stx","Roary",50,1,"stx2a"
"DRR381603","stx_A",1,1,"Complete stx","Roary",90,1,"stx2a"
"DRR381603","stx_B",1,1,"Complete stx","Roary",90,1,"stx2a"
"DRR381603","stx_A",1,1,"Complete stx","Roary",100,1,"stx2a"
"DRR381603","stx_B",1,1,"Complete stx","Roary",100,1,"stx2a"
"DRR381603","stx_A",1,1,"Complete stx","ggCaller",0,1,"stx2a"
"DRR381603","stx_B",1,1,"Complete stx","ggCaller",0,1,"stx2a"
"DRR381603","stx_A",1,1,"Complete stx","ggCaller",10,1,"stx2a"
"DRR381603","stx_B",1,1,"Complete stx","ggCaller",10,1,"stx2a"
"DRR381603","stx_A",1,1,"Complete stx","ggCaller",50,3,"stx2a"
"DRR381603","stx_B",1,1,"Complete stx","ggCaller",50,2,"stx2a"
"DRR381603","stx_A",1,1,"Complete stx","ggCaller",90,3,"stx2a"
"DRR381603","stx_B",1,1,"Complete stx","ggCaller",90,1,"stx2a"
"DRR381603","stx_A",1,1,"Complete stx","ggCaller",100,3,"stx2a"
"DRR381603","stx_B",1,1,"Complete stx","ggCaller",100,1,"stx2a"
"DRR381607","stx_A",1,1,"Complete stx","BAKTA",0,1,"stx2a"
"DRR381607","stx_B",1,1,"Complete stx","BAKTA",0,1,"stx2a"
"DRR381607","stx_A",1,1,"Complete stx","BAKTA",100,1,"stx2a"
"DRR381607","stx_B",1,1,"Complete stx","BAKTA",100,1,"stx2a"
"DRR381607","stx_A",1,1,"Complete stx","PPanGGOLiN",0,1,"stx2a"
"DRR381607","stx_B",1,1,"Complete stx","PPanGGOLiN",0,1,"stx2a"
"DRR381607","stx_A",1,1,"Complete stx","PPanGGOLiN",10,1,"stx2a"
"DRR381607","stx_B",1,1,"Complete stx","PPanGGOLiN",10,1,"stx2a"
"DRR381607","stx_A",1,1,"Complete stx","PPanGGOLiN",50,1,"stx2a"
"DRR381607","stx_B",1,1,"Complete stx","PPanGGOLiN",50,1,"stx2a"
"DRR381607","stx_A",1,1,"Complete stx","PPanGGOLiN",90,1,"stx2a"
"DRR381607","stx_B",1,1,"Complete stx","PPanGGOLiN",90,1,"stx2a"
"DRR381607","stx_A",1,1,"Complete stx","PPanGGOLiN",100,1,"stx2a"
"DRR381607","stx_B",1,1,"Complete stx","PPanGGOLiN",100,1,"stx2a"
"DRR381607","stx_A",1,1,"Complete stx","Panaroo",0,1,"stx2a"
"DRR381607","stx_B",1,1,"Complete stx","Panaroo",0,1,"stx2a"
"DRR381607","stx_A",1,1,"Complete stx","Panaroo",10,1,"stx2a"
"DRR381607","stx_B",1,1,"Complete stx","Panaroo",10,1,"stx2a"
"DRR381607","stx_A",1,1,"Complete stx","Panaroo",50,1,"stx2a"
"DRR381607","stx_B",1,1,"Complete stx","Panaroo",50,1,"stx2a"
"DRR381607","stx_A",1,1,"Complete stx","Panaroo",90,1,"stx2a"
"DRR381607","stx_B",1,1,"Complete stx","Panaroo",90,1,"stx2a"
"DRR381607","stx_A",1,1,"Complete stx","Panaroo",100,1,"stx2a"
"DRR381607","stx_B",1,1,"Complete stx","Panaroo",100,1,"stx2a"
"DRR381607","stx_A",1,1,"Complete stx","Roary",0,1,"stx2a"
"DRR381607","stx_B",1,1,"Complete stx","Roary",0,1,"stx2a"
"DRR381607","stx_A",1,1,"Complete stx","Roary",10,1,"stx2a"
"DRR381607","stx_B",1,1,"Complete stx","Roary",10,1,"stx2a"
"DRR381607","stx_A",1,1,"Complete stx","Roary",50,1,"stx2a"
"DRR381607","stx_B",1,1,"Complete stx","Roary",50,1,"stx2a"
"DRR381607","stx_A",1,1,"Complete stx","Roary",90,1,"stx2a"
"DRR381607","stx_B",1,1,"Complete stx","Roary",90,1,"stx2a"
"DRR381607","stx_A",1,1,"Complete stx","Roary",100,1,"stx2a"
"DRR381607","stx_B",1,1,"Complete stx","Roary",100,1,"stx2a"
"DRR381607","stx_A",1,1,"Complete stx","ggCaller",0,1,"stx2a"
"DRR381607","stx_B",1,1,"Complete stx","ggCaller",0,1,"stx2a"
"DRR381607","stx_A",1,1,"Complete stx","ggCaller",10,1,"stx2a"
"DRR381607","stx_B",1,1,"Complete stx","ggCaller",10,1,"stx2a"
"DRR381607","stx_A",1,1,"Complete stx","ggCaller",50,3,"stx2a"
"DRR381607","stx_B",1,1,"Complete stx","ggCaller",50,1,"stx2a"
"DRR381607","stx_A",1,1,"Complete stx","ggCaller",90,3,"stx2a"
"DRR381607","stx_B",1,1,"Complete stx","ggCaller",90,1,"stx2a"
"DRR381607","stx_A",1,1,"Complete stx","ggCaller",100,3,"stx2a"
"DRR381607","stx_B",1,1,"Complete stx","ggCaller",100,1,"stx2a"
"DRR381616","stx_A",3,10,"Fragmented stx","BAKTA",0,0,"stx2a; stx2a; stx2c"
"DRR381616","stx_B",3,4,"Fragmented stx","BAKTA",0,0,"stx2a; stx2a; stx2c"
"DRR381616","stx_B",3,4,"Fragmented stx","BAKTA",0,0,"stx2a; stx2a; stx2c"
"DRR381616","stx_B",3,4,"Fragmented stx","BAKTA",0,0,"stx2a; stx2a; stx2c"
"DRR381616","stx_B",3,4,"Fragmented stx","BAKTA",0,0,"stx2a; stx2a; stx2c"
"DRR381616","stx_B",3,4,"Fragmented stx","BAKTA",0,0,"stx2a; stx2a; stx2c"
"DRR381616","stx_B",3,4,"Fragmented stx","BAKTA",0,0,"stx2a; stx2a; stx2c"
"DRR381616","stx_B",3,4,"Fragmented stx","BAKTA",0,0,"stx2a; stx2a; stx2c"
"DRR381616","stx_B",3,4,"Fragmented stx","BAKTA",0,0,"stx2a; stx2a; stx2c"
"DRR381616","stx_A",3,10,"Fragmented stx","BAKTA",100,3,"stx2a; stx2a; stx2c"
"DRR381616","stx_B",3,4,"Fragmented stx","BAKTA",100,3,"stx2a; stx2a; stx2c"
"DRR381616","stx_B",3,4,"Fragmented stx","BAKTA",100,3,"stx2a; stx2a; stx2c"
"DRR381616","stx_B",3,4,"Fragmented stx","BAKTA",100,3,"stx2a; stx2a; stx2c"
"DRR381616","stx_B",3,4,"Fragmented stx","BAKTA",100,3,"stx2a; stx2a; stx2c"
"DRR381616","stx_B",3,4,"Fragmented stx","BAKTA",100,3,"stx2a; stx2a; stx2c"
"DRR381616","stx_B",3,4,"Fragmented stx","BAKTA",100,3,"stx2a; stx2a; stx2c"
"DRR381616","stx_B",3,4,"Fragmented stx","BAKTA",100,3,"stx2a; stx2a; stx2c"
"DRR381616","stx_B",3,4,"Fragmented stx","BAKTA",100,3,"stx2a; stx2a; stx2c"
"DRR381616","stx_A",3,10,"Fragmented stx","PPanGGOLiN",0,0,"stx2a; stx2a; stx2c"
"DRR381616","stx_B",3,4,"Fragmented stx","PPanGGOLiN",0,0,"stx2a; stx2a; stx2c"
"DRR381616","stx_B",3,4,"Fragmented stx","PPanGGOLiN",0,0,"stx2a; stx2a; stx2c"
"DRR381616","stx_B",3,4,"Fragmented stx","PPanGGOLiN",0,0,"stx2a; stx2a; stx2c"
"DRR381616","stx_B",3,4,"Fragmented stx","PPanGGOLiN",0,0,"stx2a; stx2a; stx2c"
"DRR381616","stx_B",3,4,"Fragmented stx","PPanGGOLiN",0,0,"stx2a; stx2a; stx2c"
"DRR381616","stx_B",3,4,"Fragmented stx","PPanGGOLiN",0,0,"stx2a; stx2a; stx2c"
"DRR381616","stx_B",3,4,"Fragmented stx","PPanGGOLiN",0,0,"stx2a; stx2a; stx2c"
"DRR381616","stx_B",3,4,"Fragmented stx","PPanGGOLiN",0,0,"stx2a; stx2a; stx2c"
"DRR381616","stx_A",3,10,"Fragmented stx","PPanGGOLiN",10,0,"stx2a; stx2a; stx2c"
"DRR381616","stx_B",3,4,"Fragmented stx","PPanGGOLiN",10,0,"stx2a; stx2a; stx2c"
"DRR381616","stx_B",3,4,"Fragmented stx","PPanGGOLiN",10,0,"stx2a; stx2a; stx2c"
"DRR381616","stx_B",3,4,"Fragmented stx","PPanGGOLiN",10,0,"stx2a; stx2a; stx2c"
"DRR381616","stx_B",3,4,"Fragmented stx","PPanGGOLiN",10,0,"stx2a; stx2a; stx2c"
"DRR381616","stx_B",3,4,"Fragmented stx","PPanGGOLiN",10,0,"stx2a; stx2a; stx2c"
"DRR381616","stx_B",3,4,"Fragmented stx","PPanGGOLiN",10,0,"stx2a; stx2a; stx2c"
"DRR381616","stx_B",3,4,"Fragmented stx","PPanGGOLiN",10,0,"stx2a; stx2a; stx2c"
"DRR381616","stx_B",3,4,"Fragmented stx","PPanGGOLiN",10,0,"stx2a; stx2a; stx2c"
"DRR381616","stx_A",3,10,"Fragmented stx","PPanGGOLiN",50,1,"stx2a; stx2a; stx2c"
"DRR381616","stx_B",3,4,"Fragmented stx","PPanGGOLiN",50,1,"stx2a; stx2a; stx2c"
"DRR381616","stx_B",3,4,"Fragmented stx","PPanGGOLiN",50,1,"stx2a; stx2a; stx2c"
"DRR381616","stx_B",3,4,"Fragmented stx","PPanGGOLiN",50,1,"stx2a; stx2a; stx2c"
"DRR381616","stx_B",3,4,"Fragmented stx","PPanGGOLiN",50,1,"stx2a; stx2a; stx2c"
"DRR381616","stx_B",3,4,"Fragmented stx","PPanGGOLiN",50,1,"stx2a; stx2a; stx2c"
"DRR381616","stx_B",3,4,"Fragmented stx","PPanGGOLiN",50,1,"stx2a; stx2a; stx2c"
"DRR381616","stx_B",3,4,"Fragmented stx","PPanGGOLiN",50,1,"stx2a; stx2a; stx2c"
"DRR381616","stx_B",3,4,"Fragmented stx","PPanGGOLiN",50,1,"stx2a; stx2a; stx2c"
"DRR381616","stx_A",3,10,"Fragmented stx","PPanGGOLiN",90,1,"stx2a; stx2a; stx2c"
"DRR381616","stx_B",3,4,"Fragmented stx","PPanGGOLiN",90,1,"stx2a; stx2a; stx2c"
"DRR381616","stx_B",3,4,"Fragmented stx","PPanGGOLiN",90,1,"stx2a; stx2a; stx2c"
"DRR381616","stx_B",3,4,"Fragmented stx","PPanGGOLiN",90,1,"stx2a; stx2a; stx2c"
"DRR381616","stx_B",3,4,"Fragmented stx","PPanGGOLiN",90,1,"stx2a; stx2a; stx2c"
"DRR381616","stx_B",3,4,"Fragmented stx","PPanGGOLiN",90,1,"stx2a; stx2a; stx2c"
"DRR381616","stx_B",3,4,"Fragmented stx","PPanGGOLiN",90,1,"stx2a; stx2a; stx2c"
"DRR381616","stx_B",3,4,"Fragmented stx","PPanGGOLiN",90,1,"stx2a; stx2a; stx2c"
"DRR381616","stx_B",3,4,"Fragmented stx","PPanGGOLiN",90,1,"stx2a; stx2a; stx2c"
"DRR381616","stx_A",3,10,"Fragmented stx","PPanGGOLiN",100,1,"stx2a; stx2a; stx2c"
"DRR381616","stx_B",3,4,"Fragmented stx","PPanGGOLiN",100,1,"stx2a; stx2a; stx2c"
"DRR381616","stx_B",3,4,"Fragmented stx","PPanGGOLiN",100,1,"stx2a; stx2a; stx2c"
"DRR381616","stx_B",3,4,"Fragmented stx","PPanGGOLiN",100,1,"stx2a; stx2a; stx2c"
"DRR381616","stx_B",3,4,"Fragmented stx","PPanGGOLiN",100,1,"stx2a; stx2a; stx2c"
"DRR381616","stx_B",3,4,"Fragmented stx","PPanGGOLiN",100,1,"stx2a; stx2a; stx2c"
"DRR381616","stx_B",3,4,"Fragmented stx","PPanGGOLiN",100,1,"stx2a; stx2a; stx2c"
"DRR381616","stx_B",3,4,"Fragmented stx","PPanGGOLiN",100,1,"stx2a; stx2a; stx2c"
"DRR381616","stx_B",3,4,"Fragmented stx","PPanGGOLiN",100,1,"stx2a; stx2a; stx2c"
"DRR381616","stx_A",3,10,"Fragmented stx","Panaroo",0,0,"stx2a; stx2a; stx2c"
"DRR381616","stx_B",3,4,"Fragmented stx","Panaroo",0,0,"stx2a; stx2a; stx2c"
"DRR381616","stx_B",3,4,"Fragmented stx","Panaroo",0,0,"stx2a; stx2a; stx2c"
"DRR381616","stx_B",3,4,"Fragmented stx","Panaroo",0,0,"stx2a; stx2a; stx2c"
"DRR381616","stx_B",3,4,"Fragmented stx","Panaroo",0,0,"stx2a; stx2a; stx2c"
"DRR381616","stx_B",3,4,"Fragmented stx","Panaroo",0,0,"stx2a; stx2a; stx2c"
"DRR381616","stx_B",3,4,"Fragmented stx","Panaroo",0,0,"stx2a; stx2a; stx2c"
"DRR381616","stx_B",3,4,"Fragmented stx","Panaroo",0,0,"stx2a; stx2a; stx2c"
"DRR381616","stx_B",3,4,"Fragmented stx","Panaroo",0,0,"stx2a; stx2a; stx2c"
"DRR381616","stx_A",3,10,"Fragmented stx","Panaroo",10,0,"stx2a; stx2a; stx2c"
"DRR381616","stx_B",3,4,"Fragmented stx","Panaroo",10,0,"stx2a; stx2a; stx2c"
"DRR381616","stx_B",3,4,"Fragmented stx","Panaroo",10,0,"stx2a; stx2a; stx2c"
"DRR381616","stx_B",3,4,"Fragmented stx","Panaroo",10,0,"stx2a; stx2a; stx2c"
"DRR381616","stx_B",3,4,"Fragmented stx","Panaroo",10,0,"stx2a; stx2a; stx2c"
"DRR381616","stx_B",3,4,"Fragmented stx","Panaroo",10,0,"stx2a; stx2a; stx2c"
"DRR381616","stx_B",3,4,"Fragmented stx","Panaroo",10,0,"stx2a; stx2a; stx2c"
"DRR381616","stx_B",3,4,"Fragmented stx","Panaroo",10,0,"stx2a; stx2a; stx2c"
"DRR381616","stx_B",3,4,"Fragmented stx","Panaroo",10,0,"stx2a; stx2a; stx2c"
"DRR381616","stx_A",3,10,"Fragmented stx","Panaroo",50,1,"stx2a; stx2a; stx2c"
"DRR381616","stx_B",3,4,"Fragmented stx","Panaroo",50,2,"stx2a; stx2a; stx2c"
"DRR381616","stx_B",3,4,"Fragmented stx","Panaroo",50,2,"stx2a; stx2a; stx2c"
"DRR381616","stx_B",3,4,"Fragmented stx","Panaroo",50,2,"stx2a; stx2a; stx2c"
"DRR381616","stx_B",3,4,"Fragmented stx","Panaroo",50,2,"stx2a; stx2a; stx2c"
"DRR381616","stx_B",3,4,"Fragmented stx","Panaroo",50,2,"stx2a; stx2a; stx2c"
"DRR381616","stx_B",3,4,"Fragmented stx","Panaroo",50,2,"stx2a; stx2a; stx2c"
"DRR381616","stx_B",3,4,"Fragmented stx","Panaroo",50,2,"stx2a; stx2a; stx2c"
"DRR381616","stx_B",3,4,"Fragmented stx","Panaroo",50,2,"stx2a; stx2a; stx2c"
"DRR381616","stx_A",3,10,"Fragmented stx","Panaroo",90,1,"stx2a; stx2a; stx2c"
"DRR381616","stx_B",3,4,"Fragmented stx","Panaroo",90,2,"stx2a; stx2a; stx2c"
"DRR381616","stx_B",3,4,"Fragmented stx","Panaroo",90,2,"stx2a; stx2a; stx2c"
"DRR381616","stx_B",3,4,"Fragmented stx","Panaroo",90,2,"stx2a; stx2a; stx2c"
"DRR381616","stx_B",3,4,"Fragmented stx","Panaroo",90,2,"stx2a; stx2a; stx2c"
"DRR381616","stx_B",3,4,"Fragmented stx","Panaroo",90,2,"stx2a; stx2a; stx2c"
"DRR381616","stx_B",3,4,"Fragmented stx","Panaroo",90,2,"stx2a; stx2a; stx2c"
"DRR381616","stx_B",3,4,"Fragmented stx","Panaroo",90,2,"stx2a; stx2a; stx2c"
"DRR381616","stx_B",3,4,"Fragmented stx","Panaroo",90,2,"stx2a; stx2a; stx2c"
"DRR381616","stx_A",3,10,"Fragmented stx","Panaroo",100,1,"stx2a; stx2a; stx2c"
"DRR381616","stx_B",3,4,"Fragmented stx","Panaroo",100,2,"stx2a; stx2a; stx2c"
"DRR381616","stx_B",3,4,"Fragmented stx","Panaroo",100,2,"stx2a; stx2a; stx2c"
"DRR381616","stx_B",3,4,"Fragmented stx","Panaroo",100,2,"stx2a; stx2a; stx2c"
"DRR381616","stx_B",3,4,"Fragmented stx","Panaroo",100,2,"stx2a; stx2a; stx2c"
"DRR381616","stx_B",3,4,"Fragmented stx","Panaroo",100,2,"stx2a; stx2a; stx2c"
"DRR381616","stx_B",3,4,"Fragmented stx","Panaroo",100,2,"stx2a; stx2a; stx2c"
"DRR381616","stx_B",3,4,"Fragmented stx","Panaroo",100,2,"stx2a; stx2a; stx2c"
"DRR381616","stx_B",3,4,"Fragmented stx","Panaroo",100,2,"stx2a; stx2a; stx2c"
"DRR381616","stx_A",3,10,"Fragmented stx","Roary",0,0,"stx2a; stx2a; stx2c"
"DRR381616","stx_B",3,4,"Fragmented stx","Roary",0,0,"stx2a; stx2a; stx2c"
"DRR381616","stx_B",3,4,"Fragmented stx","Roary",0,0,"stx2a; stx2a; stx2c"
"DRR381616","stx_B",3,4,"Fragmented stx","Roary",0,0,"stx2a; stx2a; stx2c"
"DRR381616","stx_B",3,4,"Fragmented stx","Roary",0,0,"stx2a; stx2a; stx2c"
"DRR381616","stx_B",3,4,"Fragmented stx","Roary",0,0,"stx2a; stx2a; stx2c"
"DRR381616","stx_B",3,4,"Fragmented stx","Roary",0,0,"stx2a; stx2a; stx2c"
"DRR381616","stx_B",3,4,"Fragmented stx","Roary",0,0,"stx2a; stx2a; stx2c"
"DRR381616","stx_B",3,4,"Fragmented stx","Roary",0,0,"stx2a; stx2a; stx2c"
"DRR381616","stx_A",3,10,"Fragmented stx","Roary",10,0,"stx2a; stx2a; stx2c"
"DRR381616","stx_B",3,4,"Fragmented stx","Roary",10,0,"stx2a; stx2a; stx2c"
"DRR381616","stx_B",3,4,"Fragmented stx","Roary",10,0,"stx2a; stx2a; stx2c"
"DRR381616","stx_B",3,4,"Fragmented stx","Roary",10,0,"stx2a; stx2a; stx2c"
"DRR381616","stx_B",3,4,"Fragmented stx","Roary",10,0,"stx2a; stx2a; stx2c"
"DRR381616","stx_B",3,4,"Fragmented stx","Roary",10,0,"stx2a; stx2a; stx2c"
"DRR381616","stx_B",3,4,"Fragmented stx","Roary",10,0,"stx2a; stx2a; stx2c"
"DRR381616","stx_B",3,4,"Fragmented stx","Roary",10,0,"stx2a; stx2a; stx2c"
"DRR381616","stx_B",3,4,"Fragmented stx","Roary",10,0,"stx2a; stx2a; stx2c"
"DRR381616","stx_A",3,10,"Fragmented stx","Roary",50,3,"stx2a; stx2a; stx2c"
"DRR381616","stx_B",3,4,"Fragmented stx","Roary",50,1,"stx2a; stx2a; stx2c"
"DRR381616","stx_B",3,4,"Fragmented stx","Roary",50,1,"stx2a; stx2a; stx2c"
"DRR381616","stx_B",3,4,"Fragmented stx","Roary",50,1,"stx2a; stx2a; stx2c"
"DRR381616","stx_B",3,4,"Fragmented stx","Roary",50,1,"stx2a; stx2a; stx2c"
"DRR381616","stx_B",3,4,"Fragmented stx","Roary",50,2,"stx2a; stx2a; stx2c"
"DRR381616","stx_B",3,4,"Fragmented stx","Roary",50,2,"stx2a; stx2a; stx2c"
"DRR381616","stx_B",3,4,"Fragmented stx","Roary",50,2,"stx2a; stx2a; stx2c"
"DRR381616","stx_B",3,4,"Fragmented stx","Roary",50,2,"stx2a; stx2a; stx2c"
"DRR381616","stx_A",3,10,"Fragmented stx","Roary",90,3,"stx2a; stx2a; stx2c"
"DRR381616","stx_B",3,4,"Fragmented stx","Roary",90,1,"stx2a; stx2a; stx2c"
"DRR381616","stx_B",3,4,"Fragmented stx","Roary",90,1,"stx2a; stx2a; stx2c"
"DRR381616","stx_B",3,4,"Fragmented stx","Roary",90,2,"stx2a; stx2a; stx2c"
"DRR381616","stx_B",3,4,"Fragmented stx","Roary",90,2,"stx2a; stx2a; stx2c"
"DRR381616","stx_B",3,4,"Fragmented stx","Roary",90,1,"stx2a; stx2a; stx2c"
"DRR381616","stx_B",3,4,"Fragmented stx","Roary",90,1,"stx2a; stx2a; stx2c"
"DRR381616","stx_B",3,4,"Fragmented stx","Roary",90,2,"stx2a; stx2a; stx2c"
"DRR381616","stx_B",3,4,"Fragmented stx","Roary",90,2,"stx2a; stx2a; stx2c"
"DRR381616","stx_A",3,10,"Fragmented stx","Roary",100,3,"stx2a; stx2a; stx2c"
"DRR381616","stx_B",3,4,"Fragmented stx","Roary",100,2,"stx2a; stx2a; stx2c"
"DRR381616","stx_B",3,4,"Fragmented stx","Roary",100,1,"stx2a; stx2a; stx2c"
"DRR381616","stx_B",3,4,"Fragmented stx","Roary",100,2,"stx2a; stx2a; stx2c"
"DRR381616","stx_B",3,4,"Fragmented stx","Roary",100,1,"stx2a; stx2a; stx2c"
"DRR381616","stx_B",3,4,"Fragmented stx","Roary",100,2,"stx2a; stx2a; stx2c"
"DRR381616","stx_B",3,4,"Fragmented stx","Roary",100,1,"stx2a; stx2a; stx2c"
"DRR381616","stx_B",3,4,"Fragmented stx","Roary",100,2,"stx2a; stx2a; stx2c"
"DRR381616","stx_B",3,4,"Fragmented stx","Roary",100,1,"stx2a; stx2a; stx2c"
"DRR381616","stx_A",3,10,"Fragmented stx","ggCaller",0,0,"stx2a; stx2a; stx2c"
"DRR381616","stx_B",3,4,"Fragmented stx","ggCaller",0,0,"stx2a; stx2a; stx2c"
"DRR381616","stx_B",3,4,"Fragmented stx","ggCaller",0,0,"stx2a; stx2a; stx2c"
"DRR381616","stx_B",3,4,"Fragmented stx","ggCaller",0,0,"stx2a; stx2a; stx2c"
"DRR381616","stx_B",3,4,"Fragmented stx","ggCaller",0,0,"stx2a; stx2a; stx2c"
"DRR381616","stx_B",3,4,"Fragmented stx","ggCaller",0,0,"stx2a; stx2a; stx2c"
"DRR381616","stx_B",3,4,"Fragmented stx","ggCaller",0,0,"stx2a; stx2a; stx2c"
"DRR381616","stx_B",3,4,"Fragmented stx","ggCaller",0,0,"stx2a; stx2a; stx2c"
"DRR381616","stx_B",3,4,"Fragmented stx","ggCaller",0,0,"stx2a; stx2a; stx2c"
"DRR381616","stx_A",3,10,"Fragmented stx","ggCaller",10,0,"stx2a; stx2a; stx2c"
"DRR381616","stx_B",3,4,"Fragmented stx","ggCaller",10,0,"stx2a; stx2a; stx2c"
"DRR381616","stx_B",3,4,"Fragmented stx","ggCaller",10,0,"stx2a; stx2a; stx2c"
"DRR381616","stx_B",3,4,"Fragmented stx","ggCaller",10,0,"stx2a; stx2a; stx2c"
"DRR381616","stx_B",3,4,"Fragmented stx","ggCaller",10,0,"stx2a; stx2a; stx2c"
"DRR381616","stx_B",3,4,"Fragmented stx","ggCaller",10,0,"stx2a; stx2a; stx2c"
"DRR381616","stx_B",3,4,"Fragmented stx","ggCaller",10,0,"stx2a; stx2a; stx2c"
"DRR381616","stx_B",3,4,"Fragmented stx","ggCaller",10,0,"stx2a; stx2a; stx2c"
"DRR381616","stx_B",3,4,"Fragmented stx","ggCaller",10,0,"stx2a; stx2a; stx2c"
"DRR381616","stx_A",3,10,"Fragmented stx","ggCaller",50,3,"stx2a; stx2a; stx2c"
"DRR381616","stx_B",3,4,"Fragmented stx","ggCaller",50,2,"stx2a; stx2a; stx2c"
"DRR381616","stx_B",3,4,"Fragmented stx","ggCaller",50,2,"stx2a; stx2a; stx2c"
"DRR381616","stx_B",3,4,"Fragmented stx","ggCaller",50,2,"stx2a; stx2a; stx2c"
"DRR381616","stx_B",3,4,"Fragmented stx","ggCaller",50,2,"stx2a; stx2a; stx2c"
"DRR381616","stx_B",3,4,"Fragmented stx","ggCaller",50,2,"stx2a; stx2a; stx2c"
"DRR381616","stx_B",3,4,"Fragmented stx","ggCaller",50,2,"stx2a; stx2a; stx2c"
"DRR381616","stx_B",3,4,"Fragmented stx","ggCaller",50,2,"stx2a; stx2a; stx2c"
"DRR381616","stx_B",3,4,"Fragmented stx","ggCaller",50,2,"stx2a; stx2a; stx2c"
"DRR381616","stx_A",3,10,"Fragmented stx","ggCaller",90,3,"stx2a; stx2a; stx2c"
"DRR381616","stx_B",3,4,"Fragmented stx","ggCaller",90,2,"stx2a; stx2a; stx2c"
"DRR381616","stx_B",3,4,"Fragmented stx","ggCaller",90,2,"stx2a; stx2a; stx2c"
"DRR381616","stx_B",3,4,"Fragmented stx","ggCaller",90,2,"stx2a; stx2a; stx2c"
"DRR381616","stx_B",3,4,"Fragmented stx","ggCaller",90,2,"stx2a; stx2a; stx2c"
"DRR381616","stx_B",3,4,"Fragmented stx","ggCaller",90,2,"stx2a; stx2a; stx2c"
"DRR381616","stx_B",3,4,"Fragmented stx","ggCaller",90,2,"stx2a; stx2a; stx2c"
"DRR381616","stx_B",3,4,"Fragmented stx","ggCaller",90,2,"stx2a; stx2a; stx2c"
"DRR381616","stx_B",3,4,"Fragmented stx","ggCaller",90,2,"stx2a; stx2a; stx2c"
"DRR381616","stx_A",3,10,"Fragmented stx","ggCaller",100,3,"stx2a; stx2a; stx2c"
"DRR381616","stx_B",3,4,"Fragmented stx","ggCaller",100,2,"stx2a; stx2a; stx2c"
"DRR381616","stx_B",3,4,"Fragmented stx","ggCaller",100,2,"stx2a; stx2a; stx2c"
"DRR381616","stx_B",3,4,"Fragmented stx","ggCaller",100,2,"stx2a; stx2a; stx2c"
"DRR381616","stx_B",3,4,"Fragmented stx","ggCaller",100,2,"stx2a; stx2a; stx2c"
"DRR381616","stx_B",3,4,"Fragmented stx","ggCaller",100,2,"stx2a; stx2a; stx2c"
"DRR381616","stx_B",3,4,"Fragmented stx","ggCaller",100,2,"stx2a; stx2a; stx2c"
"DRR381616","stx_B",3,4,"Fragmented stx","ggCaller",100,2,"stx2a; stx2a; stx2c"
"DRR381616","stx_B",3,4,"Fragmented stx","ggCaller",100,2,"stx2a; stx2a; stx2c"
"DRR381634","stx_A",1,1,"Complete stx","BAKTA",0,1,"stx2a"
"DRR381634","stx_B",1,1,"Complete stx","BAKTA",0,1,"stx2a"
"DRR381634","stx_A",1,1,"Complete stx","BAKTA",100,1,"stx2a"
"DRR381634","stx_B",1,1,"Complete stx","BAKTA",100,1,"stx2a"
"DRR381634","stx_A",1,1,"Complete stx","PPanGGOLiN",0,1,"stx2a"
"DRR381634","stx_B",1,1,"Complete stx","PPanGGOLiN",0,1,"stx2a"
"DRR381634","stx_A",1,1,"Complete stx","PPanGGOLiN",10,1,"stx2a"
"DRR381634","stx_B",1,1,"Complete stx","PPanGGOLiN",10,1,"stx2a"
"DRR381634","stx_A",1,1,"Complete stx","PPanGGOLiN",50,1,"stx2a"
"DRR381634","stx_B",1,1,"Complete stx","PPanGGOLiN",50,1,"stx2a"
"DRR381634","stx_A",1,1,"Complete stx","PPanGGOLiN",90,1,"stx2a"
"DRR381634","stx_B",1,1,"Complete stx","PPanGGOLiN",90,1,"stx2a"
"DRR381634","stx_A",1,1,"Complete stx","PPanGGOLiN",100,1,"stx2a"
"DRR381634","stx_B",1,1,"Complete stx","PPanGGOLiN",100,1,"stx2a"
"DRR381634","stx_A",1,1,"Complete stx","Panaroo",0,1,"stx2a"
"DRR381634","stx_B",1,1,"Complete stx","Panaroo",0,1,"stx2a"
"DRR381634","stx_A",1,1,"Complete stx","Panaroo",10,1,"stx2a"
"DRR381634","stx_B",1,1,"Complete stx","Panaroo",10,1,"stx2a"
"DRR381634","stx_A",1,1,"Complete stx","Panaroo",50,1,"stx2a"
"DRR381634","stx_B",1,1,"Complete stx","Panaroo",50,1,"stx2a"
"DRR381634","stx_A",1,1,"Complete stx","Panaroo",90,1,"stx2a"
"DRR381634","stx_B",1,1,"Complete stx","Panaroo",90,1,"stx2a"
"DRR381634","stx_A",1,1,"Complete stx","Panaroo",100,1,"stx2a"
"DRR381634","stx_B",1,1,"Complete stx","Panaroo",100,1,"stx2a"
"DRR381634","stx_A",1,1,"Complete stx","Roary",0,1,"stx2a"
"DRR381634","stx_B",1,1,"Complete stx","Roary",0,1,"stx2a"
"DRR381634","stx_A",1,1,"Complete stx","Roary",10,1,"stx2a"
"DRR381634","stx_B",1,1,"Complete stx","Roary",10,1,"stx2a"
"DRR381634","stx_A",1,1,"Complete stx","Roary",50,1,"stx2a"
"DRR381634","stx_B",1,1,"Complete stx","Roary",50,1,"stx2a"
"DRR381634","stx_A",1,1,"Complete stx","Roary",90,1,"stx2a"
"DRR381634","stx_B",1,1,"Complete stx","Roary",90,1,"stx2a"
"DRR381634","stx_A",1,1,"Complete stx","Roary",100,1,"stx2a"
"DRR381634","stx_B",1,1,"Complete stx","Roary",100,1,"stx2a"
"DRR381634","stx_A",1,1,"Complete stx","ggCaller",0,1,"stx2a"
"DRR381634","stx_B",1,1,"Complete stx","ggCaller",0,1,"stx2a"
"DRR381634","stx_A",1,1,"Complete stx","ggCaller",10,1,"stx2a"
"DRR381634","stx_B",1,1,"Complete stx","ggCaller",10,1,"stx2a"
"DRR381634","stx_A",1,1,"Complete stx","ggCaller",50,3,"stx2a"
"DRR381634","stx_B",1,1,"Complete stx","ggCaller",50,2,"stx2a"
"DRR381634","stx_A",1,1,"Complete stx","ggCaller",90,3,"stx2a"
"DRR381634","stx_B",1,1,"Complete stx","ggCaller",90,2,"stx2a"
"DRR381634","stx_A",1,1,"Complete stx","ggCaller",100,3,"stx2a"
"DRR381634","stx_B",1,1,"Complete stx","ggCaller",100,2,"stx2a"
"DRR381635","stx_A",1,1,"Complete stx","BAKTA",0,1,"stx2a"
"DRR381635","stx_B",1,1,"Complete stx","BAKTA",0,1,"stx2a"
"DRR381635","stx_A",1,1,"Complete stx","BAKTA",100,1,"stx2a"
"DRR381635","stx_B",1,1,"Complete stx","BAKTA",100,1,"stx2a"
"DRR381635","stx_A",1,1,"Complete stx","PPanGGOLiN",0,1,"stx2a"
"DRR381635","stx_B",1,1,"Complete stx","PPanGGOLiN",0,1,"stx2a"
"DRR381635","stx_A",1,1,"Complete stx","PPanGGOLiN",10,1,"stx2a"
"DRR381635","stx_B",1,1,"Complete stx","PPanGGOLiN",10,1,"stx2a"
"DRR381635","stx_A",1,1,"Complete stx","PPanGGOLiN",50,1,"stx2a"
"DRR381635","stx_B",1,1,"Complete stx","PPanGGOLiN",50,1,"stx2a"
"DRR381635","stx_A",1,1,"Complete stx","PPanGGOLiN",90,1,"stx2a"
"DRR381635","stx_B",1,1,"Complete stx","PPanGGOLiN",90,1,"stx2a"
"DRR381635","stx_A",1,1,"Complete stx","PPanGGOLiN",100,1,"stx2a"
"DRR381635","stx_B",1,1,"Complete stx","PPanGGOLiN",100,1,"stx2a"
"DRR381635","stx_A",1,1,"Complete stx","Panaroo",0,1,"stx2a"
"DRR381635","stx_B",1,1,"Complete stx","Panaroo",0,1,"stx2a"
"DRR381635","stx_A",1,1,"Complete stx","Panaroo",10,1,"stx2a"
"DRR381635","stx_B",1,1,"Complete stx","Panaroo",10,1,"stx2a"
"DRR381635","stx_A",1,1,"Complete stx","Panaroo",50,1,"stx2a"
"DRR381635","stx_B",1,1,"Complete stx","Panaroo",50,1,"stx2a"
"DRR381635","stx_A",1,1,"Complete stx","Panaroo",90,1,"stx2a"
"DRR381635","stx_B",1,1,"Complete stx","Panaroo",90,1,"stx2a"
"DRR381635","stx_A",1,1,"Complete stx","Panaroo",100,1,"stx2a"
"DRR381635","stx_B",1,1,"Complete stx","Panaroo",100,1,"stx2a"
"DRR381635","stx_A",1,1,"Complete stx","Roary",0,1,"stx2a"
"DRR381635","stx_B",1,1,"Complete stx","Roary",0,1,"stx2a"
"DRR381635","stx_A",1,1,"Complete stx","Roary",10,1,"stx2a"
"DRR381635","stx_B",1,1,"Complete stx","Roary",10,1,"stx2a"
"DRR381635","stx_A",1,1,"Complete stx","Roary",50,1,"stx2a"
"DRR381635","stx_B",1,1,"Complete stx","Roary",50,1,"stx2a"
"DRR381635","stx_A",1,1,"Complete stx","Roary",90,1,"stx2a"
"DRR381635","stx_B",1,1,"Complete stx","Roary",90,1,"stx2a"
"DRR381635","stx_A",1,1,"Complete stx","Roary",100,1,"stx2a"
"DRR381635","stx_B",1,1,"Complete stx","Roary",100,1,"stx2a"
"DRR381635","stx_A",1,1,"Complete stx","ggCaller",0,1,"stx2a"
"DRR381635","stx_B",1,1,"Complete stx","ggCaller",0,1,"stx2a"
"DRR381635","stx_A",1,1,"Complete stx","ggCaller",10,1,"stx2a"
"DRR381635","stx_B",1,1,"Complete stx","ggCaller",10,1,"stx2a"
"DRR381635","stx_A",1,1,"Complete stx","ggCaller",50,3,"stx2a"
"DRR381635","stx_B",1,1,"Complete stx","ggCaller",50,2,"stx2a"
"DRR381635","stx_A",1,1,"Complete stx","ggCaller",90,3,"stx2a"
"DRR381635","stx_B",1,1,"Complete stx","ggCaller",90,1,"stx2a"
"DRR381635","stx_A",1,1,"Complete stx","ggCaller",100,3,"stx2a"
"DRR381635","stx_B",1,1,"Complete stx","ggCaller",100,1,"stx2a"
"DRR381661","stx_A",2,4,"Fragmented stx","BAKTA",0,1,"stx2a; stx2c"
"DRR381661","stx_B",2,4,"Fragmented stx","BAKTA",0,0,"stx2a; stx2c"
"DRR381661","stx_A",2,4,"Fragmented stx","BAKTA",100,2,"stx2a; stx2c"
"DRR381661","stx_B",2,4,"Fragmented stx","BAKTA",100,2,"stx2a; stx2c"
"DRR381661","stx_A",2,4,"Fragmented stx","PPanGGOLiN",0,1,"stx2a; stx2c"
"DRR381661","stx_B",2,4,"Fragmented stx","PPanGGOLiN",0,0,"stx2a; stx2c"
"DRR381661","stx_A",2,4,"Fragmented stx","PPanGGOLiN",10,1,"stx2a; stx2c"
"DRR381661","stx_B",2,4,"Fragmented stx","PPanGGOLiN",10,0,"stx2a; stx2c"
"DRR381661","stx_A",2,4,"Fragmented stx","PPanGGOLiN",50,1,"stx2a; stx2c"
"DRR381661","stx_B",2,4,"Fragmented stx","PPanGGOLiN",50,0,"stx2a; stx2c"
"DRR381661","stx_A",2,4,"Fragmented stx","PPanGGOLiN",90,1,"stx2a; stx2c"
"DRR381661","stx_B",2,4,"Fragmented stx","PPanGGOLiN",90,1,"stx2a; stx2c"
"DRR381661","stx_A",2,4,"Fragmented stx","PPanGGOLiN",100,1,"stx2a; stx2c"
"DRR381661","stx_B",2,4,"Fragmented stx","PPanGGOLiN",100,1,"stx2a; stx2c"
"DRR381661","stx_A",2,4,"Fragmented stx","Panaroo",0,1,"stx2a; stx2c"
"DRR381661","stx_B",2,4,"Fragmented stx","Panaroo",0,0,"stx2a; stx2c"
"DRR381661","stx_A",2,4,"Fragmented stx","Panaroo",10,1,"stx2a; stx2c"
"DRR381661","stx_B",2,4,"Fragmented stx","Panaroo",10,0,"stx2a; stx2c"
"DRR381661","stx_A",2,4,"Fragmented stx","Panaroo",50,1,"stx2a; stx2c"
"DRR381661","stx_B",2,4,"Fragmented stx","Panaroo",50,0,"stx2a; stx2c"
"DRR381661","stx_A",2,4,"Fragmented stx","Panaroo",90,1,"stx2a; stx2c"
"DRR381661","stx_B",2,4,"Fragmented stx","Panaroo",90,2,"stx2a; stx2c"
"DRR381661","stx_A",2,4,"Fragmented stx","Panaroo",100,1,"stx2a; stx2c"
"DRR381661","stx_B",2,4,"Fragmented stx","Panaroo",100,2,"stx2a; stx2c"
"DRR381661","stx_A",2,4,"Fragmented stx","Roary",0,1,"stx2a; stx2c"
"DRR381661","stx_B",2,4,"Fragmented stx","Roary",0,0,"stx2a; stx2c"
"DRR381661","stx_A",2,4,"Fragmented stx","Roary",10,1,"stx2a; stx2c"
"DRR381661","stx_B",2,4,"Fragmented stx","Roary",10,0,"stx2a; stx2c"
"DRR381661","stx_A",2,4,"Fragmented stx","Roary",50,1,"stx2a; stx2c"
"DRR381661","stx_B",2,4,"Fragmented stx","Roary",50,0,"stx2a; stx2c"
"DRR381661","stx_A",2,4,"Fragmented stx","Roary",90,2,"stx2a; stx2c"
"DRR381661","stx_B",2,4,"Fragmented stx","Roary",90,1,"stx2a; stx2c"
"DRR381661","stx_A",2,4,"Fragmented stx","Roary",100,2,"stx2a; stx2c"
"DRR381661","stx_B",2,4,"Fragmented stx","Roary",100,1,"stx2a; stx2c"
"DRR381661","stx_A",2,4,"Fragmented stx","ggCaller",0,1,"stx2a; stx2c"
"DRR381661","stx_B",2,4,"Fragmented stx","ggCaller",0,0,"stx2a; stx2c"
"DRR381661","stx_A",2,4,"Fragmented stx","ggCaller",10,1,"stx2a; stx2c"
"DRR381661","stx_B",2,4,"Fragmented stx","ggCaller",10,0,"stx2a; stx2c"
"DRR381661","stx_A",2,4,"Fragmented stx","ggCaller",50,1,"stx2a; stx2c"
"DRR381661","stx_B",2,4,"Fragmented stx","ggCaller",50,0,"stx2a; stx2c"
"DRR381661","stx_A",2,4,"Fragmented stx","ggCaller",90,3,"stx2a; stx2c"
"DRR381661","stx_B",2,4,"Fragmented stx","ggCaller",90,2,"stx2a; stx2c"
"DRR381661","stx_A",2,4,"Fragmented stx","ggCaller",100,3,"stx2a; stx2c"
"DRR381661","stx_B",2,4,"Fragmented stx","ggCaller",100,2,"stx2a; stx2c"
"DRR381665","stx_A",2,4,"Fragmented stx","BAKTA",0,1,"stx2a; stx2c"
"DRR381665","stx_B",2,4,"Fragmented stx","BAKTA",0,0,"stx2a; stx2c"
"DRR381665","stx_A",2,4,"Fragmented stx","BAKTA",100,2,"stx2a; stx2c"
"DRR381665","stx_B",2,4,"Fragmented stx","BAKTA",100,2,"stx2a; stx2c"
"DRR381665","stx_A",2,4,"Fragmented stx","PPanGGOLiN",0,1,"stx2a; stx2c"
"DRR381665","stx_B",2,4,"Fragmented stx","PPanGGOLiN",0,0,"stx2a; stx2c"
"DRR381665","stx_A",2,4,"Fragmented stx","PPanGGOLiN",10,1,"stx2a; stx2c"
"DRR381665","stx_B",2,4,"Fragmented stx","PPanGGOLiN",10,0,"stx2a; stx2c"
"DRR381665","stx_A",2,4,"Fragmented stx","PPanGGOLiN",50,1,"stx2a; stx2c"
"DRR381665","stx_B",2,4,"Fragmented stx","PPanGGOLiN",50,1,"stx2a; stx2c"
"DRR381665","stx_A",2,4,"Fragmented stx","PPanGGOLiN",90,1,"stx2a; stx2c"
"DRR381665","stx_B",2,4,"Fragmented stx","PPanGGOLiN",90,1,"stx2a; stx2c"
"DRR381665","stx_A",2,4,"Fragmented stx","PPanGGOLiN",100,1,"stx2a; stx2c"
"DRR381665","stx_B",2,4,"Fragmented stx","PPanGGOLiN",100,1,"stx2a; stx2c"
"DRR381665","stx_A",2,4,"Fragmented stx","Panaroo",0,1,"stx2a; stx2c"
"DRR381665","stx_B",2,4,"Fragmented stx","Panaroo",0,0,"stx2a; stx2c"
"DRR381665","stx_A",2,4,"Fragmented stx","Panaroo",10,1,"stx2a; stx2c"
"DRR381665","stx_B",2,4,"Fragmented stx","Panaroo",10,0,"stx2a; stx2c"
"DRR381665","stx_A",2,4,"Fragmented stx","Panaroo",50,1,"stx2a; stx2c"
"DRR381665","stx_B",2,4,"Fragmented stx","Panaroo",50,2,"stx2a; stx2c"
"DRR381665","stx_A",2,4,"Fragmented stx","Panaroo",90,1,"stx2a; stx2c"
"DRR381665","stx_B",2,4,"Fragmented stx","Panaroo",90,2,"stx2a; stx2c"
"DRR381665","stx_A",2,4,"Fragmented stx","Panaroo",100,1,"stx2a; stx2c"
"DRR381665","stx_B",2,4,"Fragmented stx","Panaroo",100,2,"stx2a; stx2c"
"DRR381665","stx_A",2,4,"Fragmented stx","Roary",0,1,"stx2a; stx2c"
"DRR381665","stx_B",2,4,"Fragmented stx","Roary",0,0,"stx2a; stx2c"
"DRR381665","stx_A",2,4,"Fragmented stx","Roary",10,1,"stx2a; stx2c"
"DRR381665","stx_B",2,4,"Fragmented stx","Roary",10,0,"stx2a; stx2c"
"DRR381665","stx_A",2,4,"Fragmented stx","Roary",50,2,"stx2a; stx2c"
"DRR381665","stx_B",2,4,"Fragmented stx","Roary",50,1,"stx2a; stx2c"
"DRR381665","stx_A",2,4,"Fragmented stx","Roary",90,2,"stx2a; stx2c"
"DRR381665","stx_B",2,4,"Fragmented stx","Roary",90,1,"stx2a; stx2c"
"DRR381665","stx_A",2,4,"Fragmented stx","Roary",100,2,"stx2a; stx2c"
"DRR381665","stx_B",2,4,"Fragmented stx","Roary",100,1,"stx2a; stx2c"
"DRR381665","stx_A",2,4,"Fragmented stx","ggCaller",0,1,"stx2a; stx2c"
"DRR381665","stx_B",2,4,"Fragmented stx","ggCaller",0,0,"stx2a; stx2c"
"DRR381665","stx_A",2,4,"Fragmented stx","ggCaller",10,1,"stx2a; stx2c"
"DRR381665","stx_B",2,4,"Fragmented stx","ggCaller",10,0,"stx2a; stx2c"
"DRR381665","stx_A",2,4,"Fragmented stx","ggCaller",50,3,"stx2a; stx2c"
"DRR381665","stx_B",2,4,"Fragmented stx","ggCaller",50,2,"stx2a; stx2c"
"DRR381665","stx_A",2,4,"Fragmented stx","ggCaller",90,3,"stx2a; stx2c"
"DRR381665","stx_B",2,4,"Fragmented stx","ggCaller",90,2,"stx2a; stx2c"
"DRR381665","stx_A",2,4,"Fragmented stx","ggCaller",100,3,"stx2a; stx2c"
"DRR381665","stx_B",2,4,"Fragmented stx","ggCaller",100,2,"stx2a; stx2c"
"DRR381669","stx_A",1,1,"Complete stx","BAKTA",0,1,"stx2a"
"DRR381669","stx_B",1,1,"Complete stx","BAKTA",0,1,"stx2a"
"DRR381669","stx_A",1,1,"Complete stx","BAKTA",100,1,"stx2a"
"DRR381669","stx_B",1,1,"Complete stx","BAKTA",100,1,"stx2a"
"DRR381669","stx_A",1,1,"Complete stx","PPanGGOLiN",0,1,"stx2a"
"DRR381669","stx_B",1,1,"Complete stx","PPanGGOLiN",0,1,"stx2a"
"DRR381669","stx_A",1,1,"Complete stx","PPanGGOLiN",10,1,"stx2a"
"DRR381669","stx_B",1,1,"Complete stx","PPanGGOLiN",10,1,"stx2a"
"DRR381669","stx_A",1,1,"Complete stx","PPanGGOLiN",50,1,"stx2a"
"DRR381669","stx_B",1,1,"Complete stx","PPanGGOLiN",50,1,"stx2a"
"DRR381669","stx_A",1,1,"Complete stx","PPanGGOLiN",90,1,"stx2a"
"DRR381669","stx_B",1,1,"Complete stx","PPanGGOLiN",90,1,"stx2a"
"DRR381669","stx_A",1,1,"Complete stx","PPanGGOLiN",100,1,"stx2a"
"DRR381669","stx_B",1,1,"Complete stx","PPanGGOLiN",100,1,"stx2a"
"DRR381669","stx_A",1,1,"Complete stx","Panaroo",0,1,"stx2a"
"DRR381669","stx_B",1,1,"Complete stx","Panaroo",0,1,"stx2a"
"DRR381669","stx_A",1,1,"Complete stx","Panaroo",10,1,"stx2a"
"DRR381669","stx_B",1,1,"Complete stx","Panaroo",10,1,"stx2a"
"DRR381669","stx_A",1,1,"Complete stx","Panaroo",50,1,"stx2a"
"DRR381669","stx_B",1,1,"Complete stx","Panaroo",50,1,"stx2a"
"DRR381669","stx_A",1,1,"Complete stx","Panaroo",90,1,"stx2a"
"DRR381669","stx_B",1,1,"Complete stx","Panaroo",90,1,"stx2a"
"DRR381669","stx_A",1,1,"Complete stx","Panaroo",100,1,"stx2a"
"DRR381669","stx_B",1,1,"Complete stx","Panaroo",100,1,"stx2a"
"DRR381669","stx_A",1,1,"Complete stx","Roary",0,1,"stx2a"
"DRR381669","stx_B",1,1,"Complete stx","Roary",0,1,"stx2a"
"DRR381669","stx_A",1,1,"Complete stx","Roary",10,1,"stx2a"
"DRR381669","stx_B",1,1,"Complete stx","Roary",10,1,"stx2a"
"DRR381669","stx_A",1,1,"Complete stx","Roary",50,1,"stx2a"
"DRR381669","stx_B",1,1,"Complete stx","Roary",50,1,"stx2a"
"DRR381669","stx_A",1,1,"Complete stx","Roary",90,1,"stx2a"
"DRR381669","stx_B",1,1,"Complete stx","Roary",90,1,"stx2a"
"DRR381669","stx_A",1,1,"Complete stx","Roary",100,1,"stx2a"
"DRR381669","stx_B",1,1,"Complete stx","Roary",100,1,"stx2a"
"DRR381669","stx_A",1,1,"Complete stx","ggCaller",0,1,"stx2a"
"DRR381669","stx_B",1,1,"Complete stx","ggCaller",0,1,"stx2a"
"DRR381669","stx_A",1,1,"Complete stx","ggCaller",10,1,"stx2a"
"DRR381669","stx_B",1,1,"Complete stx","ggCaller",10,1,"stx2a"
"DRR381669","stx_A",1,1,"Complete stx","ggCaller",50,3,"stx2a"
"DRR381669","stx_B",1,1,"Complete stx","ggCaller",50,1,"stx2a"
"DRR381669","stx_A",1,1,"Complete stx","ggCaller",90,3,"stx2a"
"DRR381669","stx_B",1,1,"Complete stx","ggCaller",90,1,"stx2a"
"DRR381669","stx_A",1,1,"Complete stx","ggCaller",100,3,"stx2a"
"DRR381669","stx_B",1,1,"Complete stx","ggCaller",100,1,"stx2a"
"DRR381701","stx_A",2,4,"Fragmented stx","BAKTA",0,1,"stx2a; stx2c"
"DRR381701","stx_B",2,4,"Fragmented stx","BAKTA",0,0,"stx2a; stx2c"
"DRR381701","stx_A",2,4,"Fragmented stx","BAKTA",100,2,"stx2a; stx2c"
"DRR381701","stx_B",2,4,"Fragmented stx","BAKTA",100,2,"stx2a; stx2c"
"DRR381701","stx_A",2,4,"Fragmented stx","PPanGGOLiN",0,1,"stx2a; stx2c"
"DRR381701","stx_B",2,4,"Fragmented stx","PPanGGOLiN",0,0,"stx2a; stx2c"
"DRR381701","stx_A",2,4,"Fragmented stx","PPanGGOLiN",10,1,"stx2a; stx2c"
"DRR381701","stx_B",2,4,"Fragmented stx","PPanGGOLiN",10,0,"stx2a; stx2c"
"DRR381701","stx_A",2,4,"Fragmented stx","PPanGGOLiN",50,1,"stx2a; stx2c"
"DRR381701","stx_B",2,4,"Fragmented stx","PPanGGOLiN",50,1,"stx2a; stx2c"
"DRR381701","stx_A",2,4,"Fragmented stx","PPanGGOLiN",90,1,"stx2a; stx2c"
"DRR381701","stx_B",2,4,"Fragmented stx","PPanGGOLiN",90,1,"stx2a; stx2c"
"DRR381701","stx_A",2,4,"Fragmented stx","PPanGGOLiN",100,1,"stx2a; stx2c"
"DRR381701","stx_B",2,4,"Fragmented stx","PPanGGOLiN",100,1,"stx2a; stx2c"
"DRR381701","stx_A",2,4,"Fragmented stx","Panaroo",0,1,"stx2a; stx2c"
"DRR381701","stx_B",2,4,"Fragmented stx","Panaroo",0,0,"stx2a; stx2c"
"DRR381701","stx_A",2,4,"Fragmented stx","Panaroo",10,1,"stx2a; stx2c"
"DRR381701","stx_B",2,4,"Fragmented stx","Panaroo",10,0,"stx2a; stx2c"
"DRR381701","stx_A",2,4,"Fragmented stx","Panaroo",50,1,"stx2a; stx2c"
"DRR381701","stx_B",2,4,"Fragmented stx","Panaroo",50,2,"stx2a; stx2c"
"DRR381701","stx_A",2,4,"Fragmented stx","Panaroo",90,1,"stx2a; stx2c"
"DRR381701","stx_B",2,4,"Fragmented stx","Panaroo",90,2,"stx2a; stx2c"
"DRR381701","stx_A",2,4,"Fragmented stx","Panaroo",100,1,"stx2a; stx2c"
"DRR381701","stx_B",2,4,"Fragmented stx","Panaroo",100,2,"stx2a; stx2c"
"DRR381701","stx_A",2,4,"Fragmented stx","Roary",0,1,"stx2a; stx2c"
"DRR381701","stx_B",2,4,"Fragmented stx","Roary",0,0,"stx2a; stx2c"
"DRR381701","stx_A",2,4,"Fragmented stx","Roary",10,1,"stx2a; stx2c"
"DRR381701","stx_B",2,4,"Fragmented stx","Roary",10,0,"stx2a; stx2c"
"DRR381701","stx_A",2,4,"Fragmented stx","Roary",50,2,"stx2a; stx2c"
"DRR381701","stx_B",2,4,"Fragmented stx","Roary",50,1,"stx2a; stx2c"
"DRR381701","stx_A",2,4,"Fragmented stx","Roary",90,2,"stx2a; stx2c"
"DRR381701","stx_B",2,4,"Fragmented stx","Roary",90,1,"stx2a; stx2c"
"DRR381701","stx_A",2,4,"Fragmented stx","Roary",100,2,"stx2a; stx2c"
"DRR381701","stx_B",2,4,"Fragmented stx","Roary",100,1,"stx2a; stx2c"
"DRR381701","stx_A",2,4,"Fragmented stx","ggCaller",0,1,"stx2a; stx2c"
"DRR381701","stx_B",2,4,"Fragmented stx","ggCaller",0,0,"stx2a; stx2c"
"DRR381701","stx_A",2,4,"Fragmented stx","ggCaller",10,1,"stx2a; stx2c"
"DRR381701","stx_B",2,4,"Fragmented stx","ggCaller",10,0,"stx2a; stx2c"
"DRR381701","stx_A",2,4,"Fragmented stx","ggCaller",50,3,"stx2a; stx2c"
"DRR381701","stx_B",2,4,"Fragmented stx","ggCaller",50,2,"stx2a; stx2c"
"DRR381701","stx_A",2,4,"Fragmented stx","ggCaller",90,3,"stx2a; stx2c"
"DRR381701","stx_B",2,4,"Fragmented stx","ggCaller",90,2,"stx2a; stx2c"
"DRR381701","stx_A",2,4,"Fragmented stx","ggCaller",100,3,"stx2a; stx2c"
"DRR381701","stx_B",2,4,"Fragmented stx","ggCaller",100,2,"stx2a; stx2c"
"DRR381723","stx_A",2,3,"Fragmented stx","BAKTA",0,2,"stx2a; stx2c"
"DRR381723","stx_B",2,2,"Complete stx","BAKTA",0,2,"stx2a; stx2c"
"DRR381723","stx_A",2,3,"Fragmented stx","BAKTA",100,2,"stx2a; stx2c"
"DRR381723","stx_B",2,2,"Complete stx","BAKTA",100,2,"stx2a; stx2c"
"DRR381723","stx_A",2,3,"Fragmented stx","PPanGGOLiN",0,1,"stx2a; stx2c"
"DRR381723","stx_B",2,2,"Complete stx","PPanGGOLiN",0,1,"stx2a; stx2c"
"DRR381723","stx_A",2,3,"Fragmented stx","PPanGGOLiN",10,1,"stx2a; stx2c"
"DRR381723","stx_B",2,2,"Complete stx","PPanGGOLiN",10,1,"stx2a; stx2c"
"DRR381723","stx_A",2,3,"Fragmented stx","PPanGGOLiN",50,1,"stx2a; stx2c"
"DRR381723","stx_B",2,2,"Complete stx","PPanGGOLiN",50,1,"stx2a; stx2c"
"DRR381723","stx_A",2,3,"Fragmented stx","PPanGGOLiN",90,1,"stx2a; stx2c"
"DRR381723","stx_B",2,2,"Complete stx","PPanGGOLiN",90,1,"stx2a; stx2c"
"DRR381723","stx_A",2,3,"Fragmented stx","PPanGGOLiN",100,1,"stx2a; stx2c"
"DRR381723","stx_B",2,2,"Complete stx","PPanGGOLiN",100,1,"stx2a; stx2c"
"DRR381723","stx_A",2,3,"Fragmented stx","Panaroo",0,1,"stx2a; stx2c"
"DRR381723","stx_B",2,2,"Complete stx","Panaroo",0,2,"stx2a; stx2c"
"DRR381723","stx_A",2,3,"Fragmented stx","Panaroo",10,1,"stx2a; stx2c"
"DRR381723","stx_B",2,2,"Complete stx","Panaroo",10,2,"stx2a; stx2c"
"DRR381723","stx_A",2,3,"Fragmented stx","Panaroo",50,1,"stx2a; stx2c"
"DRR381723","stx_B",2,2,"Complete stx","Panaroo",50,2,"stx2a; stx2c"
"DRR381723","stx_A",2,3,"Fragmented stx","Panaroo",90,1,"stx2a; stx2c"
"DRR381723","stx_B",2,2,"Complete stx","Panaroo",90,2,"stx2a; stx2c"
"DRR381723","stx_A",2,3,"Fragmented stx","Panaroo",100,1,"stx2a; stx2c"
"DRR381723","stx_B",2,2,"Complete stx","Panaroo",100,2,"stx2a; stx2c"
"DRR381723","stx_A",2,3,"Fragmented stx","Roary",0,2,"stx2a; stx2c"
"DRR381723","stx_B",2,2,"Complete stx","Roary",0,1,"stx2a; stx2c"
"DRR381723","stx_A",2,3,"Fragmented stx","Roary",10,2,"stx2a; stx2c"
"DRR381723","stx_B",2,2,"Complete stx","Roary",10,1,"stx2a; stx2c"
"DRR381723","stx_A",2,3,"Fragmented stx","Roary",50,2,"stx2a; stx2c"
"DRR381723","stx_B",2,2,"Complete stx","Roary",50,1,"stx2a; stx2c"
"DRR381723","stx_A",2,3,"Fragmented stx","Roary",90,2,"stx2a; stx2c"
"DRR381723","stx_B",2,2,"Complete stx","Roary",90,1,"stx2a; stx2c"
"DRR381723","stx_A",2,3,"Fragmented stx","Roary",100,2,"stx2a; stx2c"
"DRR381723","stx_B",2,2,"Complete stx","Roary",100,1,"stx2a; stx2c"
"DRR381723","stx_A",2,3,"Fragmented stx","ggCaller",0,2,"stx2a; stx2c"
"DRR381723","stx_B",2,2,"Complete stx","ggCaller",0,2,"stx2a; stx2c"
"DRR381723","stx_A",2,3,"Fragmented stx","ggCaller",10,2,"stx2a; stx2c"
"DRR381723","stx_B",2,2,"Complete stx","ggCaller",10,2,"stx2a; stx2c"
"DRR381723","stx_A",2,3,"Fragmented stx","ggCaller",50,3,"stx2a; stx2c"
"DRR381723","stx_B",2,2,"Complete stx","ggCaller",50,2,"stx2a; stx2c"
"DRR381723","stx_A",2,3,"Fragmented stx","ggCaller",90,3,"stx2a; stx2c"
"DRR381723","stx_B",2,2,"Complete stx","ggCaller",90,2,"stx2a; stx2c"
"DRR381723","stx_A",2,3,"Fragmented stx","ggCaller",100,3,"stx2a; stx2c"
"DRR381723","stx_B",2,2,"Complete stx","ggCaller",100,2,"stx2a; stx2c"
"DRR381735","stx_A",1,1,"Complete stx","BAKTA",0,1,"stx2a"
"DRR381735","stx_B",1,1,"Complete stx","BAKTA",0,1,"stx2a"
"DRR381735","stx_A",1,1,"Complete stx","BAKTA",100,1,"stx2a"
"DRR381735","stx_B",1,1,"Complete stx","BAKTA",100,1,"stx2a"
"DRR381735","stx_A",1,1,"Complete stx","PPanGGOLiN",0,1,"stx2a"
"DRR381735","stx_B",1,1,"Complete stx","PPanGGOLiN",0,1,"stx2a"
"DRR381735","stx_A",1,1,"Complete stx","PPanGGOLiN",10,1,"stx2a"
"DRR381735","stx_B",1,1,"Complete stx","PPanGGOLiN",10,1,"stx2a"
"DRR381735","stx_A",1,1,"Complete stx","PPanGGOLiN",50,1,"stx2a"
"DRR381735","stx_B",1,1,"Complete stx","PPanGGOLiN",50,1,"stx2a"
"DRR381735","stx_A",1,1,"Complete stx","PPanGGOLiN",90,1,"stx2a"
"DRR381735","stx_B",1,1,"Complete stx","PPanGGOLiN",90,1,"stx2a"
"DRR381735","stx_A",1,1,"Complete stx","PPanGGOLiN",100,1,"stx2a"
"DRR381735","stx_B",1,1,"Complete stx","PPanGGOLiN",100,1,"stx2a"
"DRR381735","stx_A",1,1,"Complete stx","Panaroo",0,1,"stx2a"
"DRR381735","stx_B",1,1,"Complete stx","Panaroo",0,1,"stx2a"
"DRR381735","stx_A",1,1,"Complete stx","Panaroo",10,1,"stx2a"
"DRR381735","stx_B",1,1,"Complete stx","Panaroo",10,1,"stx2a"
"DRR381735","stx_A",1,1,"Complete stx","Panaroo",50,1,"stx2a"
"DRR381735","stx_B",1,1,"Complete stx","Panaroo",50,1,"stx2a"
"DRR381735","stx_A",1,1,"Complete stx","Panaroo",90,1,"stx2a"
"DRR381735","stx_B",1,1,"Complete stx","Panaroo",90,1,"stx2a"
"DRR381735","stx_A",1,1,"Complete stx","Panaroo",100,1,"stx2a"
"DRR381735","stx_B",1,1,"Complete stx","Panaroo",100,1,"stx2a"
"DRR381735","stx_A",1,1,"Complete stx","Roary",0,1,"stx2a"
"DRR381735","stx_B",1,1,"Complete stx","Roary",0,1,"stx2a"
"DRR381735","stx_A",1,1,"Complete stx","Roary",10,1,"stx2a"
"DRR381735","stx_B",1,1,"Complete stx","Roary",10,1,"stx2a"
"DRR381735","stx_A",1,1,"Complete stx","Roary",50,1,"stx2a"
"DRR381735","stx_B",1,1,"Complete stx","Roary",50,1,"stx2a"
"DRR381735","stx_A",1,1,"Complete stx","Roary",90,1,"stx2a"
"DRR381735","stx_B",1,1,"Complete stx","Roary",90,1,"stx2a"
"DRR381735","stx_A",1,1,"Complete stx","Roary",100,1,"stx2a"
"DRR381735","stx_B",1,1,"Complete stx","Roary",100,1,"stx2a"
"DRR381735","stx_A",1,1,"Complete stx","ggCaller",0,1,"stx2a"
"DRR381735","stx_B",1,1,"Complete stx","ggCaller",0,1,"stx2a"
"DRR381735","stx_A",1,1,"Complete stx","ggCaller",10,1,"stx2a"
"DRR381735","stx_B",1,1,"Complete stx","ggCaller",10,1,"stx2a"
"DRR381735","stx_A",1,1,"Complete stx","ggCaller",50,3,"stx2a"
"DRR381735","stx_B",1,1,"Complete stx","ggCaller",50,2,"stx2a"
"DRR381735","stx_A",1,1,"Complete stx","ggCaller",90,3,"stx2a"
"DRR381735","stx_B",1,1,"Complete stx","ggCaller",90,1,"stx2a"
"DRR381735","stx_A",1,1,"Complete stx","ggCaller",100,3,"stx2a"
"DRR381735","stx_B",1,1,"Complete stx","ggCaller",100,1,"stx2a"
"DRR381740","stx_A",1,1,"Complete stx","BAKTA",0,1,"stx2a"
"DRR381740","stx_B",1,1,"Complete stx","BAKTA",0,1,"stx2a"
"DRR381740","stx_A",1,1,"Complete stx","BAKTA",100,1,"stx2a"
"DRR381740","stx_B",1,1,"Complete stx","BAKTA",100,1,"stx2a"
"DRR381740","stx_A",1,1,"Complete stx","PPanGGOLiN",0,1,"stx2a"
"DRR381740","stx_B",1,1,"Complete stx","PPanGGOLiN",0,1,"stx2a"
"DRR381740","stx_A",1,1,"Complete stx","PPanGGOLiN",10,1,"stx2a"
"DRR381740","stx_B",1,1,"Complete stx","PPanGGOLiN",10,1,"stx2a"
"DRR381740","stx_A",1,1,"Complete stx","PPanGGOLiN",50,1,"stx2a"
"DRR381740","stx_B",1,1,"Complete stx","PPanGGOLiN",50,1,"stx2a"
"DRR381740","stx_A",1,1,"Complete stx","PPanGGOLiN",90,1,"stx2a"
"DRR381740","stx_B",1,1,"Complete stx","PPanGGOLiN",90,1,"stx2a"
"DRR381740","stx_A",1,1,"Complete stx","PPanGGOLiN",100,1,"stx2a"
"DRR381740","stx_B",1,1,"Complete stx","PPanGGOLiN",100,1,"stx2a"
"DRR381740","stx_A",1,1,"Complete stx","Panaroo",0,1,"stx2a"
"DRR381740","stx_B",1,1,"Complete stx","Panaroo",0,1,"stx2a"
"DRR381740","stx_A",1,1,"Complete stx","Panaroo",10,1,"stx2a"
"DRR381740","stx_B",1,1,"Complete stx","Panaroo",10,1,"stx2a"
"DRR381740","stx_A",1,1,"Complete stx","Panaroo",50,1,"stx2a"
"DRR381740","stx_B",1,1,"Complete stx","Panaroo",50,1,"stx2a"
"DRR381740","stx_A",1,1,"Complete stx","Panaroo",90,1,"stx2a"
"DRR381740","stx_B",1,1,"Complete stx","Panaroo",90,1,"stx2a"
"DRR381740","stx_A",1,1,"Complete stx","Panaroo",100,1,"stx2a"
"DRR381740","stx_B",1,1,"Complete stx","Panaroo",100,1,"stx2a"
"DRR381740","stx_A",1,1,"Complete stx","Roary",0,1,"stx2a"
"DRR381740","stx_B",1,1,"Complete stx","Roary",0,1,"stx2a"
"DRR381740","stx_A",1,1,"Complete stx","Roary",10,1,"stx2a"
"DRR381740","stx_B",1,1,"Complete stx","Roary",10,1,"stx2a"
"DRR381740","stx_A",1,1,"Complete stx","Roary",50,1,"stx2a"
"DRR381740","stx_B",1,1,"Complete stx","Roary",50,1,"stx2a"
"DRR381740","stx_A",1,1,"Complete stx","Roary",90,1,"stx2a"
"DRR381740","stx_B",1,1,"Complete stx","Roary",90,1,"stx2a"
"DRR381740","stx_A",1,1,"Complete stx","Roary",100,1,"stx2a"
"DRR381740","stx_B",1,1,"Complete stx","Roary",100,1,"stx2a"
"DRR381740","stx_A",1,1,"Complete stx","ggCaller",0,1,"stx2a"
"DRR381740","stx_B",1,1,"Complete stx","ggCaller",0,1,"stx2a"
"DRR381740","stx_A",1,1,"Complete stx","ggCaller",10,1,"stx2a"
"DRR381740","stx_B",1,1,"Complete stx","ggCaller",10,1,"stx2a"
"DRR381740","stx_A",1,1,"Complete stx","ggCaller",50,3,"stx2a"
"DRR381740","stx_B",1,1,"Complete stx","ggCaller",50,1,"stx2a"
"DRR381740","stx_A",1,1,"Complete stx","ggCaller",90,3,"stx2a"
"DRR381740","stx_B",1,1,"Complete stx","ggCaller",90,1,"stx2a"
"DRR381740","stx_A",1,1,"Complete stx","ggCaller",100,3,"stx2a"
"DRR381740","stx_B",1,1,"Complete stx","ggCaller",100,1,"stx2a"
"DRR381743","stx_A",1,1,"Complete stx","BAKTA",0,1,"stx2a"
"DRR381743","stx_B",1,1,"Complete stx","BAKTA",0,1,"stx2a"
"DRR381743","stx_A",1,1,"Complete stx","BAKTA",100,1,"stx2a"
"DRR381743","stx_B",1,1,"Complete stx","BAKTA",100,1,"stx2a"
"DRR381743","stx_A",1,1,"Complete stx","PPanGGOLiN",0,1,"stx2a"
"DRR381743","stx_B",1,1,"Complete stx","PPanGGOLiN",0,1,"stx2a"
"DRR381743","stx_A",1,1,"Complete stx","PPanGGOLiN",10,1,"stx2a"
"DRR381743","stx_B",1,1,"Complete stx","PPanGGOLiN",10,1,"stx2a"
"DRR381743","stx_A",1,1,"Complete stx","PPanGGOLiN",50,1,"stx2a"
"DRR381743","stx_B",1,1,"Complete stx","PPanGGOLiN",50,1,"stx2a"
"DRR381743","stx_A",1,1,"Complete stx","PPanGGOLiN",90,1,"stx2a"
"DRR381743","stx_B",1,1,"Complete stx","PPanGGOLiN",90,1,"stx2a"
"DRR381743","stx_A",1,1,"Complete stx","PPanGGOLiN",100,1,"stx2a"
"DRR381743","stx_B",1,1,"Complete stx","PPanGGOLiN",100,1,"stx2a"
"DRR381743","stx_A",1,1,"Complete stx","Panaroo",0,1,"stx2a"
"DRR381743","stx_B",1,1,"Complete stx","Panaroo",0,1,"stx2a"
"DRR381743","stx_A",1,1,"Complete stx","Panaroo",10,1,"stx2a"
"DRR381743","stx_B",1,1,"Complete stx","Panaroo",10,1,"stx2a"
"DRR381743","stx_A",1,1,"Complete stx","Panaroo",50,1,"stx2a"
"DRR381743","stx_B",1,1,"Complete stx","Panaroo",50,1,"stx2a"
"DRR381743","stx_A",1,1,"Complete stx","Panaroo",90,1,"stx2a"
"DRR381743","stx_B",1,1,"Complete stx","Panaroo",90,1,"stx2a"
"DRR381743","stx_A",1,1,"Complete stx","Panaroo",100,1,"stx2a"
"DRR381743","stx_B",1,1,"Complete stx","Panaroo",100,1,"stx2a"
"DRR381743","stx_A",1,1,"Complete stx","Roary",0,1,"stx2a"
"DRR381743","stx_B",1,1,"Complete stx","Roary",0,1,"stx2a"
"DRR381743","stx_A",1,1,"Complete stx","Roary",10,1,"stx2a"
"DRR381743","stx_B",1,1,"Complete stx","Roary",10,1,"stx2a"
"DRR381743","stx_A",1,1,"Complete stx","Roary",50,1,"stx2a"
"DRR381743","stx_B",1,1,"Complete stx","Roary",50,1,"stx2a"
"DRR381743","stx_A",1,1,"Complete stx","Roary",90,1,"stx2a"
"DRR381743","stx_B",1,1,"Complete stx","Roary",90,1,"stx2a"
"DRR381743","stx_A",1,1,"Complete stx","Roary",100,1,"stx2a"
"DRR381743","stx_B",1,1,"Complete stx","Roary",100,1,"stx2a"
"DRR381743","stx_A",1,1,"Complete stx","ggCaller",0,1,"stx2a"
"DRR381743","stx_B",1,1,"Complete stx","ggCaller",0,1,"stx2a"
"DRR381743","stx_A",1,1,"Complete stx","ggCaller",10,1,"stx2a"
"DRR381743","stx_B",1,1,"Complete stx","ggCaller",10,1,"stx2a"
"DRR381743","stx_A",1,1,"Complete stx","ggCaller",50,3,"stx2a"
"DRR381743","stx_B",1,1,"Complete stx","ggCaller",50,1,"stx2a"
"DRR381743","stx_A",1,1,"Complete stx","ggCaller",90,3,"stx2a"
"DRR381743","stx_B",1,1,"Complete stx","ggCaller",90,1,"stx2a"
"DRR381743","stx_A",1,1,"Complete stx","ggCaller",100,3,"stx2a"
"DRR381743","stx_B",1,1,"Complete stx","ggCaller",100,1,"stx2a"
"DRR381744","stx_A",1,1,"Complete stx","BAKTA",0,1,"stx2a"
"DRR381744","stx_B",1,1,"Complete stx","BAKTA",0,1,"stx2a"
"DRR381744","stx_A",1,1,"Complete stx","BAKTA",100,1,"stx2a"
"DRR381744","stx_B",1,1,"Complete stx","BAKTA",100,1,"stx2a"
"DRR381744","stx_A",1,1,"Complete stx","PPanGGOLiN",0,1,"stx2a"
"DRR381744","stx_B",1,1,"Complete stx","PPanGGOLiN",0,1,"stx2a"
"DRR381744","stx_A",1,1,"Complete stx","PPanGGOLiN",10,1,"stx2a"
"DRR381744","stx_B",1,1,"Complete stx","PPanGGOLiN",10,1,"stx2a"
"DRR381744","stx_A",1,1,"Complete stx","PPanGGOLiN",50,1,"stx2a"
"DRR381744","stx_B",1,1,"Complete stx","PPanGGOLiN",50,1,"stx2a"
"DRR381744","stx_A",1,1,"Complete stx","PPanGGOLiN",90,1,"stx2a"
"DRR381744","stx_B",1,1,"Complete stx","PPanGGOLiN",90,1,"stx2a"
"DRR381744","stx_A",1,1,"Complete stx","PPanGGOLiN",100,1,"stx2a"
"DRR381744","stx_B",1,1,"Complete stx","PPanGGOLiN",100,1,"stx2a"
"DRR381744","stx_A",1,1,"Complete stx","Panaroo",0,1,"stx2a"
"DRR381744","stx_B",1,1,"Complete stx","Panaroo",0,1,"stx2a"
"DRR381744","stx_A",1,1,"Complete stx","Panaroo",10,1,"stx2a"
"DRR381744","stx_B",1,1,"Complete stx","Panaroo",10,1,"stx2a"
"DRR381744","stx_A",1,1,"Complete stx","Panaroo",50,1,"stx2a"
"DRR381744","stx_B",1,1,"Complete stx","Panaroo",50,1,"stx2a"
"DRR381744","stx_A",1,1,"Complete stx","Panaroo",90,1,"stx2a"
"DRR381744","stx_B",1,1,"Complete stx","Panaroo",90,1,"stx2a"
"DRR381744","stx_A",1,1,"Complete stx","Panaroo",100,1,"stx2a"
"DRR381744","stx_B",1,1,"Complete stx","Panaroo",100,1,"stx2a"
"DRR381744","stx_A",1,1,"Complete stx","Roary",0,1,"stx2a"
"DRR381744","stx_B",1,1,"Complete stx","Roary",0,1,"stx2a"
"DRR381744","stx_A",1,1,"Complete stx","Roary",10,1,"stx2a"
"DRR381744","stx_B",1,1,"Complete stx","Roary",10,1,"stx2a"
"DRR381744","stx_A",1,1,"Complete stx","Roary",50,1,"stx2a"
"DRR381744","stx_B",1,1,"Complete stx","Roary",50,1,"stx2a"
"DRR381744","stx_A",1,1,"Complete stx","Roary",90,1,"stx2a"
"DRR381744","stx_B",1,1,"Complete stx","Roary",90,1,"stx2a"
"DRR381744","stx_A",1,1,"Complete stx","Roary",100,1,"stx2a"
"DRR381744","stx_B",1,1,"Complete stx","Roary",100,1,"stx2a"
"DRR381744","stx_A",1,1,"Complete stx","ggCaller",0,1,"stx2a"
"DRR381744","stx_B",1,1,"Complete stx","ggCaller",0,1,"stx2a"
"DRR381744","stx_A",1,1,"Complete stx","ggCaller",10,1,"stx2a"
"DRR381744","stx_B",1,1,"Complete stx","ggCaller",10,1,"stx2a"
"DRR381744","stx_A",1,1,"Complete stx","ggCaller",50,3,"stx2a"
"DRR381744","stx_B",1,1,"Complete stx","ggCaller",50,1,"stx2a"
"DRR381744","stx_A",1,1,"Complete stx","ggCaller",90,3,"stx2a"
"DRR381744","stx_B",1,1,"Complete stx","ggCaller",90,1,"stx2a"
"DRR381744","stx_A",1,1,"Complete stx","ggCaller",100,3,"stx2a"
"DRR381744","stx_B",1,1,"Complete stx","ggCaller",100,1,"stx2a"
"DRR381745","stx_A",1,1,"Complete stx","BAKTA",0,1,"stx2a"
"DRR381745","stx_B",1,1,"Complete stx","BAKTA",0,1,"stx2a"
"DRR381745","stx_A",1,1,"Complete stx","BAKTA",100,1,"stx2a"
"DRR381745","stx_B",1,1,"Complete stx","BAKTA",100,1,"stx2a"
"DRR381745","stx_A",1,1,"Complete stx","PPanGGOLiN",0,1,"stx2a"
"DRR381745","stx_B",1,1,"Complete stx","PPanGGOLiN",0,1,"stx2a"
"DRR381745","stx_A",1,1,"Complete stx","PPanGGOLiN",10,1,"stx2a"
"DRR381745","stx_B",1,1,"Complete stx","PPanGGOLiN",10,1,"stx2a"
"DRR381745","stx_A",1,1,"Complete stx","PPanGGOLiN",50,1,"stx2a"
"DRR381745","stx_B",1,1,"Complete stx","PPanGGOLiN",50,1,"stx2a"
"DRR381745","stx_A",1,1,"Complete stx","PPanGGOLiN",90,1,"stx2a"
"DRR381745","stx_B",1,1,"Complete stx","PPanGGOLiN",90,1,"stx2a"
"DRR381745","stx_A",1,1,"Complete stx","PPanGGOLiN",100,1,"stx2a"
"DRR381745","stx_B",1,1,"Complete stx","PPanGGOLiN",100,1,"stx2a"
"DRR381745","stx_A",1,1,"Complete stx","Panaroo",0,1,"stx2a"
"DRR381745","stx_B",1,1,"Complete stx","Panaroo",0,1,"stx2a"
"DRR381745","stx_A",1,1,"Complete stx","Panaroo",10,1,"stx2a"
"DRR381745","stx_B",1,1,"Complete stx","Panaroo",10,1,"stx2a"
"DRR381745","stx_A",1,1,"Complete stx","Panaroo",50,1,"stx2a"
"DRR381745","stx_B",1,1,"Complete stx","Panaroo",50,1,"stx2a"
"DRR381745","stx_A",1,1,"Complete stx","Panaroo",90,1,"stx2a"
"DRR381745","stx_B",1,1,"Complete stx","Panaroo",90,1,"stx2a"
"DRR381745","stx_A",1,1,"Complete stx","Panaroo",100,1,"stx2a"
"DRR381745","stx_B",1,1,"Complete stx","Panaroo",100,1,"stx2a"
"DRR381745","stx_A",1,1,"Complete stx","Roary",0,1,"stx2a"
"DRR381745","stx_B",1,1,"Complete stx","Roary",0,1,"stx2a"
"DRR381745","stx_A",1,1,"Complete stx","Roary",10,1,"stx2a"
"DRR381745","stx_B",1,1,"Complete stx","Roary",10,1,"stx2a"
"DRR381745","stx_A",1,1,"Complete stx","Roary",50,1,"stx2a"
"DRR381745","stx_B",1,1,"Complete stx","Roary",50,1,"stx2a"
"DRR381745","stx_A",1,1,"Complete stx","Roary",90,1,"stx2a"
"DRR381745","stx_B",1,1,"Complete stx","Roary",90,1,"stx2a"
"DRR381745","stx_A",1,1,"Complete stx","Roary",100,1,"stx2a"
"DRR381745","stx_B",1,1,"Complete stx","Roary",100,1,"stx2a"
"DRR381745","stx_A",1,1,"Complete stx","ggCaller",0,1,"stx2a"
"DRR381745","stx_B",1,1,"Complete stx","ggCaller",0,1,"stx2a"
"DRR381745","stx_A",1,1,"Complete stx","ggCaller",10,1,"stx2a"
"DRR381745","stx_B",1,1,"Complete stx","ggCaller",10,1,"stx2a"
"DRR381745","stx_A",1,1,"Complete stx","ggCaller",50,3,"stx2a"
"DRR381745","stx_B",1,1,"Complete stx","ggCaller",50,1,"stx2a"
"DRR381745","stx_A",1,1,"Complete stx","ggCaller",90,3,"stx2a"
"DRR381745","stx_B",1,1,"Complete stx","ggCaller",90,1,"stx2a"
"DRR381745","stx_A",1,1,"Complete stx","ggCaller",100,3,"stx2a"
"DRR381745","stx_B",1,1,"Complete stx","ggCaller",100,1,"stx2a"
"DRR381749","stx_A",1,1,"Complete stx","BAKTA",0,1,"stx2a"
"DRR381749","stx_B",1,1,"Complete stx","BAKTA",0,1,"stx2a"
"DRR381749","stx_A",1,1,"Complete stx","BAKTA",100,1,"stx2a"
"DRR381749","stx_B",1,1,"Complete stx","BAKTA",100,1,"stx2a"
"DRR381749","stx_A",1,1,"Complete stx","PPanGGOLiN",0,1,"stx2a"
"DRR381749","stx_B",1,1,"Complete stx","PPanGGOLiN",0,1,"stx2a"
"DRR381749","stx_A",1,1,"Complete stx","PPanGGOLiN",10,1,"stx2a"
"DRR381749","stx_B",1,1,"Complete stx","PPanGGOLiN",10,1,"stx2a"
"DRR381749","stx_A",1,1,"Complete stx","PPanGGOLiN",50,1,"stx2a"
"DRR381749","stx_B",1,1,"Complete stx","PPanGGOLiN",50,1,"stx2a"
"DRR381749","stx_A",1,1,"Complete stx","PPanGGOLiN",90,1,"stx2a"
"DRR381749","stx_B",1,1,"Complete stx","PPanGGOLiN",90,1,"stx2a"
"DRR381749","stx_A",1,1,"Complete stx","PPanGGOLiN",100,1,"stx2a"
"DRR381749","stx_B",1,1,"Complete stx","PPanGGOLiN",100,1,"stx2a"
"DRR381749","stx_A",1,1,"Complete stx","Panaroo",0,1,"stx2a"
"DRR381749","stx_B",1,1,"Complete stx","Panaroo",0,1,"stx2a"
"DRR381749","stx_A",1,1,"Complete stx","Panaroo",10,1,"stx2a"
"DRR381749","stx_B",1,1,"Complete stx","Panaroo",10,1,"stx2a"
"DRR381749","stx_A",1,1,"Complete stx","Panaroo",50,1,"stx2a"
"DRR381749","stx_B",1,1,"Complete stx","Panaroo",50,1,"stx2a"
"DRR381749","stx_A",1,1,"Complete stx","Panaroo",90,1,"stx2a"
"DRR381749","stx_B",1,1,"Complete stx","Panaroo",90,1,"stx2a"
"DRR381749","stx_A",1,1,"Complete stx","Panaroo",100,1,"stx2a"
"DRR381749","stx_B",1,1,"Complete stx","Panaroo",100,1,"stx2a"
"DRR381749","stx_A",1,1,"Complete stx","Roary",0,1,"stx2a"
"DRR381749","stx_B",1,1,"Complete stx","Roary",0,1,"stx2a"
"DRR381749","stx_A",1,1,"Complete stx","Roary",10,1,"stx2a"
"DRR381749","stx_B",1,1,"Complete stx","Roary",10,1,"stx2a"
"DRR381749","stx_A",1,1,"Complete stx","Roary",50,1,"stx2a"
"DRR381749","stx_B",1,1,"Complete stx","Roary",50,1,"stx2a"
"DRR381749","stx_A",1,1,"Complete stx","Roary",90,1,"stx2a"
"DRR381749","stx_B",1,1,"Complete stx","Roary",90,1,"stx2a"
"DRR381749","stx_A",1,1,"Complete stx","Roary",100,1,"stx2a"
"DRR381749","stx_B",1,1,"Complete stx","Roary",100,1,"stx2a"
"DRR381749","stx_A",1,1,"Complete stx","ggCaller",0,1,"stx2a"
"DRR381749","stx_B",1,1,"Complete stx","ggCaller",0,1,"stx2a"
"DRR381749","stx_A",1,1,"Complete stx","ggCaller",10,1,"stx2a"
"DRR381749","stx_B",1,1,"Complete stx","ggCaller",10,1,"stx2a"
"DRR381749","stx_A",1,1,"Complete stx","ggCaller",50,3,"stx2a"
"DRR381749","stx_B",1,1,"Complete stx","ggCaller",50,1,"stx2a"
"DRR381749","stx_A",1,1,"Complete stx","ggCaller",90,3,"stx2a"
"DRR381749","stx_B",1,1,"Complete stx","ggCaller",90,1,"stx2a"
"DRR381749","stx_A",1,1,"Complete stx","ggCaller",100,3,"stx2a"
"DRR381749","stx_B",1,1,"Complete stx","ggCaller",100,1,"stx2a"
"SRR10119255","stx_A",2,2,"Complete stx","BAKTA",0,2,"stx1a; stx2a"
"SRR10119255","stx_B",2,2,"Complete stx","BAKTA",0,2,"stx1a; stx2a"
"SRR10119255","stx_A",2,2,"Complete stx","BAKTA",100,2,"stx1a; stx2a"
"SRR10119255","stx_B",2,2,"Complete stx","BAKTA",100,2,"stx1a; stx2a"
"SRR10119255","stx_A",2,2,"Complete stx","PPanGGOLiN",0,2,"stx1a; stx2a"
"SRR10119255","stx_B",2,2,"Complete stx","PPanGGOLiN",0,2,"stx1a; stx2a"
"SRR10119255","stx_A",2,2,"Complete stx","PPanGGOLiN",10,2,"stx1a; stx2a"
"SRR10119255","stx_B",2,2,"Complete stx","PPanGGOLiN",10,2,"stx1a; stx2a"
"SRR10119255","stx_A",2,2,"Complete stx","PPanGGOLiN",50,2,"stx1a; stx2a"
"SRR10119255","stx_B",2,2,"Complete stx","PPanGGOLiN",50,2,"stx1a; stx2a"
"SRR10119255","stx_A",2,2,"Complete stx","PPanGGOLiN",90,2,"stx1a; stx2a"
"SRR10119255","stx_B",2,2,"Complete stx","PPanGGOLiN",90,2,"stx1a; stx2a"
"SRR10119255","stx_A",2,2,"Complete stx","PPanGGOLiN",100,2,"stx1a; stx2a"
"SRR10119255","stx_B",2,2,"Complete stx","PPanGGOLiN",100,2,"stx1a; stx2a"
"SRR10119255","stx_A",2,2,"Complete stx","Panaroo",0,2,"stx1a; stx2a"
"SRR10119255","stx_B",2,2,"Complete stx","Panaroo",0,2,"stx1a; stx2a"
"SRR10119255","stx_A",2,2,"Complete stx","Panaroo",10,2,"stx1a; stx2a"
"SRR10119255","stx_B",2,2,"Complete stx","Panaroo",10,2,"stx1a; stx2a"
"SRR10119255","stx_A",2,2,"Complete stx","Panaroo",50,2,"stx1a; stx2a"
"SRR10119255","stx_B",2,2,"Complete stx","Panaroo",50,2,"stx1a; stx2a"
"SRR10119255","stx_A",2,2,"Complete stx","Panaroo",90,2,"stx1a; stx2a"
"SRR10119255","stx_B",2,2,"Complete stx","Panaroo",90,2,"stx1a; stx2a"
"SRR10119255","stx_A",2,2,"Complete stx","Panaroo",100,2,"stx1a; stx2a"
"SRR10119255","stx_B",2,2,"Complete stx","Panaroo",100,2,"stx1a; stx2a"
"SRR10119255","stx_A",2,2,"Complete stx","Roary",0,1,"stx1a; stx2a"
"SRR10119255","stx_B",2,2,"Complete stx","Roary",0,1,"stx1a; stx2a"
"SRR10119255","stx_A",2,2,"Complete stx","Roary",10,1,"stx1a; stx2a"
"SRR10119255","stx_B",2,2,"Complete stx","Roary",10,1,"stx1a; stx2a"
"SRR10119255","stx_A",2,2,"Complete stx","Roary",50,1,"stx1a; stx2a"
"SRR10119255","stx_B",2,2,"Complete stx","Roary",50,1,"stx1a; stx2a"
"SRR10119255","stx_A",2,2,"Complete stx","Roary",90,1,"stx1a; stx2a"
"SRR10119255","stx_B",2,2,"Complete stx","Roary",90,1,"stx1a; stx2a"
"SRR10119255","stx_A",2,2,"Complete stx","Roary",100,1,"stx1a; stx2a"
"SRR10119255","stx_B",2,2,"Complete stx","Roary",100,1,"stx1a; stx2a"
"SRR10119255","stx_A",2,2,"Complete stx","ggCaller",0,2,"stx1a; stx2a"
"SRR10119255","stx_B",2,2,"Complete stx","ggCaller",0,2,"stx1a; stx2a"
"SRR10119255","stx_A",2,2,"Complete stx","ggCaller",10,2,"stx1a; stx2a"
"SRR10119255","stx_B",2,2,"Complete stx","ggCaller",10,2,"stx1a; stx2a"
"SRR10119255","stx_A",2,2,"Complete stx","ggCaller",50,4,"stx1a; stx2a"
"SRR10119255","stx_B",2,2,"Complete stx","ggCaller",50,2,"stx1a; stx2a"
"SRR10119255","stx_A",2,2,"Complete stx","ggCaller",90,4,"stx1a; stx2a"
"SRR10119255","stx_B",2,2,"Complete stx","ggCaller",90,2,"stx1a; stx2a"
"SRR10119255","stx_A",2,2,"Complete stx","ggCaller",100,4,"stx1a; stx2a"
"SRR10119255","stx_B",2,2,"Complete stx","ggCaller",100,2,"stx1a; stx2a"
"SRR10119414","stx_A",1,1,"Complete stx","BAKTA",0,1,"stx2a"
"SRR10119414","stx_B",1,1,"Complete stx","BAKTA",0,1,"stx2a"
"SRR10119414","stx_A",1,1,"Complete stx","BAKTA",100,1,"stx2a"
"SRR10119414","stx_B",1,1,"Complete stx","BAKTA",100,1,"stx2a"
"SRR10119414","stx_A",1,1,"Complete stx","PPanGGOLiN",0,1,"stx2a"
"SRR10119414","stx_B",1,1,"Complete stx","PPanGGOLiN",0,1,"stx2a"
"SRR10119414","stx_A",1,1,"Complete stx","PPanGGOLiN",10,1,"stx2a"
"SRR10119414","stx_B",1,1,"Complete stx","PPanGGOLiN",10,1,"stx2a"
"SRR10119414","stx_A",1,1,"Complete stx","PPanGGOLiN",50,1,"stx2a"
"SRR10119414","stx_B",1,1,"Complete stx","PPanGGOLiN",50,1,"stx2a"
"SRR10119414","stx_A",1,1,"Complete stx","PPanGGOLiN",90,1,"stx2a"
"SRR10119414","stx_B",1,1,"Complete stx","PPanGGOLiN",90,1,"stx2a"
"SRR10119414","stx_A",1,1,"Complete stx","PPanGGOLiN",100,1,"stx2a"
"SRR10119414","stx_B",1,1,"Complete stx","PPanGGOLiN",100,1,"stx2a"
"SRR10119414","stx_A",1,1,"Complete stx","Panaroo",0,1,"stx2a"
"SRR10119414","stx_B",1,1,"Complete stx","Panaroo",0,1,"stx2a"
"SRR10119414","stx_A",1,1,"Complete stx","Panaroo",10,1,"stx2a"
"SRR10119414","stx_B",1,1,"Complete stx","Panaroo",10,1,"stx2a"
"SRR10119414","stx_A",1,1,"Complete stx","Panaroo",50,1,"stx2a"
"SRR10119414","stx_B",1,1,"Complete stx","Panaroo",50,1,"stx2a"
"SRR10119414","stx_A",1,1,"Complete stx","Panaroo",90,1,"stx2a"
"SRR10119414","stx_B",1,1,"Complete stx","Panaroo",90,1,"stx2a"
"SRR10119414","stx_A",1,1,"Complete stx","Panaroo",100,1,"stx2a"
"SRR10119414","stx_B",1,1,"Complete stx","Panaroo",100,1,"stx2a"
"SRR10119414","stx_A",1,1,"Complete stx","Roary",0,1,"stx2a"
"SRR10119414","stx_B",1,1,"Complete stx","Roary",0,1,"stx2a"
"SRR10119414","stx_A",1,1,"Complete stx","Roary",10,1,"stx2a"
"SRR10119414","stx_B",1,1,"Complete stx","Roary",10,1,"stx2a"
"SRR10119414","stx_A",1,1,"Complete stx","Roary",50,1,"stx2a"
"SRR10119414","stx_B",1,1,"Complete stx","Roary",50,1,"stx2a"
"SRR10119414","stx_A",1,1,"Complete stx","Roary",90,1,"stx2a"
"SRR10119414","stx_B",1,1,"Complete stx","Roary",90,1,"stx2a"
"SRR10119414","stx_A",1,1,"Complete stx","Roary",100,1,"stx2a"
"SRR10119414","stx_B",1,1,"Complete stx","Roary",100,1,"stx2a"
"SRR10119414","stx_A",1,1,"Complete stx","ggCaller",0,1,"stx2a"
"SRR10119414","stx_B",1,1,"Complete stx","ggCaller",0,1,"stx2a"
"SRR10119414","stx_A",1,1,"Complete stx","ggCaller",10,1,"stx2a"
"SRR10119414","stx_B",1,1,"Complete stx","ggCaller",10,1,"stx2a"
"SRR10119414","stx_A",1,1,"Complete stx","ggCaller",50,3,"stx2a"
"SRR10119414","stx_B",1,1,"Complete stx","ggCaller",50,2,"stx2a"
"SRR10119414","stx_A",1,1,"Complete stx","ggCaller",90,3,"stx2a"
"SRR10119414","stx_B",1,1,"Complete stx","ggCaller",90,1,"stx2a"
"SRR10119414","stx_A",1,1,"Complete stx","ggCaller",100,3,"stx2a"
"SRR10119414","stx_B",1,1,"Complete stx","ggCaller",100,1,"stx2a"
"SRR10337442","stx_A",1,1,"Complete stx","BAKTA",0,1,"stx1a"
"SRR10337442","stx_B",1,1,"Complete stx","BAKTA",0,1,"stx1a"
"SRR10337442","stx_A",1,1,"Complete stx","BAKTA",100,1,"stx1a"
"SRR10337442","stx_B",1,1,"Complete stx","BAKTA",100,1,"stx1a"
"SRR10337442","stx_A",1,1,"Complete stx","PPanGGOLiN",0,1,"stx1a"
"SRR10337442","stx_B",1,1,"Complete stx","PPanGGOLiN",0,1,"stx1a"
"SRR10337442","stx_A",1,1,"Complete stx","PPanGGOLiN",10,1,"stx1a"
"SRR10337442","stx_B",1,1,"Complete stx","PPanGGOLiN",10,1,"stx1a"
"SRR10337442","stx_A",1,1,"Complete stx","PPanGGOLiN",50,1,"stx1a"
"SRR10337442","stx_B",1,1,"Complete stx","PPanGGOLiN",50,1,"stx1a"
"SRR10337442","stx_A",1,1,"Complete stx","PPanGGOLiN",90,1,"stx1a"
"SRR10337442","stx_B",1,1,"Complete stx","PPanGGOLiN",90,1,"stx1a"
"SRR10337442","stx_A",1,1,"Complete stx","PPanGGOLiN",100,1,"stx1a"
"SRR10337442","stx_B",1,1,"Complete stx","PPanGGOLiN",100,1,"stx1a"
"SRR10337442","stx_A",1,1,"Complete stx","Panaroo",0,1,"stx1a"
"SRR10337442","stx_B",1,1,"Complete stx","Panaroo",0,1,"stx1a"
"SRR10337442","stx_A",1,1,"Complete stx","Panaroo",10,1,"stx1a"
"SRR10337442","stx_B",1,1,"Complete stx","Panaroo",10,1,"stx1a"
"SRR10337442","stx_A",1,1,"Complete stx","Panaroo",50,1,"stx1a"
"SRR10337442","stx_B",1,1,"Complete stx","Panaroo",50,1,"stx1a"
"SRR10337442","stx_A",1,1,"Complete stx","Panaroo",90,1,"stx1a"
"SRR10337442","stx_B",1,1,"Complete stx","Panaroo",90,1,"stx1a"
"SRR10337442","stx_A",1,1,"Complete stx","Panaroo",100,1,"stx1a"
"SRR10337442","stx_B",1,1,"Complete stx","Panaroo",100,1,"stx1a"
"SRR10337442","stx_A",1,1,"Complete stx","Roary",0,1,"stx1a"
"SRR10337442","stx_B",1,1,"Complete stx","Roary",0,1,"stx1a"
"SRR10337442","stx_A",1,1,"Complete stx","Roary",10,1,"stx1a"
"SRR10337442","stx_B",1,1,"Complete stx","Roary",10,1,"stx1a"
"SRR10337442","stx_A",1,1,"Complete stx","Roary",50,1,"stx1a"
"SRR10337442","stx_B",1,1,"Complete stx","Roary",50,1,"stx1a"
"SRR10337442","stx_A",1,1,"Complete stx","Roary",90,1,"stx1a"
"SRR10337442","stx_B",1,1,"Complete stx","Roary",90,1,"stx1a"
"SRR10337442","stx_A",1,1,"Complete stx","Roary",100,1,"stx1a"
"SRR10337442","stx_B",1,1,"Complete stx","Roary",100,1,"stx1a"
"SRR10337442","stx_A",1,1,"Complete stx","ggCaller",0,1,"stx1a"
"SRR10337442","stx_B",1,1,"Complete stx","ggCaller",0,1,"stx1a"
"SRR10337442","stx_A",1,1,"Complete stx","ggCaller",10,1,"stx1a"
"SRR10337442","stx_B",1,1,"Complete stx","ggCaller",10,1,"stx1a"
"SRR10337442","stx_A",1,1,"Complete stx","ggCaller",50,1,"stx1a"
"SRR10337442","stx_B",1,1,"Complete stx","ggCaller",50,1,"stx1a"
"SRR10337442","stx_A",1,1,"Complete stx","ggCaller",90,1,"stx1a"
"SRR10337442","stx_B",1,1,"Complete stx","ggCaller",90,1,"stx1a"
"SRR10337442","stx_A",1,1,"Complete stx","ggCaller",100,1,"stx1a"
"SRR10337442","stx_B",1,1,"Complete stx","ggCaller",100,1,"stx1a"
"SRR10506462","stx_A",1,1,"Complete stx","BAKTA",0,1,"stx2a"
"SRR10506462","stx_B",1,1,"Complete stx","BAKTA",0,1,"stx2a"
"SRR10506462","stx_A",1,1,"Complete stx","BAKTA",100,1,"stx2a"
"SRR10506462","stx_B",1,1,"Complete stx","BAKTA",100,1,"stx2a"
"SRR10506462","stx_A",1,1,"Complete stx","PPanGGOLiN",0,1,"stx2a"
"SRR10506462","stx_B",1,1,"Complete stx","PPanGGOLiN",0,1,"stx2a"
"SRR10506462","stx_A",1,1,"Complete stx","PPanGGOLiN",10,1,"stx2a"
"SRR10506462","stx_B",1,1,"Complete stx","PPanGGOLiN",10,1,"stx2a"
"SRR10506462","stx_A",1,1,"Complete stx","PPanGGOLiN",50,1,"stx2a"
"SRR10506462","stx_B",1,1,"Complete stx","PPanGGOLiN",50,1,"stx2a"
"SRR10506462","stx_A",1,1,"Complete stx","PPanGGOLiN",90,1,"stx2a"
"SRR10506462","stx_B",1,1,"Complete stx","PPanGGOLiN",90,1,"stx2a"
"SRR10506462","stx_A",1,1,"Complete stx","PPanGGOLiN",100,1,"stx2a"
"SRR10506462","stx_B",1,1,"Complete stx","PPanGGOLiN",100,1,"stx2a"
"SRR10506462","stx_A",1,1,"Complete stx","Panaroo",0,1,"stx2a"
"SRR10506462","stx_B",1,1,"Complete stx","Panaroo",0,1,"stx2a"
"SRR10506462","stx_A",1,1,"Complete stx","Panaroo",10,1,"stx2a"
"SRR10506462","stx_B",1,1,"Complete stx","Panaroo",10,1,"stx2a"
"SRR10506462","stx_A",1,1,"Complete stx","Panaroo",50,1,"stx2a"
"SRR10506462","stx_B",1,1,"Complete stx","Panaroo",50,1,"stx2a"
"SRR10506462","stx_A",1,1,"Complete stx","Panaroo",90,1,"stx2a"
"SRR10506462","stx_B",1,1,"Complete stx","Panaroo",90,1,"stx2a"
"SRR10506462","stx_A",1,1,"Complete stx","Panaroo",100,1,"stx2a"
"SRR10506462","stx_B",1,1,"Complete stx","Panaroo",100,1,"stx2a"
"SRR10506462","stx_A",1,1,"Complete stx","Roary",0,1,"stx2a"
"SRR10506462","stx_B",1,1,"Complete stx","Roary",0,1,"stx2a"
"SRR10506462","stx_A",1,1,"Complete stx","Roary",10,1,"stx2a"
"SRR10506462","stx_B",1,1,"Complete stx","Roary",10,1,"stx2a"
"SRR10506462","stx_A",1,1,"Complete stx","Roary",50,1,"stx2a"
"SRR10506462","stx_B",1,1,"Complete stx","Roary",50,1,"stx2a"
"SRR10506462","stx_A",1,1,"Complete stx","Roary",90,1,"stx2a"
"SRR10506462","stx_B",1,1,"Complete stx","Roary",90,1,"stx2a"
"SRR10506462","stx_A",1,1,"Complete stx","Roary",100,1,"stx2a"
"SRR10506462","stx_B",1,1,"Complete stx","Roary",100,1,"stx2a"
"SRR10506462","stx_A",1,1,"Complete stx","ggCaller",0,1,"stx2a"
"SRR10506462","stx_B",1,1,"Complete stx","ggCaller",0,1,"stx2a"
"SRR10506462","stx_A",1,1,"Complete stx","ggCaller",10,1,"stx2a"
"SRR10506462","stx_B",1,1,"Complete stx","ggCaller",10,1,"stx2a"
"SRR10506462","stx_A",1,1,"Complete stx","ggCaller",50,3,"stx2a"
"SRR10506462","stx_B",1,1,"Complete stx","ggCaller",50,1,"stx2a"
"SRR10506462","stx_A",1,1,"Complete stx","ggCaller",90,3,"stx2a"
"SRR10506462","stx_B",1,1,"Complete stx","ggCaller",90,1,"stx2a"
"SRR10506462","stx_A",1,1,"Complete stx","ggCaller",100,3,"stx2a"
"SRR10506462","stx_B",1,1,"Complete stx","ggCaller",100,1,"stx2a"
"SRR10520171","stx_A",2,2,"Complete stx","BAKTA",0,2,"stx1a; stx2c"
"SRR10520171","stx_B",2,3,"Fragmented stx","BAKTA",0,1,"stx1a; stx2c"
"SRR10520171","stx_A",2,2,"Complete stx","BAKTA",100,2,"stx1a; stx2c"
"SRR10520171","stx_B",2,3,"Fragmented stx","BAKTA",100,2,"stx1a; stx2c"
"SRR10520171","stx_A",2,2,"Complete stx","PPanGGOLiN",0,2,"stx1a; stx2c"
"SRR10520171","stx_B",2,3,"Fragmented stx","PPanGGOLiN",0,1,"stx1a; stx2c"
"SRR10520171","stx_A",2,2,"Complete stx","PPanGGOLiN",10,2,"stx1a; stx2c"
"SRR10520171","stx_B",2,3,"Fragmented stx","PPanGGOLiN",10,1,"stx1a; stx2c"
"SRR10520171","stx_A",2,2,"Complete stx","PPanGGOLiN",50,2,"stx1a; stx2c"
"SRR10520171","stx_B",2,3,"Fragmented stx","PPanGGOLiN",50,1,"stx1a; stx2c"
"SRR10520171","stx_A",2,2,"Complete stx","PPanGGOLiN",90,2,"stx1a; stx2c"
"SRR10520171","stx_B",2,3,"Fragmented stx","PPanGGOLiN",90,2,"stx1a; stx2c"
"SRR10520171","stx_A",2,2,"Complete stx","PPanGGOLiN",100,2,"stx1a; stx2c"
"SRR10520171","stx_B",2,3,"Fragmented stx","PPanGGOLiN",100,2,"stx1a; stx2c"
"SRR10520171","stx_A",2,2,"Complete stx","Panaroo",0,2,"stx1a; stx2c"
"SRR10520171","stx_B",2,3,"Fragmented stx","Panaroo",0,1,"stx1a; stx2c"
"SRR10520171","stx_A",2,2,"Complete stx","Panaroo",10,2,"stx1a; stx2c"
"SRR10520171","stx_B",2,3,"Fragmented stx","Panaroo",10,1,"stx1a; stx2c"
"SRR10520171","stx_A",2,2,"Complete stx","Panaroo",50,2,"stx1a; stx2c"
"SRR10520171","stx_B",2,3,"Fragmented stx","Panaroo",50,1,"stx1a; stx2c"
"SRR10520171","stx_A",2,2,"Complete stx","Panaroo",90,2,"stx1a; stx2c"
"SRR10520171","stx_B",2,3,"Fragmented stx","Panaroo",90,2,"stx1a; stx2c"
"SRR10520171","stx_A",2,2,"Complete stx","Panaroo",100,2,"stx1a; stx2c"
"SRR10520171","stx_B",2,3,"Fragmented stx","Panaroo",100,2,"stx1a; stx2c"
"SRR10520171","stx_A",2,2,"Complete stx","Roary",0,1,"stx1a; stx2c"
"SRR10520171","stx_B",2,3,"Fragmented stx","Roary",0,1,"stx1a; stx2c"
"SRR10520171","stx_A",2,2,"Complete stx","Roary",10,1,"stx1a; stx2c"
"SRR10520171","stx_B",2,3,"Fragmented stx","Roary",10,1,"stx1a; stx2c"
"SRR10520171","stx_A",2,2,"Complete stx","Roary",50,1,"stx1a; stx2c"
"SRR10520171","stx_B",2,3,"Fragmented stx","Roary",50,1,"stx1a; stx2c"
"SRR10520171","stx_A",2,2,"Complete stx","Roary",90,1,"stx1a; stx2c"
"SRR10520171","stx_B",2,3,"Fragmented stx","Roary",90,1,"stx1a; stx2c"
"SRR10520171","stx_A",2,2,"Complete stx","Roary",100,1,"stx1a; stx2c"
"SRR10520171","stx_B",2,3,"Fragmented stx","Roary",100,1,"stx1a; stx2c"
"SRR10520171","stx_A",2,2,"Complete stx","ggCaller",0,2,"stx1a; stx2c"
"SRR10520171","stx_B",2,3,"Fragmented stx","ggCaller",0,2,"stx1a; stx2c"
"SRR10520171","stx_A",2,2,"Complete stx","ggCaller",10,2,"stx1a; stx2c"
"SRR10520171","stx_B",2,3,"Fragmented stx","ggCaller",10,2,"stx1a; stx2c"
"SRR10520171","stx_A",2,2,"Complete stx","ggCaller",50,2,"stx1a; stx2c"
"SRR10520171","stx_B",2,3,"Fragmented stx","ggCaller",50,1,"stx1a; stx2c"
"SRR10520171","stx_A",2,2,"Complete stx","ggCaller",90,4,"stx1a; stx2c"
"SRR10520171","stx_B",2,3,"Fragmented stx","ggCaller",90,2,"stx1a; stx2c"
"SRR10520171","stx_A",2,2,"Complete stx","ggCaller",100,4,"stx1a; stx2c"
"SRR10520171","stx_B",2,3,"Fragmented stx","ggCaller",100,2,"stx1a; stx2c"
"SRR13160357","stx_A",2,2,"Complete stx","BAKTA",0,2,"stx1a; stx2c"
"SRR13160357","stx_B",2,2,"Complete stx","BAKTA",0,2,"stx1a; stx2c"
"SRR13160357","stx_A",2,2,"Complete stx","BAKTA",100,2,"stx1a; stx2c"
"SRR13160357","stx_B",2,2,"Complete stx","BAKTA",100,2,"stx1a; stx2c"
"SRR13160357","stx_A",2,2,"Complete stx","PPanGGOLiN",0,2,"stx1a; stx2c"
"SRR13160357","stx_B",2,2,"Complete stx","PPanGGOLiN",0,2,"stx1a; stx2c"
"SRR13160357","stx_A",2,2,"Complete stx","PPanGGOLiN",10,2,"stx1a; stx2c"
"SRR13160357","stx_B",2,2,"Complete stx","PPanGGOLiN",10,2,"stx1a; stx2c"
"SRR13160357","stx_A",2,2,"Complete stx","PPanGGOLiN",50,2,"stx1a; stx2c"
"SRR13160357","stx_B",2,2,"Complete stx","PPanGGOLiN",50,2,"stx1a; stx2c"
"SRR13160357","stx_A",2,2,"Complete stx","PPanGGOLiN",90,2,"stx1a; stx2c"
"SRR13160357","stx_B",2,2,"Complete stx","PPanGGOLiN",90,2,"stx1a; stx2c"
"SRR13160357","stx_A",2,2,"Complete stx","PPanGGOLiN",100,2,"stx1a; stx2c"
"SRR13160357","stx_B",2,2,"Complete stx","PPanGGOLiN",100,2,"stx1a; stx2c"
"SRR13160357","stx_A",2,2,"Complete stx","Panaroo",0,2,"stx1a; stx2c"
"SRR13160357","stx_B",2,2,"Complete stx","Panaroo",0,2,"stx1a; stx2c"
"SRR13160357","stx_A",2,2,"Complete stx","Panaroo",10,2,"stx1a; stx2c"
"SRR13160357","stx_B",2,2,"Complete stx","Panaroo",10,2,"stx1a; stx2c"
"SRR13160357","stx_A",2,2,"Complete stx","Panaroo",50,2,"stx1a; stx2c"
"SRR13160357","stx_B",2,2,"Complete stx","Panaroo",50,2,"stx1a; stx2c"
"SRR13160357","stx_A",2,2,"Complete stx","Panaroo",90,2,"stx1a; stx2c"
"SRR13160357","stx_B",2,2,"Complete stx","Panaroo",90,2,"stx1a; stx2c"
"SRR13160357","stx_A",2,2,"Complete stx","Panaroo",100,2,"stx1a; stx2c"
"SRR13160357","stx_B",2,2,"Complete stx","Panaroo",100,2,"stx1a; stx2c"
"SRR13160357","stx_A",2,2,"Complete stx","Roary",0,1,"stx1a; stx2c"
"SRR13160357","stx_B",2,2,"Complete stx","Roary",0,1,"stx1a; stx2c"
"SRR13160357","stx_A",2,2,"Complete stx","Roary",10,1,"stx1a; stx2c"
"SRR13160357","stx_B",2,2,"Complete stx","Roary",10,1,"stx1a; stx2c"
"SRR13160357","stx_A",2,2,"Complete stx","Roary",50,1,"stx1a; stx2c"
"SRR13160357","stx_B",2,2,"Complete stx","Roary",50,1,"stx1a; stx2c"
"SRR13160357","stx_A",2,2,"Complete stx","Roary",90,1,"stx1a; stx2c"
"SRR13160357","stx_B",2,2,"Complete stx","Roary",90,1,"stx1a; stx2c"
"SRR13160357","stx_A",2,2,"Complete stx","Roary",100,1,"stx1a; stx2c"
"SRR13160357","stx_B",2,2,"Complete stx","Roary",100,1,"stx1a; stx2c"
"SRR13160357","stx_A",2,2,"Complete stx","ggCaller",0,3,"stx1a; stx2c"
"SRR13160357","stx_B",2,2,"Complete stx","ggCaller",0,2,"stx1a; stx2c"
"SRR13160357","stx_A",2,2,"Complete stx","ggCaller",10,3,"stx1a; stx2c"
"SRR13160357","stx_B",2,2,"Complete stx","ggCaller",10,2,"stx1a; stx2c"
"SRR13160357","stx_A",2,2,"Complete stx","ggCaller",50,4,"stx1a; stx2c"
"SRR13160357","stx_B",2,2,"Complete stx","ggCaller",50,2,"stx1a; stx2c"
"SRR13160357","stx_A",2,2,"Complete stx","ggCaller",90,4,"stx1a; stx2c"
"SRR13160357","stx_B",2,2,"Complete stx","ggCaller",90,2,"stx1a; stx2c"
"SRR13160357","stx_A",2,2,"Complete stx","ggCaller",100,4,"stx1a; stx2c"
"SRR13160357","stx_B",2,2,"Complete stx","ggCaller",100,2,"stx1a; stx2c"
"SRR13160359","stx_A",2,2,"Complete stx","BAKTA",0,2,"stx1a; stx2a"
"SRR13160359","stx_B",2,2,"Complete stx","BAKTA",0,2,"stx1a; stx2a"
"SRR13160359","stx_A",2,2,"Complete stx","BAKTA",100,2,"stx1a; stx2a"
"SRR13160359","stx_B",2,2,"Complete stx","BAKTA",100,2,"stx1a; stx2a"
"SRR13160359","stx_A",2,2,"Complete stx","PPanGGOLiN",0,2,"stx1a; stx2a"
"SRR13160359","stx_B",2,2,"Complete stx","PPanGGOLiN",0,2,"stx1a; stx2a"
"SRR13160359","stx_A",2,2,"Complete stx","PPanGGOLiN",10,2,"stx1a; stx2a"
"SRR13160359","stx_B",2,2,"Complete stx","PPanGGOLiN",10,2,"stx1a; stx2a"
"SRR13160359","stx_A",2,2,"Complete stx","PPanGGOLiN",50,2,"stx1a; stx2a"
"SRR13160359","stx_B",2,2,"Complete stx","PPanGGOLiN",50,2,"stx1a; stx2a"
"SRR13160359","stx_A",2,2,"Complete stx","PPanGGOLiN",90,2,"stx1a; stx2a"
"SRR13160359","stx_B",2,2,"Complete stx","PPanGGOLiN",90,2,"stx1a; stx2a"
"SRR13160359","stx_A",2,2,"Complete stx","PPanGGOLiN",100,2,"stx1a; stx2a"
"SRR13160359","stx_B",2,2,"Complete stx","PPanGGOLiN",100,2,"stx1a; stx2a"
"SRR13160359","stx_A",2,2,"Complete stx","Panaroo",0,2,"stx1a; stx2a"
"SRR13160359","stx_B",2,2,"Complete stx","Panaroo",0,2,"stx1a; stx2a"
"SRR13160359","stx_A",2,2,"Complete stx","Panaroo",10,2,"stx1a; stx2a"
"SRR13160359","stx_B",2,2,"Complete stx","Panaroo",10,2,"stx1a; stx2a"
"SRR13160359","stx_A",2,2,"Complete stx","Panaroo",50,2,"stx1a; stx2a"
"SRR13160359","stx_B",2,2,"Complete stx","Panaroo",50,2,"stx1a; stx2a"
"SRR13160359","stx_A",2,2,"Complete stx","Panaroo",90,2,"stx1a; stx2a"
"SRR13160359","stx_B",2,2,"Complete stx","Panaroo",90,2,"stx1a; stx2a"
"SRR13160359","stx_A",2,2,"Complete stx","Panaroo",100,2,"stx1a; stx2a"
"SRR13160359","stx_B",2,2,"Complete stx","Panaroo",100,2,"stx1a; stx2a"
"SRR13160359","stx_A",2,2,"Complete stx","Roary",0,1,"stx1a; stx2a"
"SRR13160359","stx_B",2,2,"Complete stx","Roary",0,1,"stx1a; stx2a"
"SRR13160359","stx_A",2,2,"Complete stx","Roary",10,1,"stx1a; stx2a"
"SRR13160359","stx_B",2,2,"Complete stx","Roary",10,1,"stx1a; stx2a"
"SRR13160359","stx_A",2,2,"Complete stx","Roary",50,1,"stx1a; stx2a"
"SRR13160359","stx_B",2,2,"Complete stx","Roary",50,1,"stx1a; stx2a"
"SRR13160359","stx_A",2,2,"Complete stx","Roary",90,1,"stx1a; stx2a"
"SRR13160359","stx_B",2,2,"Complete stx","Roary",90,1,"stx1a; stx2a"
"SRR13160359","stx_A",2,2,"Complete stx","Roary",100,1,"stx1a; stx2a"
"SRR13160359","stx_B",2,2,"Complete stx","Roary",100,1,"stx1a; stx2a"
"SRR13160359","stx_A",2,2,"Complete stx","ggCaller",0,2,"stx1a; stx2a"
"SRR13160359","stx_B",2,2,"Complete stx","ggCaller",0,2,"stx1a; stx2a"
"SRR13160359","stx_A",2,2,"Complete stx","ggCaller",10,2,"stx1a; stx2a"
"SRR13160359","stx_B",2,2,"Complete stx","ggCaller",10,2,"stx1a; stx2a"
"SRR13160359","stx_A",2,2,"Complete stx","ggCaller",50,4,"stx1a; stx2a"
"SRR13160359","stx_B",2,2,"Complete stx","ggCaller",50,2,"stx1a; stx2a"
"SRR13160359","stx_A",2,2,"Complete stx","ggCaller",90,4,"stx1a; stx2a"
"SRR13160359","stx_B",2,2,"Complete stx","ggCaller",90,2,"stx1a; stx2a"
"SRR13160359","stx_A",2,2,"Complete stx","ggCaller",100,4,"stx1a; stx2a"
"SRR13160359","stx_B",2,2,"Complete stx","ggCaller",100,2,"stx1a; stx2a"
"SRR13160360","stx_A",2,6,"Fragmented stx","BAKTA",0,0,"stx2a; stx2c"
"SRR13160360","stx_B",2,4,"Fragmented stx","BAKTA",0,0,"stx2a; stx2c"
"SRR13160360","stx_A",2,6,"Fragmented stx","BAKTA",100,2,"stx2a; stx2c"
"SRR13160360","stx_B",2,4,"Fragmented stx","BAKTA",100,2,"stx2a; stx2c"
"SRR13160360","stx_A",2,6,"Fragmented stx","PPanGGOLiN",0,0,"stx2a; stx2c"
"SRR13160360","stx_B",2,4,"Fragmented stx","PPanGGOLiN",0,0,"stx2a; stx2c"
"SRR13160360","stx_A",2,6,"Fragmented stx","PPanGGOLiN",10,0,"stx2a; stx2c"
"SRR13160360","stx_B",2,4,"Fragmented stx","PPanGGOLiN",10,0,"stx2a; stx2c"
"SRR13160360","stx_A",2,6,"Fragmented stx","PPanGGOLiN",50,0,"stx2a; stx2c"
"SRR13160360","stx_B",2,4,"Fragmented stx","PPanGGOLiN",50,0,"stx2a; stx2c"
"SRR13160360","stx_A",2,6,"Fragmented stx","PPanGGOLiN",90,1,"stx2a; stx2c"
"SRR13160360","stx_B",2,4,"Fragmented stx","PPanGGOLiN",90,1,"stx2a; stx2c"
"SRR13160360","stx_A",2,6,"Fragmented stx","PPanGGOLiN",100,1,"stx2a; stx2c"
"SRR13160360","stx_B",2,4,"Fragmented stx","PPanGGOLiN",100,1,"stx2a; stx2c"
"SRR13160360","stx_A",2,6,"Fragmented stx","Panaroo",0,0,"stx2a; stx2c"
"SRR13160360","stx_B",2,4,"Fragmented stx","Panaroo",0,0,"stx2a; stx2c"
"SRR13160360","stx_A",2,6,"Fragmented stx","Panaroo",10,0,"stx2a; stx2c"
"SRR13160360","stx_B",2,4,"Fragmented stx","Panaroo",10,0,"stx2a; stx2c"
"SRR13160360","stx_A",2,6,"Fragmented stx","Panaroo",50,0,"stx2a; stx2c"
"SRR13160360","stx_B",2,4,"Fragmented stx","Panaroo",50,0,"stx2a; stx2c"
"SRR13160360","stx_A",2,6,"Fragmented stx","Panaroo",90,1,"stx2a; stx2c"
"SRR13160360","stx_B",2,4,"Fragmented stx","Panaroo",90,2,"stx2a; stx2c"
"SRR13160360","stx_A",2,6,"Fragmented stx","Panaroo",100,1,"stx2a; stx2c"
"SRR13160360","stx_B",2,4,"Fragmented stx","Panaroo",100,2,"stx2a; stx2c"
"SRR13160360","stx_A",2,6,"Fragmented stx","Roary",0,0,"stx2a; stx2c"
"SRR13160360","stx_B",2,4,"Fragmented stx","Roary",0,0,"stx2a; stx2c"
"SRR13160360","stx_A",2,6,"Fragmented stx","Roary",10,0,"stx2a; stx2c"
"SRR13160360","stx_B",2,4,"Fragmented stx","Roary",10,0,"stx2a; stx2c"
"SRR13160360","stx_A",2,6,"Fragmented stx","Roary",50,0,"stx2a; stx2c"
"SRR13160360","stx_B",2,4,"Fragmented stx","Roary",50,0,"stx2a; stx2c"
"SRR13160360","stx_A",2,6,"Fragmented stx","Roary",90,2,"stx2a; stx2c"
"SRR13160360","stx_B",2,4,"Fragmented stx","Roary",90,1,"stx2a; stx2c"
"SRR13160360","stx_A",2,6,"Fragmented stx","Roary",100,2,"stx2a; stx2c"
"SRR13160360","stx_B",2,4,"Fragmented stx","Roary",100,1,"stx2a; stx2c"
"SRR13160360","stx_A",2,6,"Fragmented stx","ggCaller",0,0,"stx2a; stx2c"
"SRR13160360","stx_B",2,4,"Fragmented stx","ggCaller",0,0,"stx2a; stx2c"
"SRR13160360","stx_A",2,6,"Fragmented stx","ggCaller",10,0,"stx2a; stx2c"
"SRR13160360","stx_B",2,4,"Fragmented stx","ggCaller",10,0,"stx2a; stx2c"
"SRR13160360","stx_A",2,6,"Fragmented stx","ggCaller",50,0,"stx2a; stx2c"
"SRR13160360","stx_B",2,4,"Fragmented stx","ggCaller",50,0,"stx2a; stx2c"
"SRR13160360","stx_A",2,6,"Fragmented stx","ggCaller",90,3,"stx2a; stx2c"
"SRR13160360","stx_B",2,4,"Fragmented stx","ggCaller",90,2,"stx2a; stx2c"
"SRR13160360","stx_A",2,6,"Fragmented stx","ggCaller",100,3,"stx2a; stx2c"
"SRR13160360","stx_B",2,4,"Fragmented stx","ggCaller",100,2,"stx2a; stx2c"
"SRR13167188","stx_A",2,2,"Complete stx","BAKTA",0,2,"stx1a; stx2a"
"SRR13167188","stx_B",2,2,"Complete stx","BAKTA",0,2,"stx1a; stx2a"
"SRR13167188","stx_A",2,2,"Complete stx","BAKTA",100,2,"stx1a; stx2a"
"SRR13167188","stx_B",2,2,"Complete stx","BAKTA",100,2,"stx1a; stx2a"
"SRR13167188","stx_A",2,2,"Complete stx","PPanGGOLiN",0,2,"stx1a; stx2a"
"SRR13167188","stx_B",2,2,"Complete stx","PPanGGOLiN",0,2,"stx1a; stx2a"
"SRR13167188","stx_A",2,2,"Complete stx","PPanGGOLiN",10,2,"stx1a; stx2a"
"SRR13167188","stx_B",2,2,"Complete stx","PPanGGOLiN",10,2,"stx1a; stx2a"
"SRR13167188","stx_A",2,2,"Complete stx","PPanGGOLiN",50,2,"stx1a; stx2a"
"SRR13167188","stx_B",2,2,"Complete stx","PPanGGOLiN",50,2,"stx1a; stx2a"
"SRR13167188","stx_A",2,2,"Complete stx","PPanGGOLiN",90,2,"stx1a; stx2a"
"SRR13167188","stx_B",2,2,"Complete stx","PPanGGOLiN",90,2,"stx1a; stx2a"
"SRR13167188","stx_A",2,2,"Complete stx","PPanGGOLiN",100,2,"stx1a; stx2a"
"SRR13167188","stx_B",2,2,"Complete stx","PPanGGOLiN",100,2,"stx1a; stx2a"
"SRR13167188","stx_A",2,2,"Complete stx","Panaroo",0,2,"stx1a; stx2a"
"SRR13167188","stx_B",2,2,"Complete stx","Panaroo",0,2,"stx1a; stx2a"
"SRR13167188","stx_A",2,2,"Complete stx","Panaroo",10,2,"stx1a; stx2a"
"SRR13167188","stx_B",2,2,"Complete stx","Panaroo",10,2,"stx1a; stx2a"
"SRR13167188","stx_A",2,2,"Complete stx","Panaroo",50,2,"stx1a; stx2a"
"SRR13167188","stx_B",2,2,"Complete stx","Panaroo",50,2,"stx1a; stx2a"
"SRR13167188","stx_A",2,2,"Complete stx","Panaroo",90,2,"stx1a; stx2a"
"SRR13167188","stx_B",2,2,"Complete stx","Panaroo",90,2,"stx1a; stx2a"
"SRR13167188","stx_A",2,2,"Complete stx","Panaroo",100,2,"stx1a; stx2a"
"SRR13167188","stx_B",2,2,"Complete stx","Panaroo",100,2,"stx1a; stx2a"
"SRR13167188","stx_A",2,2,"Complete stx","Roary",0,1,"stx1a; stx2a"
"SRR13167188","stx_B",2,2,"Complete stx","Roary",0,1,"stx1a; stx2a"
"SRR13167188","stx_A",2,2,"Complete stx","Roary",10,1,"stx1a; stx2a"
"SRR13167188","stx_B",2,2,"Complete stx","Roary",10,1,"stx1a; stx2a"
"SRR13167188","stx_A",2,2,"Complete stx","Roary",50,1,"stx1a; stx2a"
"SRR13167188","stx_B",2,2,"Complete stx","Roary",50,1,"stx1a; stx2a"
"SRR13167188","stx_A",2,2,"Complete stx","Roary",90,1,"stx1a; stx2a"
"SRR13167188","stx_B",2,2,"Complete stx","Roary",90,1,"stx1a; stx2a"
"SRR13167188","stx_A",2,2,"Complete stx","Roary",100,1,"stx1a; stx2a"
"SRR13167188","stx_B",2,2,"Complete stx","Roary",100,1,"stx1a; stx2a"
"SRR13167188","stx_A",2,2,"Complete stx","ggCaller",0,2,"stx1a; stx2a"
"SRR13167188","stx_B",2,2,"Complete stx","ggCaller",0,2,"stx1a; stx2a"
"SRR13167188","stx_A",2,2,"Complete stx","ggCaller",10,2,"stx1a; stx2a"
"SRR13167188","stx_B",2,2,"Complete stx","ggCaller",10,2,"stx1a; stx2a"
"SRR13167188","stx_A",2,2,"Complete stx","ggCaller",50,4,"stx1a; stx2a"
"SRR13167188","stx_B",2,2,"Complete stx","ggCaller",50,2,"stx1a; stx2a"
"SRR13167188","stx_A",2,2,"Complete stx","ggCaller",90,4,"stx1a; stx2a"
"SRR13167188","stx_B",2,2,"Complete stx","ggCaller",90,2,"stx1a; stx2a"
"SRR13167188","stx_A",2,2,"Complete stx","ggCaller",100,4,"stx1a; stx2a"
"SRR13167188","stx_B",2,2,"Complete stx","ggCaller",100,2,"stx1a; stx2a"
"SRR14419375","stx_A",1,1,"Complete stx","BAKTA",0,1,"stx2c"
"SRR14419375","stx_B",1,1,"Complete stx","BAKTA",0,1,"stx2c"
"SRR14419375","stx_A",1,1,"Complete stx","BAKTA",100,1,"stx2c"
"SRR14419375","stx_B",1,1,"Complete stx","BAKTA",100,1,"stx2c"
"SRR14419375","stx_A",1,1,"Complete stx","PPanGGOLiN",0,1,"stx2c"
"SRR14419375","stx_B",1,1,"Complete stx","PPanGGOLiN",0,1,"stx2c"
"SRR14419375","stx_A",1,1,"Complete stx","PPanGGOLiN",10,1,"stx2c"
"SRR14419375","stx_B",1,1,"Complete stx","PPanGGOLiN",10,1,"stx2c"
"SRR14419375","stx_A",1,1,"Complete stx","PPanGGOLiN",50,1,"stx2c"
"SRR14419375","stx_B",1,1,"Complete stx","PPanGGOLiN",50,1,"stx2c"
"SRR14419375","stx_A",1,1,"Complete stx","PPanGGOLiN",90,1,"stx2c"
"SRR14419375","stx_B",1,1,"Complete stx","PPanGGOLiN",90,1,"stx2c"
"SRR14419375","stx_A",1,1,"Complete stx","PPanGGOLiN",100,1,"stx2c"
"SRR14419375","stx_B",1,1,"Complete stx","PPanGGOLiN",100,1,"stx2c"
"SRR14419375","stx_A",1,1,"Complete stx","Panaroo",0,1,"stx2c"
"SRR14419375","stx_B",1,1,"Complete stx","Panaroo",0,1,"stx2c"
"SRR14419375","stx_A",1,1,"Complete stx","Panaroo",10,1,"stx2c"
"SRR14419375","stx_B",1,1,"Complete stx","Panaroo",10,1,"stx2c"
"SRR14419375","stx_A",1,1,"Complete stx","Panaroo",50,1,"stx2c"
"SRR14419375","stx_B",1,1,"Complete stx","Panaroo",50,1,"stx2c"
"SRR14419375","stx_A",1,1,"Complete stx","Panaroo",90,1,"stx2c"
"SRR14419375","stx_B",1,1,"Complete stx","Panaroo",90,1,"stx2c"
"SRR14419375","stx_A",1,1,"Complete stx","Panaroo",100,1,"stx2c"
"SRR14419375","stx_B",1,1,"Complete stx","Panaroo",100,1,"stx2c"
"SRR14419375","stx_A",1,1,"Complete stx","Roary",0,1,"stx2c"
"SRR14419375","stx_B",1,1,"Complete stx","Roary",0,1,"stx2c"
"SRR14419375","stx_A",1,1,"Complete stx","Roary",10,1,"stx2c"
"SRR14419375","stx_B",1,1,"Complete stx","Roary",10,1,"stx2c"
"SRR14419375","stx_A",1,1,"Complete stx","Roary",50,1,"stx2c"
"SRR14419375","stx_B",1,1,"Complete stx","Roary",50,1,"stx2c"
"SRR14419375","stx_A",1,1,"Complete stx","Roary",90,1,"stx2c"
"SRR14419375","stx_B",1,1,"Complete stx","Roary",90,1,"stx2c"
"SRR14419375","stx_A",1,1,"Complete stx","Roary",100,1,"stx2c"
"SRR14419375","stx_B",1,1,"Complete stx","Roary",100,1,"stx2c"
"SRR14419375","stx_A",1,1,"Complete stx","ggCaller",0,2,"stx2c"
"SRR14419375","stx_B",1,1,"Complete stx","ggCaller",0,1,"stx2c"
"SRR14419375","stx_A",1,1,"Complete stx","ggCaller",10,2,"stx2c"
"SRR14419375","stx_B",1,1,"Complete stx","ggCaller",10,1,"stx2c"
"SRR14419375","stx_A",1,1,"Complete stx","ggCaller",50,3,"stx2c"
"SRR14419375","stx_B",1,1,"Complete stx","ggCaller",50,1,"stx2c"
"SRR14419375","stx_A",1,1,"Complete stx","ggCaller",90,3,"stx2c"
"SRR14419375","stx_B",1,1,"Complete stx","ggCaller",90,1,"stx2c"
"SRR14419375","stx_A",1,1,"Complete stx","ggCaller",100,3,"stx2c"
"SRR14419375","stx_B",1,1,"Complete stx","ggCaller",100,1,"stx2c"
"SRR14419377","stx_A",2,2,"Complete stx","BAKTA",0,2,"stx1a; stx2c"
"SRR14419377","stx_B",2,2,"Complete stx","BAKTA",0,2,"stx1a; stx2c"
"SRR14419377","stx_A",2,2,"Complete stx","BAKTA",100,2,"stx1a; stx2c"
"SRR14419377","stx_B",2,2,"Complete stx","BAKTA",100,2,"stx1a; stx2c"
"SRR14419377","stx_A",2,2,"Complete stx","PPanGGOLiN",0,2,"stx1a; stx2c"
"SRR14419377","stx_B",2,2,"Complete stx","PPanGGOLiN",0,2,"stx1a; stx2c"
"SRR14419377","stx_A",2,2,"Complete stx","PPanGGOLiN",10,2,"stx1a; stx2c"
"SRR14419377","stx_B",2,2,"Complete stx","PPanGGOLiN",10,2,"stx1a; stx2c"
"SRR14419377","stx_A",2,2,"Complete stx","PPanGGOLiN",50,2,"stx1a; stx2c"
"SRR14419377","stx_B",2,2,"Complete stx","PPanGGOLiN",50,2,"stx1a; stx2c"
"SRR14419377","stx_A",2,2,"Complete stx","PPanGGOLiN",90,2,"stx1a; stx2c"
"SRR14419377","stx_B",2,2,"Complete stx","PPanGGOLiN",90,2,"stx1a; stx2c"
"SRR14419377","stx_A",2,2,"Complete stx","PPanGGOLiN",100,2,"stx1a; stx2c"
"SRR14419377","stx_B",2,2,"Complete stx","PPanGGOLiN",100,2,"stx1a; stx2c"
"SRR14419377","stx_A",2,2,"Complete stx","Panaroo",0,2,"stx1a; stx2c"
"SRR14419377","stx_B",2,2,"Complete stx","Panaroo",0,2,"stx1a; stx2c"
"SRR14419377","stx_A",2,2,"Complete stx","Panaroo",10,2,"stx1a; stx2c"
"SRR14419377","stx_B",2,2,"Complete stx","Panaroo",10,2,"stx1a; stx2c"
"SRR14419377","stx_A",2,2,"Complete stx","Panaroo",50,2,"stx1a; stx2c"
"SRR14419377","stx_B",2,2,"Complete stx","Panaroo",50,2,"stx1a; stx2c"
"SRR14419377","stx_A",2,2,"Complete stx","Panaroo",90,2,"stx1a; stx2c"
"SRR14419377","stx_B",2,2,"Complete stx","Panaroo",90,2,"stx1a; stx2c"
"SRR14419377","stx_A",2,2,"Complete stx","Panaroo",100,2,"stx1a; stx2c"
"SRR14419377","stx_B",2,2,"Complete stx","Panaroo",100,2,"stx1a; stx2c"
"SRR14419377","stx_A",2,2,"Complete stx","Roary",0,1,"stx1a; stx2c"
"SRR14419377","stx_B",2,2,"Complete stx","Roary",0,1,"stx1a; stx2c"
"SRR14419377","stx_A",2,2,"Complete stx","Roary",10,1,"stx1a; stx2c"
"SRR14419377","stx_B",2,2,"Complete stx","Roary",10,1,"stx1a; stx2c"
"SRR14419377","stx_A",2,2,"Complete stx","Roary",50,1,"stx1a; stx2c"
"SRR14419377","stx_B",2,2,"Complete stx","Roary",50,1,"stx1a; stx2c"
"SRR14419377","stx_A",2,2,"Complete stx","Roary",90,1,"stx1a; stx2c"
"SRR14419377","stx_B",2,2,"Complete stx","Roary",90,1,"stx1a; stx2c"
"SRR14419377","stx_A",2,2,"Complete stx","Roary",100,1,"stx1a; stx2c"
"SRR14419377","stx_B",2,2,"Complete stx","Roary",100,1,"stx1a; stx2c"
"SRR14419377","stx_A",2,2,"Complete stx","ggCaller",0,3,"stx1a; stx2c"
"SRR14419377","stx_B",2,2,"Complete stx","ggCaller",0,2,"stx1a; stx2c"
"SRR14419377","stx_A",2,2,"Complete stx","ggCaller",10,3,"stx1a; stx2c"
"SRR14419377","stx_B",2,2,"Complete stx","ggCaller",10,2,"stx1a; stx2c"
"SRR14419377","stx_A",2,2,"Complete stx","ggCaller",50,4,"stx1a; stx2c"
"SRR14419377","stx_B",2,2,"Complete stx","ggCaller",50,2,"stx1a; stx2c"
"SRR14419377","stx_A",2,2,"Complete stx","ggCaller",90,4,"stx1a; stx2c"
"SRR14419377","stx_B",2,2,"Complete stx","ggCaller",90,2,"stx1a; stx2c"
"SRR14419377","stx_A",2,2,"Complete stx","ggCaller",100,4,"stx1a; stx2c"
"SRR14419377","stx_B",2,2,"Complete stx","ggCaller",100,2,"stx1a; stx2c"
"SRR14419379","stx_A",2,4,"Fragmented stx","BAKTA",0,1,"stx2a; stx2c"
"SRR14419379","stx_B",2,4,"Fragmented stx","BAKTA",0,0,"stx2a; stx2c"
"SRR14419379","stx_A",2,4,"Fragmented stx","BAKTA",100,2,"stx2a; stx2c"
"SRR14419379","stx_B",2,4,"Fragmented stx","BAKTA",100,2,"stx2a; stx2c"
"SRR14419379","stx_A",2,4,"Fragmented stx","PPanGGOLiN",0,1,"stx2a; stx2c"
"SRR14419379","stx_B",2,4,"Fragmented stx","PPanGGOLiN",0,0,"stx2a; stx2c"
"SRR14419379","stx_A",2,4,"Fragmented stx","PPanGGOLiN",10,1,"stx2a; stx2c"
"SRR14419379","stx_B",2,4,"Fragmented stx","PPanGGOLiN",10,1,"stx2a; stx2c"
"SRR14419379","stx_A",2,4,"Fragmented stx","PPanGGOLiN",50,1,"stx2a; stx2c"
"SRR14419379","stx_B",2,4,"Fragmented stx","PPanGGOLiN",50,1,"stx2a; stx2c"
"SRR14419379","stx_A",2,4,"Fragmented stx","PPanGGOLiN",90,1,"stx2a; stx2c"
"SRR14419379","stx_B",2,4,"Fragmented stx","PPanGGOLiN",90,0,"stx2a; stx2c"
"SRR14419379","stx_A",2,4,"Fragmented stx","PPanGGOLiN",100,1,"stx2a; stx2c"
"SRR14419379","stx_B",2,4,"Fragmented stx","PPanGGOLiN",100,1,"stx2a; stx2c"
"SRR14419379","stx_A",2,4,"Fragmented stx","Panaroo",0,1,"stx2a; stx2c"
"SRR14419379","stx_B",2,4,"Fragmented stx","Panaroo",0,0,"stx2a; stx2c"
"SRR14419379","stx_A",2,4,"Fragmented stx","Panaroo",10,1,"stx2a; stx2c"
"SRR14419379","stx_B",2,4,"Fragmented stx","Panaroo",10,2,"stx2a; stx2c"
"SRR14419379","stx_A",2,4,"Fragmented stx","Panaroo",50,1,"stx2a; stx2c"
"SRR14419379","stx_B",2,4,"Fragmented stx","Panaroo",50,2,"stx2a; stx2c"
"SRR14419379","stx_A",2,4,"Fragmented stx","Panaroo",90,1,"stx2a; stx2c"
"SRR14419379","stx_B",2,4,"Fragmented stx","Panaroo",90,0,"stx2a; stx2c"
"SRR14419379","stx_A",2,4,"Fragmented stx","Panaroo",100,1,"stx2a; stx2c"
"SRR14419379","stx_B",2,4,"Fragmented stx","Panaroo",100,2,"stx2a; stx2c"
"SRR14419379","stx_A",2,4,"Fragmented stx","Roary",0,1,"stx2a; stx2c"
"SRR14419379","stx_B",2,4,"Fragmented stx","Roary",0,0,"stx2a; stx2c"
"SRR14419379","stx_A",2,4,"Fragmented stx","Roary",10,2,"stx2a; stx2c"
"SRR14419379","stx_B",2,4,"Fragmented stx","Roary",10,1,"stx2a; stx2c"
"SRR14419379","stx_A",2,4,"Fragmented stx","Roary",50,2,"stx2a; stx2c"
"SRR14419379","stx_B",2,4,"Fragmented stx","Roary",50,1,"stx2a; stx2c"
"SRR14419379","stx_A",2,4,"Fragmented stx","Roary",90,1,"stx2a; stx2c"
"SRR14419379","stx_B",2,4,"Fragmented stx","Roary",90,0,"stx2a; stx2c"
"SRR14419379","stx_A",2,4,"Fragmented stx","Roary",100,2,"stx2a; stx2c"
"SRR14419379","stx_B",2,4,"Fragmented stx","Roary",100,1,"stx2a; stx2c"
"SRR14419379","stx_A",2,4,"Fragmented stx","ggCaller",0,1,"stx2a; stx2c"
"SRR14419379","stx_B",2,4,"Fragmented stx","ggCaller",0,0,"stx2a; stx2c"
"SRR14419379","stx_A",2,4,"Fragmented stx","ggCaller",10,2,"stx2a; stx2c"
"SRR14419379","stx_B",2,4,"Fragmented stx","ggCaller",10,2,"stx2a; stx2c"
"SRR14419379","stx_A",2,4,"Fragmented stx","ggCaller",50,3,"stx2a; stx2c"
"SRR14419379","stx_B",2,4,"Fragmented stx","ggCaller",50,2,"stx2a; stx2c"
"SRR14419379","stx_A",2,4,"Fragmented stx","ggCaller",90,0,"stx2a; stx2c"
"SRR14419379","stx_B",2,4,"Fragmented stx","ggCaller",90,0,"stx2a; stx2c"
"SRR14419379","stx_A",2,4,"Fragmented stx","ggCaller",100,3,"stx2a; stx2c"
"SRR14419379","stx_B",2,4,"Fragmented stx","ggCaller",100,2,"stx2a; stx2c"
"SRR14419381","stx_A",2,6,"Fragmented stx","BAKTA",0,0,"stx2a; stx2c"
"SRR14419381","stx_B",2,4,"Fragmented stx","BAKTA",0,0,"stx2a; stx2c"
"SRR14419381","stx_A",2,6,"Fragmented stx","BAKTA",100,2,"stx2a; stx2c"
"SRR14419381","stx_B",2,4,"Fragmented stx","BAKTA",100,2,"stx2a; stx2c"
"SRR14419381","stx_A",2,6,"Fragmented stx","PPanGGOLiN",0,0,"stx2a; stx2c"
"SRR14419381","stx_B",2,4,"Fragmented stx","PPanGGOLiN",0,0,"stx2a; stx2c"
"SRR14419381","stx_A",2,6,"Fragmented stx","PPanGGOLiN",10,0,"stx2a; stx2c"
"SRR14419381","stx_B",2,4,"Fragmented stx","PPanGGOLiN",10,0,"stx2a; stx2c"
"SRR14419381","stx_A",2,6,"Fragmented stx","PPanGGOLiN",50,0,"stx2a; stx2c"
"SRR14419381","stx_B",2,4,"Fragmented stx","PPanGGOLiN",50,0,"stx2a; stx2c"
"SRR14419381","stx_A",2,6,"Fragmented stx","PPanGGOLiN",90,1,"stx2a; stx2c"
"SRR14419381","stx_B",2,4,"Fragmented stx","PPanGGOLiN",90,1,"stx2a; stx2c"
"SRR14419381","stx_A",2,6,"Fragmented stx","PPanGGOLiN",100,1,"stx2a; stx2c"
"SRR14419381","stx_B",2,4,"Fragmented stx","PPanGGOLiN",100,1,"stx2a; stx2c"
"SRR14419381","stx_A",2,6,"Fragmented stx","Panaroo",0,0,"stx2a; stx2c"
"SRR14419381","stx_B",2,4,"Fragmented stx","Panaroo",0,0,"stx2a; stx2c"
"SRR14419381","stx_A",2,6,"Fragmented stx","Panaroo",10,0,"stx2a; stx2c"
"SRR14419381","stx_B",2,4,"Fragmented stx","Panaroo",10,0,"stx2a; stx2c"
"SRR14419381","stx_A",2,6,"Fragmented stx","Panaroo",50,0,"stx2a; stx2c"
"SRR14419381","stx_B",2,4,"Fragmented stx","Panaroo",50,0,"stx2a; stx2c"
"SRR14419381","stx_A",2,6,"Fragmented stx","Panaroo",90,1,"stx2a; stx2c"
"SRR14419381","stx_B",2,4,"Fragmented stx","Panaroo",90,2,"stx2a; stx2c"
"SRR14419381","stx_A",2,6,"Fragmented stx","Panaroo",100,1,"stx2a; stx2c"
"SRR14419381","stx_B",2,4,"Fragmented stx","Panaroo",100,2,"stx2a; stx2c"
"SRR14419381","stx_A",2,6,"Fragmented stx","Roary",0,0,"stx2a; stx2c"
"SRR14419381","stx_B",2,4,"Fragmented stx","Roary",0,0,"stx2a; stx2c"
"SRR14419381","stx_A",2,6,"Fragmented stx","Roary",10,0,"stx2a; stx2c"
"SRR14419381","stx_B",2,4,"Fragmented stx","Roary",10,0,"stx2a; stx2c"
"SRR14419381","stx_A",2,6,"Fragmented stx","Roary",50,0,"stx2a; stx2c"
"SRR14419381","stx_B",2,4,"Fragmented stx","Roary",50,0,"stx2a; stx2c"
"SRR14419381","stx_A",2,6,"Fragmented stx","Roary",90,2,"stx2a; stx2c"
"SRR14419381","stx_B",2,4,"Fragmented stx","Roary",90,1,"stx2a; stx2c"
"SRR14419381","stx_A",2,6,"Fragmented stx","Roary",100,2,"stx2a; stx2c"
"SRR14419381","stx_B",2,4,"Fragmented stx","Roary",100,1,"stx2a; stx2c"
"SRR14419381","stx_A",2,6,"Fragmented stx","ggCaller",0,0,"stx2a; stx2c"
"SRR14419381","stx_B",2,4,"Fragmented stx","ggCaller",0,0,"stx2a; stx2c"
"SRR14419381","stx_A",2,6,"Fragmented stx","ggCaller",10,0,"stx2a; stx2c"
"SRR14419381","stx_B",2,4,"Fragmented stx","ggCaller",10,0,"stx2a; stx2c"
"SRR14419381","stx_A",2,6,"Fragmented stx","ggCaller",50,0,"stx2a; stx2c"
"SRR14419381","stx_B",2,4,"Fragmented stx","ggCaller",50,0,"stx2a; stx2c"
"SRR14419381","stx_A",2,6,"Fragmented stx","ggCaller",90,3,"stx2a; stx2c"
"SRR14419381","stx_B",2,4,"Fragmented stx","ggCaller",90,2,"stx2a; stx2c"
"SRR14419381","stx_A",2,6,"Fragmented stx","ggCaller",100,3,"stx2a; stx2c"
"SRR14419381","stx_B",2,4,"Fragmented stx","ggCaller",100,2,"stx2a; stx2c"
"SRR14419383","stx_A",2,4,"Fragmented stx","BAKTA",0,1,"stx2a; stx2c"
"SRR14419383","stx_B",2,4,"Fragmented stx","BAKTA",0,0,"stx2a; stx2c"
"SRR14419383","stx_A",2,4,"Fragmented stx","BAKTA",100,2,"stx2a; stx2c"
"SRR14419383","stx_B",2,4,"Fragmented stx","BAKTA",100,2,"stx2a; stx2c"
"SRR14419383","stx_A",2,4,"Fragmented stx","PPanGGOLiN",0,1,"stx2a; stx2c"
"SRR14419383","stx_B",2,4,"Fragmented stx","PPanGGOLiN",0,0,"stx2a; stx2c"
"SRR14419383","stx_A",2,4,"Fragmented stx","PPanGGOLiN",10,1,"stx2a; stx2c"
"SRR14419383","stx_B",2,4,"Fragmented stx","PPanGGOLiN",10,0,"stx2a; stx2c"
"SRR14419383","stx_A",2,4,"Fragmented stx","PPanGGOLiN",50,1,"stx2a; stx2c"
"SRR14419383","stx_B",2,4,"Fragmented stx","PPanGGOLiN",50,1,"stx2a; stx2c"
"SRR14419383","stx_A",2,4,"Fragmented stx","PPanGGOLiN",90,1,"stx2a; stx2c"
"SRR14419383","stx_B",2,4,"Fragmented stx","PPanGGOLiN",90,1,"stx2a; stx2c"
"SRR14419383","stx_A",2,4,"Fragmented stx","PPanGGOLiN",100,1,"stx2a; stx2c"
"SRR14419383","stx_B",2,4,"Fragmented stx","PPanGGOLiN",100,1,"stx2a; stx2c"
"SRR14419383","stx_A",2,4,"Fragmented stx","Panaroo",0,1,"stx2a; stx2c"
"SRR14419383","stx_B",2,4,"Fragmented stx","Panaroo",0,0,"stx2a; stx2c"
"SRR14419383","stx_A",2,4,"Fragmented stx","Panaroo",10,1,"stx2a; stx2c"
"SRR14419383","stx_B",2,4,"Fragmented stx","Panaroo",10,0,"stx2a; stx2c"
"SRR14419383","stx_A",2,4,"Fragmented stx","Panaroo",50,1,"stx2a; stx2c"
"SRR14419383","stx_B",2,4,"Fragmented stx","Panaroo",50,2,"stx2a; stx2c"
"SRR14419383","stx_A",2,4,"Fragmented stx","Panaroo",90,1,"stx2a; stx2c"
"SRR14419383","stx_B",2,4,"Fragmented stx","Panaroo",90,2,"stx2a; stx2c"
"SRR14419383","stx_A",2,4,"Fragmented stx","Panaroo",100,1,"stx2a; stx2c"
"SRR14419383","stx_B",2,4,"Fragmented stx","Panaroo",100,2,"stx2a; stx2c"
"SRR14419383","stx_A",2,4,"Fragmented stx","Roary",0,1,"stx2a; stx2c"
"SRR14419383","stx_B",2,4,"Fragmented stx","Roary",0,0,"stx2a; stx2c"
"SRR14419383","stx_A",2,4,"Fragmented stx","Roary",10,1,"stx2a; stx2c"
"SRR14419383","stx_B",2,4,"Fragmented stx","Roary",10,0,"stx2a; stx2c"
"SRR14419383","stx_A",2,4,"Fragmented stx","Roary",50,2,"stx2a; stx2c"
"SRR14419383","stx_B",2,4,"Fragmented stx","Roary",50,1,"stx2a; stx2c"
"SRR14419383","stx_A",2,4,"Fragmented stx","Roary",90,2,"stx2a; stx2c"
"SRR14419383","stx_B",2,4,"Fragmented stx","Roary",90,1,"stx2a; stx2c"
"SRR14419383","stx_A",2,4,"Fragmented stx","Roary",100,2,"stx2a; stx2c"
"SRR14419383","stx_B",2,4,"Fragmented stx","Roary",100,1,"stx2a; stx2c"
"SRR14419383","stx_A",2,4,"Fragmented stx","ggCaller",0,1,"stx2a; stx2c"
"SRR14419383","stx_B",2,4,"Fragmented stx","ggCaller",0,0,"stx2a; stx2c"
"SRR14419383","stx_A",2,4,"Fragmented stx","ggCaller",10,1,"stx2a; stx2c"
"SRR14419383","stx_B",2,4,"Fragmented stx","ggCaller",10,0,"stx2a; stx2c"
"SRR14419383","stx_A",2,4,"Fragmented stx","ggCaller",50,3,"stx2a; stx2c"
"SRR14419383","stx_B",2,4,"Fragmented stx","ggCaller",50,2,"stx2a; stx2c"
"SRR14419383","stx_A",2,4,"Fragmented stx","ggCaller",90,3,"stx2a; stx2c"
"SRR14419383","stx_B",2,4,"Fragmented stx","ggCaller",90,2,"stx2a; stx2c"
"SRR14419383","stx_A",2,4,"Fragmented stx","ggCaller",100,3,"stx2a; stx2c"
"SRR14419383","stx_B",2,4,"Fragmented stx","ggCaller",100,2,"stx2a; stx2c"
"SRR14419387","stx_A",2,6,"Fragmented stx","BAKTA",0,0,"stx2a; stx2c"
"SRR14419387","stx_B",2,4,"Fragmented stx","BAKTA",0,0,"stx2a; stx2c"
"SRR14419387","stx_A",2,6,"Fragmented stx","BAKTA",100,2,"stx2a; stx2c"
"SRR14419387","stx_B",2,4,"Fragmented stx","BAKTA",100,2,"stx2a; stx2c"
"SRR14419387","stx_A",2,6,"Fragmented stx","PPanGGOLiN",0,0,"stx2a; stx2c"
"SRR14419387","stx_B",2,4,"Fragmented stx","PPanGGOLiN",0,0,"stx2a; stx2c"
"SRR14419387","stx_A",2,6,"Fragmented stx","PPanGGOLiN",10,0,"stx2a; stx2c"
"SRR14419387","stx_B",2,4,"Fragmented stx","PPanGGOLiN",10,0,"stx2a; stx2c"
"SRR14419387","stx_A",2,6,"Fragmented stx","PPanGGOLiN",50,0,"stx2a; stx2c"
"SRR14419387","stx_B",2,4,"Fragmented stx","PPanGGOLiN",50,0,"stx2a; stx2c"
"SRR14419387","stx_A",2,6,"Fragmented stx","PPanGGOLiN",90,1,"stx2a; stx2c"
"SRR14419387","stx_B",2,4,"Fragmented stx","PPanGGOLiN",90,1,"stx2a; stx2c"
"SRR14419387","stx_A",2,6,"Fragmented stx","PPanGGOLiN",100,1,"stx2a; stx2c"
"SRR14419387","stx_B",2,4,"Fragmented stx","PPanGGOLiN",100,1,"stx2a; stx2c"
"SRR14419387","stx_A",2,6,"Fragmented stx","Panaroo",0,0,"stx2a; stx2c"
"SRR14419387","stx_B",2,4,"Fragmented stx","Panaroo",0,0,"stx2a; stx2c"
"SRR14419387","stx_A",2,6,"Fragmented stx","Panaroo",10,0,"stx2a; stx2c"
"SRR14419387","stx_B",2,4,"Fragmented stx","Panaroo",10,0,"stx2a; stx2c"
"SRR14419387","stx_A",2,6,"Fragmented stx","Panaroo",50,0,"stx2a; stx2c"
"SRR14419387","stx_B",2,4,"Fragmented stx","Panaroo",50,0,"stx2a; stx2c"
"SRR14419387","stx_A",2,6,"Fragmented stx","Panaroo",90,1,"stx2a; stx2c"
"SRR14419387","stx_B",2,4,"Fragmented stx","Panaroo",90,2,"stx2a; stx2c"
"SRR14419387","stx_A",2,6,"Fragmented stx","Panaroo",100,1,"stx2a; stx2c"
"SRR14419387","stx_B",2,4,"Fragmented stx","Panaroo",100,2,"stx2a; stx2c"
"SRR14419387","stx_A",2,6,"Fragmented stx","Roary",0,0,"stx2a; stx2c"
"SRR14419387","stx_B",2,4,"Fragmented stx","Roary",0,0,"stx2a; stx2c"
"SRR14419387","stx_A",2,6,"Fragmented stx","Roary",10,0,"stx2a; stx2c"
"SRR14419387","stx_B",2,4,"Fragmented stx","Roary",10,0,"stx2a; stx2c"
"SRR14419387","stx_A",2,6,"Fragmented stx","Roary",50,0,"stx2a; stx2c"
"SRR14419387","stx_B",2,4,"Fragmented stx","Roary",50,0,"stx2a; stx2c"
"SRR14419387","stx_A",2,6,"Fragmented stx","Roary",90,2,"stx2a; stx2c"
"SRR14419387","stx_B",2,4,"Fragmented stx","Roary",90,1,"stx2a; stx2c"
"SRR14419387","stx_A",2,6,"Fragmented stx","Roary",100,2,"stx2a; stx2c"
"SRR14419387","stx_B",2,4,"Fragmented stx","Roary",100,1,"stx2a; stx2c"
"SRR14419387","stx_A",2,6,"Fragmented stx","ggCaller",0,0,"stx2a; stx2c"
"SRR14419387","stx_B",2,4,"Fragmented stx","ggCaller",0,0,"stx2a; stx2c"
"SRR14419387","stx_A",2,6,"Fragmented stx","ggCaller",10,0,"stx2a; stx2c"
"SRR14419387","stx_B",2,4,"Fragmented stx","ggCaller",10,0,"stx2a; stx2c"
"SRR14419387","stx_A",2,6,"Fragmented stx","ggCaller",50,0,"stx2a; stx2c"
"SRR14419387","stx_B",2,4,"Fragmented stx","ggCaller",50,0,"stx2a; stx2c"
"SRR14419387","stx_A",2,6,"Fragmented stx","ggCaller",90,3,"stx2a; stx2c"
"SRR14419387","stx_B",2,4,"Fragmented stx","ggCaller",90,2,"stx2a; stx2c"
"SRR14419387","stx_A",2,6,"Fragmented stx","ggCaller",100,3,"stx2a; stx2c"
"SRR14419387","stx_B",2,4,"Fragmented stx","ggCaller",100,2,"stx2a; stx2c"
"SRR1509643","stx_A",2,2,"Complete stx","BAKTA",0,2,"stx1a; stx2a"
"SRR1509643","stx_B",2,2,"Complete stx","BAKTA",0,2,"stx1a; stx2a"
"SRR1509643","stx_A",2,2,"Complete stx","BAKTA",100,2,"stx1a; stx2a"
"SRR1509643","stx_B",2,2,"Complete stx","BAKTA",100,2,"stx1a; stx2a"
"SRR1509643","stx_A",2,2,"Complete stx","PPanGGOLiN",0,2,"stx1a; stx2a"
"SRR1509643","stx_B",2,2,"Complete stx","PPanGGOLiN",0,2,"stx1a; stx2a"
"SRR1509643","stx_A",2,2,"Complete stx","PPanGGOLiN",10,2,"stx1a; stx2a"
"SRR1509643","stx_B",2,2,"Complete stx","PPanGGOLiN",10,2,"stx1a; stx2a"
"SRR1509643","stx_A",2,2,"Complete stx","PPanGGOLiN",50,2,"stx1a; stx2a"
"SRR1509643","stx_B",2,2,"Complete stx","PPanGGOLiN",50,2,"stx1a; stx2a"
"SRR1509643","stx_A",2,2,"Complete stx","PPanGGOLiN",90,2,"stx1a; stx2a"
"SRR1509643","stx_B",2,2,"Complete stx","PPanGGOLiN",90,2,"stx1a; stx2a"
"SRR1509643","stx_A",2,2,"Complete stx","PPanGGOLiN",100,2,"stx1a; stx2a"
"SRR1509643","stx_B",2,2,"Complete stx","PPanGGOLiN",100,2,"stx1a; stx2a"
"SRR1509643","stx_A",2,2,"Complete stx","Panaroo",0,2,"stx1a; stx2a"
"SRR1509643","stx_B",2,2,"Complete stx","Panaroo",0,2,"stx1a; stx2a"
"SRR1509643","stx_A",2,2,"Complete stx","Panaroo",10,2,"stx1a; stx2a"
"SRR1509643","stx_B",2,2,"Complete stx","Panaroo",10,2,"stx1a; stx2a"
"SRR1509643","stx_A",2,2,"Complete stx","Panaroo",50,2,"stx1a; stx2a"
"SRR1509643","stx_B",2,2,"Complete stx","Panaroo",50,2,"stx1a; stx2a"
"SRR1509643","stx_A",2,2,"Complete stx","Panaroo",90,2,"stx1a; stx2a"
"SRR1509643","stx_B",2,2,"Complete stx","Panaroo",90,2,"stx1a; stx2a"
"SRR1509643","stx_A",2,2,"Complete stx","Panaroo",100,2,"stx1a; stx2a"
"SRR1509643","stx_B",2,2,"Complete stx","Panaroo",100,2,"stx1a; stx2a"
"SRR1509643","stx_A",2,2,"Complete stx","Roary",0,1,"stx1a; stx2a"
"SRR1509643","stx_B",2,2,"Complete stx","Roary",0,1,"stx1a; stx2a"
"SRR1509643","stx_A",2,2,"Complete stx","Roary",10,1,"stx1a; stx2a"
"SRR1509643","stx_B",2,2,"Complete stx","Roary",10,1,"stx1a; stx2a"
"SRR1509643","stx_A",2,2,"Complete stx","Roary",50,1,"stx1a; stx2a"
"SRR1509643","stx_B",2,2,"Complete stx","Roary",50,1,"stx1a; stx2a"
"SRR1509643","stx_A",2,2,"Complete stx","Roary",90,1,"stx1a; stx2a"
"SRR1509643","stx_B",2,2,"Complete stx","Roary",90,1,"stx1a; stx2a"
"SRR1509643","stx_A",2,2,"Complete stx","Roary",100,1,"stx1a; stx2a"
"SRR1509643","stx_B",2,2,"Complete stx","Roary",100,1,"stx1a; stx2a"
"SRR1509643","stx_A",2,2,"Complete stx","ggCaller",0,2,"stx1a; stx2a"
"SRR1509643","stx_B",2,2,"Complete stx","ggCaller",0,2,"stx1a; stx2a"
"SRR1509643","stx_A",2,2,"Complete stx","ggCaller",10,2,"stx1a; stx2a"
"SRR1509643","stx_B",2,2,"Complete stx","ggCaller",10,2,"stx1a; stx2a"
"SRR1509643","stx_A",2,2,"Complete stx","ggCaller",50,4,"stx1a; stx2a"
"SRR1509643","stx_B",2,2,"Complete stx","ggCaller",50,3,"stx1a; stx2a"
"SRR1509643","stx_A",2,2,"Complete stx","ggCaller",90,4,"stx1a; stx2a"
"SRR1509643","stx_B",2,2,"Complete stx","ggCaller",90,3,"stx1a; stx2a"
"SRR1509643","stx_A",2,2,"Complete stx","ggCaller",100,4,"stx1a; stx2a"
"SRR1509643","stx_B",2,2,"Complete stx","ggCaller",100,3,"stx1a; stx2a"
"SRR15277995","stx_A",3,2,"Collapsed stx","BAKTA",0,2,"stx1a; stx2a; stx2a"
"SRR15277995","stx_A",3,2,"Collapsed stx","BAKTA",0,2,"stx1a; stx2a; stx2a"
"SRR15277995","stx_A",3,2,"Collapsed stx","BAKTA",0,2,"stx1a; stx2a; stx2a"
"SRR15277995","stx_A",3,2,"Collapsed stx","BAKTA",0,2,"stx1a; stx2a; stx2a"
"SRR15277995","stx_B",3,2,"Collapsed stx","BAKTA",0,2,"stx1a; stx2a; stx2a"
"SRR15277995","stx_B",3,2,"Collapsed stx","BAKTA",0,2,"stx1a; stx2a; stx2a"
"SRR15277995","stx_B",3,2,"Collapsed stx","BAKTA",0,2,"stx1a; stx2a; stx2a"
"SRR15277995","stx_B",3,2,"Collapsed stx","BAKTA",0,2,"stx1a; stx2a; stx2a"
"SRR15277995","stx_A",3,2,"Collapsed stx","BAKTA",100,3,"stx1a; stx2a; stx2a"
"SRR15277995","stx_A",3,2,"Collapsed stx","BAKTA",100,3,"stx1a; stx2a; stx2a"
"SRR15277995","stx_A",3,2,"Collapsed stx","BAKTA",100,3,"stx1a; stx2a; stx2a"
"SRR15277995","stx_A",3,2,"Collapsed stx","BAKTA",100,3,"stx1a; stx2a; stx2a"
"SRR15277995","stx_B",3,2,"Collapsed stx","BAKTA",100,3,"stx1a; stx2a; stx2a"
"SRR15277995","stx_B",3,2,"Collapsed stx","BAKTA",100,3,"stx1a; stx2a; stx2a"
"SRR15277995","stx_B",3,2,"Collapsed stx","BAKTA",100,3,"stx1a; stx2a; stx2a"
"SRR15277995","stx_B",3,2,"Collapsed stx","BAKTA",100,3,"stx1a; stx2a; stx2a"
"SRR15277995","stx_A",3,2,"Collapsed stx","PPanGGOLiN",0,2,"stx1a; stx2a; stx2a"
"SRR15277995","stx_A",3,2,"Collapsed stx","PPanGGOLiN",0,2,"stx1a; stx2a; stx2a"
"SRR15277995","stx_A",3,2,"Collapsed stx","PPanGGOLiN",0,2,"stx1a; stx2a; stx2a"
"SRR15277995","stx_A",3,2,"Collapsed stx","PPanGGOLiN",0,2,"stx1a; stx2a; stx2a"
"SRR15277995","stx_B",3,2,"Collapsed stx","PPanGGOLiN",0,2,"stx1a; stx2a; stx2a"
"SRR15277995","stx_B",3,2,"Collapsed stx","PPanGGOLiN",0,2,"stx1a; stx2a; stx2a"
"SRR15277995","stx_B",3,2,"Collapsed stx","PPanGGOLiN",0,2,"stx1a; stx2a; stx2a"
"SRR15277995","stx_B",3,2,"Collapsed stx","PPanGGOLiN",0,2,"stx1a; stx2a; stx2a"
"SRR15277995","stx_A",3,2,"Collapsed stx","PPanGGOLiN",10,2,"stx1a; stx2a; stx2a"
"SRR15277995","stx_A",3,2,"Collapsed stx","PPanGGOLiN",10,2,"stx1a; stx2a; stx2a"
"SRR15277995","stx_A",3,2,"Collapsed stx","PPanGGOLiN",10,2,"stx1a; stx2a; stx2a"
"SRR15277995","stx_A",3,2,"Collapsed stx","PPanGGOLiN",10,2,"stx1a; stx2a; stx2a"
"SRR15277995","stx_B",3,2,"Collapsed stx","PPanGGOLiN",10,2,"stx1a; stx2a; stx2a"
"SRR15277995","stx_B",3,2,"Collapsed stx","PPanGGOLiN",10,2,"stx1a; stx2a; stx2a"
"SRR15277995","stx_B",3,2,"Collapsed stx","PPanGGOLiN",10,2,"stx1a; stx2a; stx2a"
"SRR15277995","stx_B",3,2,"Collapsed stx","PPanGGOLiN",10,2,"stx1a; stx2a; stx2a"
"SRR15277995","stx_A",3,2,"Collapsed stx","PPanGGOLiN",50,2,"stx1a; stx2a; stx2a"
"SRR15277995","stx_A",3,2,"Collapsed stx","PPanGGOLiN",50,2,"stx1a; stx2a; stx2a"
"SRR15277995","stx_A",3,2,"Collapsed stx","PPanGGOLiN",50,2,"stx1a; stx2a; stx2a"
"SRR15277995","stx_A",3,2,"Collapsed stx","PPanGGOLiN",50,2,"stx1a; stx2a; stx2a"
"SRR15277995","stx_B",3,2,"Collapsed stx","PPanGGOLiN",50,2,"stx1a; stx2a; stx2a"
"SRR15277995","stx_B",3,2,"Collapsed stx","PPanGGOLiN",50,2,"stx1a; stx2a; stx2a"
"SRR15277995","stx_B",3,2,"Collapsed stx","PPanGGOLiN",50,2,"stx1a; stx2a; stx2a"
"SRR15277995","stx_B",3,2,"Collapsed stx","PPanGGOLiN",50,2,"stx1a; stx2a; stx2a"
"SRR15277995","stx_A",3,2,"Collapsed stx","PPanGGOLiN",90,2,"stx1a; stx2a; stx2a"
"SRR15277995","stx_A",3,2,"Collapsed stx","PPanGGOLiN",90,2,"stx1a; stx2a; stx2a"
"SRR15277995","stx_A",3,2,"Collapsed stx","PPanGGOLiN",90,2,"stx1a; stx2a; stx2a"
"SRR15277995","stx_A",3,2,"Collapsed stx","PPanGGOLiN",90,2,"stx1a; stx2a; stx2a"
"SRR15277995","stx_B",3,2,"Collapsed stx","PPanGGOLiN",90,2,"stx1a; stx2a; stx2a"
"SRR15277995","stx_B",3,2,"Collapsed stx","PPanGGOLiN",90,2,"stx1a; stx2a; stx2a"
"SRR15277995","stx_B",3,2,"Collapsed stx","PPanGGOLiN",90,2,"stx1a; stx2a; stx2a"
"SRR15277995","stx_B",3,2,"Collapsed stx","PPanGGOLiN",90,2,"stx1a; stx2a; stx2a"
"SRR15277995","stx_A",3,2,"Collapsed stx","PPanGGOLiN",100,2,"stx1a; stx2a; stx2a"
"SRR15277995","stx_A",3,2,"Collapsed stx","PPanGGOLiN",100,2,"stx1a; stx2a; stx2a"
"SRR15277995","stx_A",3,2,"Collapsed stx","PPanGGOLiN",100,2,"stx1a; stx2a; stx2a"
"SRR15277995","stx_A",3,2,"Collapsed stx","PPanGGOLiN",100,2,"stx1a; stx2a; stx2a"
"SRR15277995","stx_B",3,2,"Collapsed stx","PPanGGOLiN",100,2,"stx1a; stx2a; stx2a"
"SRR15277995","stx_B",3,2,"Collapsed stx","PPanGGOLiN",100,2,"stx1a; stx2a; stx2a"
"SRR15277995","stx_B",3,2,"Collapsed stx","PPanGGOLiN",100,2,"stx1a; stx2a; stx2a"
"SRR15277995","stx_B",3,2,"Collapsed stx","PPanGGOLiN",100,2,"stx1a; stx2a; stx2a"
"SRR15277995","stx_A",3,2,"Collapsed stx","Panaroo",0,2,"stx1a; stx2a; stx2a"
"SRR15277995","stx_A",3,2,"Collapsed stx","Panaroo",0,2,"stx1a; stx2a; stx2a"
"SRR15277995","stx_A",3,2,"Collapsed stx","Panaroo",0,2,"stx1a; stx2a; stx2a"
"SRR15277995","stx_A",3,2,"Collapsed stx","Panaroo",0,2,"stx1a; stx2a; stx2a"
"SRR15277995","stx_B",3,2,"Collapsed stx","Panaroo",0,2,"stx1a; stx2a; stx2a"
"SRR15277995","stx_B",3,2,"Collapsed stx","Panaroo",0,2,"stx1a; stx2a; stx2a"
"SRR15277995","stx_B",3,2,"Collapsed stx","Panaroo",0,2,"stx1a; stx2a; stx2a"
"SRR15277995","stx_B",3,2,"Collapsed stx","Panaroo",0,2,"stx1a; stx2a; stx2a"
"SRR15277995","stx_A",3,2,"Collapsed stx","Panaroo",10,2,"stx1a; stx2a; stx2a"
"SRR15277995","stx_A",3,2,"Collapsed stx","Panaroo",10,2,"stx1a; stx2a; stx2a"
"SRR15277995","stx_A",3,2,"Collapsed stx","Panaroo",10,2,"stx1a; stx2a; stx2a"
"SRR15277995","stx_A",3,2,"Collapsed stx","Panaroo",10,2,"stx1a; stx2a; stx2a"
"SRR15277995","stx_B",3,2,"Collapsed stx","Panaroo",10,2,"stx1a; stx2a; stx2a"
"SRR15277995","stx_B",3,2,"Collapsed stx","Panaroo",10,2,"stx1a; stx2a; stx2a"
"SRR15277995","stx_B",3,2,"Collapsed stx","Panaroo",10,2,"stx1a; stx2a; stx2a"
"SRR15277995","stx_B",3,2,"Collapsed stx","Panaroo",10,2,"stx1a; stx2a; stx2a"
"SRR15277995","stx_A",3,2,"Collapsed stx","Panaroo",50,2,"stx1a; stx2a; stx2a"
"SRR15277995","stx_A",3,2,"Collapsed stx","Panaroo",50,2,"stx1a; stx2a; stx2a"
"SRR15277995","stx_A",3,2,"Collapsed stx","Panaroo",50,2,"stx1a; stx2a; stx2a"
"SRR15277995","stx_A",3,2,"Collapsed stx","Panaroo",50,2,"stx1a; stx2a; stx2a"
"SRR15277995","stx_B",3,2,"Collapsed stx","Panaroo",50,2,"stx1a; stx2a; stx2a"
"SRR15277995","stx_B",3,2,"Collapsed stx","Panaroo",50,2,"stx1a; stx2a; stx2a"
"SRR15277995","stx_B",3,2,"Collapsed stx","Panaroo",50,2,"stx1a; stx2a; stx2a"
"SRR15277995","stx_B",3,2,"Collapsed stx","Panaroo",50,2,"stx1a; stx2a; stx2a"
"SRR15277995","stx_A",3,2,"Collapsed stx","Panaroo",90,2,"stx1a; stx2a; stx2a"
"SRR15277995","stx_A",3,2,"Collapsed stx","Panaroo",90,2,"stx1a; stx2a; stx2a"
"SRR15277995","stx_A",3,2,"Collapsed stx","Panaroo",90,2,"stx1a; stx2a; stx2a"
"SRR15277995","stx_A",3,2,"Collapsed stx","Panaroo",90,2,"stx1a; stx2a; stx2a"
"SRR15277995","stx_B",3,2,"Collapsed stx","Panaroo",90,2,"stx1a; stx2a; stx2a"
"SRR15277995","stx_B",3,2,"Collapsed stx","Panaroo",90,2,"stx1a; stx2a; stx2a"
"SRR15277995","stx_B",3,2,"Collapsed stx","Panaroo",90,2,"stx1a; stx2a; stx2a"
"SRR15277995","stx_B",3,2,"Collapsed stx","Panaroo",90,2,"stx1a; stx2a; stx2a"
"SRR15277995","stx_A",3,2,"Collapsed stx","Panaroo",100,2,"stx1a; stx2a; stx2a"
"SRR15277995","stx_A",3,2,"Collapsed stx","Panaroo",100,2,"stx1a; stx2a; stx2a"
"SRR15277995","stx_A",3,2,"Collapsed stx","Panaroo",100,2,"stx1a; stx2a; stx2a"
"SRR15277995","stx_A",3,2,"Collapsed stx","Panaroo",100,2,"stx1a; stx2a; stx2a"
"SRR15277995","stx_B",3,2,"Collapsed stx","Panaroo",100,2,"stx1a; stx2a; stx2a"
"SRR15277995","stx_B",3,2,"Collapsed stx","Panaroo",100,2,"stx1a; stx2a; stx2a"
"SRR15277995","stx_B",3,2,"Collapsed stx","Panaroo",100,2,"stx1a; stx2a; stx2a"
"SRR15277995","stx_B",3,2,"Collapsed stx","Panaroo",100,2,"stx1a; stx2a; stx2a"
"SRR15277995","stx_A",3,2,"Collapsed stx","Roary",0,1,"stx1a; stx2a; stx2a"
"SRR15277995","stx_A",3,2,"Collapsed stx","Roary",0,1,"stx1a; stx2a; stx2a"
"SRR15277995","stx_A",3,2,"Collapsed stx","Roary",0,1,"stx1a; stx2a; stx2a"
"SRR15277995","stx_A",3,2,"Collapsed stx","Roary",0,1,"stx1a; stx2a; stx2a"
"SRR15277995","stx_B",3,2,"Collapsed stx","Roary",0,1,"stx1a; stx2a; stx2a"
"SRR15277995","stx_B",3,2,"Collapsed stx","Roary",0,1,"stx1a; stx2a; stx2a"
"SRR15277995","stx_B",3,2,"Collapsed stx","Roary",0,1,"stx1a; stx2a; stx2a"
"SRR15277995","stx_B",3,2,"Collapsed stx","Roary",0,1,"stx1a; stx2a; stx2a"
"SRR15277995","stx_A",3,2,"Collapsed stx","Roary",10,1,"stx1a; stx2a; stx2a"
"SRR15277995","stx_A",3,2,"Collapsed stx","Roary",10,1,"stx1a; stx2a; stx2a"
"SRR15277995","stx_A",3,2,"Collapsed stx","Roary",10,1,"stx1a; stx2a; stx2a"
"SRR15277995","stx_A",3,2,"Collapsed stx","Roary",10,1,"stx1a; stx2a; stx2a"
"SRR15277995","stx_B",3,2,"Collapsed stx","Roary",10,1,"stx1a; stx2a; stx2a"
"SRR15277995","stx_B",3,2,"Collapsed stx","Roary",10,1,"stx1a; stx2a; stx2a"
"SRR15277995","stx_B",3,2,"Collapsed stx","Roary",10,1,"stx1a; stx2a; stx2a"
"SRR15277995","stx_B",3,2,"Collapsed stx","Roary",10,1,"stx1a; stx2a; stx2a"
"SRR15277995","stx_A",3,2,"Collapsed stx","Roary",50,1,"stx1a; stx2a; stx2a"
"SRR15277995","stx_A",3,2,"Collapsed stx","Roary",50,1,"stx1a; stx2a; stx2a"
"SRR15277995","stx_A",3,2,"Collapsed stx","Roary",50,1,"stx1a; stx2a; stx2a"
"SRR15277995","stx_A",3,2,"Collapsed stx","Roary",50,1,"stx1a; stx2a; stx2a"
"SRR15277995","stx_B",3,2,"Collapsed stx","Roary",50,1,"stx1a; stx2a; stx2a"
"SRR15277995","stx_B",3,2,"Collapsed stx","Roary",50,1,"stx1a; stx2a; stx2a"
"SRR15277995","stx_B",3,2,"Collapsed stx","Roary",50,1,"stx1a; stx2a; stx2a"
"SRR15277995","stx_B",3,2,"Collapsed stx","Roary",50,1,"stx1a; stx2a; stx2a"
"SRR15277995","stx_A",3,2,"Collapsed stx","Roary",90,1,"stx1a; stx2a; stx2a"
"SRR15277995","stx_A",3,2,"Collapsed stx","Roary",90,1,"stx1a; stx2a; stx2a"
"SRR15277995","stx_A",3,2,"Collapsed stx","Roary",90,2,"stx1a; stx2a; stx2a"
"SRR15277995","stx_A",3,2,"Collapsed stx","Roary",90,2,"stx1a; stx2a; stx2a"
"SRR15277995","stx_B",3,2,"Collapsed stx","Roary",90,1,"stx1a; stx2a; stx2a"
"SRR15277995","stx_B",3,2,"Collapsed stx","Roary",90,1,"stx1a; stx2a; stx2a"
"SRR15277995","stx_B",3,2,"Collapsed stx","Roary",90,2,"stx1a; stx2a; stx2a"
"SRR15277995","stx_B",3,2,"Collapsed stx","Roary",90,2,"stx1a; stx2a; stx2a"
"SRR15277995","stx_A",3,2,"Collapsed stx","Roary",100,1,"stx1a; stx2a; stx2a"
"SRR15277995","stx_A",3,2,"Collapsed stx","Roary",100,2,"stx1a; stx2a; stx2a"
"SRR15277995","stx_A",3,2,"Collapsed stx","Roary",100,1,"stx1a; stx2a; stx2a"
"SRR15277995","stx_A",3,2,"Collapsed stx","Roary",100,2,"stx1a; stx2a; stx2a"
"SRR15277995","stx_B",3,2,"Collapsed stx","Roary",100,1,"stx1a; stx2a; stx2a"
"SRR15277995","stx_B",3,2,"Collapsed stx","Roary",100,2,"stx1a; stx2a; stx2a"
"SRR15277995","stx_B",3,2,"Collapsed stx","Roary",100,1,"stx1a; stx2a; stx2a"
"SRR15277995","stx_B",3,2,"Collapsed stx","Roary",100,2,"stx1a; stx2a; stx2a"
"SRR15277995","stx_A",3,2,"Collapsed stx","ggCaller",0,2,"stx1a; stx2a; stx2a"
"SRR15277995","stx_A",3,2,"Collapsed stx","ggCaller",0,2,"stx1a; stx2a; stx2a"
"SRR15277995","stx_A",3,2,"Collapsed stx","ggCaller",0,2,"stx1a; stx2a; stx2a"
"SRR15277995","stx_A",3,2,"Collapsed stx","ggCaller",0,2,"stx1a; stx2a; stx2a"
"SRR15277995","stx_B",3,2,"Collapsed stx","ggCaller",0,2,"stx1a; stx2a; stx2a"
"SRR15277995","stx_B",3,2,"Collapsed stx","ggCaller",0,2,"stx1a; stx2a; stx2a"
"SRR15277995","stx_B",3,2,"Collapsed stx","ggCaller",0,2,"stx1a; stx2a; stx2a"
"SRR15277995","stx_B",3,2,"Collapsed stx","ggCaller",0,2,"stx1a; stx2a; stx2a"
"SRR15277995","stx_A",3,2,"Collapsed stx","ggCaller",10,2,"stx1a; stx2a; stx2a"
"SRR15277995","stx_A",3,2,"Collapsed stx","ggCaller",10,2,"stx1a; stx2a; stx2a"
"SRR15277995","stx_A",3,2,"Collapsed stx","ggCaller",10,2,"stx1a; stx2a; stx2a"
"SRR15277995","stx_A",3,2,"Collapsed stx","ggCaller",10,2,"stx1a; stx2a; stx2a"
"SRR15277995","stx_B",3,2,"Collapsed stx","ggCaller",10,2,"stx1a; stx2a; stx2a"
"SRR15277995","stx_B",3,2,"Collapsed stx","ggCaller",10,2,"stx1a; stx2a; stx2a"
"SRR15277995","stx_B",3,2,"Collapsed stx","ggCaller",10,2,"stx1a; stx2a; stx2a"
"SRR15277995","stx_B",3,2,"Collapsed stx","ggCaller",10,2,"stx1a; stx2a; stx2a"
"SRR15277995","stx_A",3,2,"Collapsed stx","ggCaller",50,4,"stx1a; stx2a; stx2a"
"SRR15277995","stx_A",3,2,"Collapsed stx","ggCaller",50,4,"stx1a; stx2a; stx2a"
"SRR15277995","stx_A",3,2,"Collapsed stx","ggCaller",50,4,"stx1a; stx2a; stx2a"
"SRR15277995","stx_A",3,2,"Collapsed stx","ggCaller",50,4,"stx1a; stx2a; stx2a"
"SRR15277995","stx_B",3,2,"Collapsed stx","ggCaller",50,2,"stx1a; stx2a; stx2a"
"SRR15277995","stx_B",3,2,"Collapsed stx","ggCaller",50,2,"stx1a; stx2a; stx2a"
"SRR15277995","stx_B",3,2,"Collapsed stx","ggCaller",50,2,"stx1a; stx2a; stx2a"
"SRR15277995","stx_B",3,2,"Collapsed stx","ggCaller",50,2,"stx1a; stx2a; stx2a"
"SRR15277995","stx_A",3,2,"Collapsed stx","ggCaller",90,4,"stx1a; stx2a; stx2a"
"SRR15277995","stx_A",3,2,"Collapsed stx","ggCaller",90,4,"stx1a; stx2a; stx2a"
"SRR15277995","stx_A",3,2,"Collapsed stx","ggCaller",90,4,"stx1a; stx2a; stx2a"
"SRR15277995","stx_A",3,2,"Collapsed stx","ggCaller",90,4,"stx1a; stx2a; stx2a"
"SRR15277995","stx_B",3,2,"Collapsed stx","ggCaller",90,2,"stx1a; stx2a; stx2a"
"SRR15277995","stx_B",3,2,"Collapsed stx","ggCaller",90,2,"stx1a; stx2a; stx2a"
"SRR15277995","stx_B",3,2,"Collapsed stx","ggCaller",90,2,"stx1a; stx2a; stx2a"
"SRR15277995","stx_B",3,2,"Collapsed stx","ggCaller",90,2,"stx1a; stx2a; stx2a"
"SRR15277995","stx_A",3,2,"Collapsed stx","ggCaller",100,4,"stx1a; stx2a; stx2a"
"SRR15277995","stx_A",3,2,"Collapsed stx","ggCaller",100,4,"stx1a; stx2a; stx2a"
"SRR15277995","stx_A",3,2,"Collapsed stx","ggCaller",100,4,"stx1a; stx2a; stx2a"
"SRR15277995","stx_A",3,2,"Collapsed stx","ggCaller",100,4,"stx1a; stx2a; stx2a"
"SRR15277995","stx_B",3,2,"Collapsed stx","ggCaller",100,2,"stx1a; stx2a; stx2a"
"SRR15277995","stx_B",3,2,"Collapsed stx","ggCaller",100,2,"stx1a; stx2a; stx2a"
"SRR15277995","stx_B",3,2,"Collapsed stx","ggCaller",100,2,"stx1a; stx2a; stx2a"
"SRR15277995","stx_B",3,2,"Collapsed stx","ggCaller",100,2,"stx1a; stx2a; stx2a"
"SRR15277999","stx_A",3,2,"Collapsed stx","BAKTA",0,2,"stx1a; stx2a; stx2a"
"SRR15277999","stx_A",3,2,"Collapsed stx","BAKTA",0,2,"stx1a; stx2a; stx2a"
"SRR15277999","stx_A",3,2,"Collapsed stx","BAKTA",0,2,"stx1a; stx2a; stx2a"
"SRR15277999","stx_A",3,2,"Collapsed stx","BAKTA",0,2,"stx1a; stx2a; stx2a"
"SRR15277999","stx_A",3,2,"Collapsed stx","BAKTA",0,2,"stx1a; stx2a; stx2a"
"SRR15277999","stx_A",3,2,"Collapsed stx","BAKTA",0,2,"stx1a; stx2a; stx2a"
"SRR15277999","stx_A",3,2,"Collapsed stx","BAKTA",0,2,"stx1a; stx2a; stx2a"
"SRR15277999","stx_A",3,2,"Collapsed stx","BAKTA",0,2,"stx1a; stx2a; stx2a"
"SRR15277999","stx_B",3,2,"Collapsed stx","BAKTA",0,2,"stx1a; stx2a; stx2a"
"SRR15277999","stx_B",3,2,"Collapsed stx","BAKTA",0,2,"stx1a; stx2a; stx2a"
"SRR15277999","stx_B",3,2,"Collapsed stx","BAKTA",0,2,"stx1a; stx2a; stx2a"
"SRR15277999","stx_B",3,2,"Collapsed stx","BAKTA",0,2,"stx1a; stx2a; stx2a"
"SRR15277999","stx_B",3,2,"Collapsed stx","BAKTA",0,2,"stx1a; stx2a; stx2a"
"SRR15277999","stx_B",3,2,"Collapsed stx","BAKTA",0,2,"stx1a; stx2a; stx2a"
"SRR15277999","stx_B",3,2,"Collapsed stx","BAKTA",0,2,"stx1a; stx2a; stx2a"
"SRR15277999","stx_B",3,2,"Collapsed stx","BAKTA",0,2,"stx1a; stx2a; stx2a"
"SRR15277999","stx_A",3,2,"Collapsed stx","BAKTA",100,3,"stx1a; stx2a; stx2a"
"SRR15277999","stx_A",3,2,"Collapsed stx","BAKTA",100,3,"stx1a; stx2a; stx2a"
"SRR15277999","stx_A",3,2,"Collapsed stx","BAKTA",100,3,"stx1a; stx2a; stx2a"
"SRR15277999","stx_A",3,2,"Collapsed stx","BAKTA",100,3,"stx1a; stx2a; stx2a"
"SRR15277999","stx_A",3,2,"Collapsed stx","BAKTA",100,3,"stx1a; stx2a; stx2a"
"SRR15277999","stx_A",3,2,"Collapsed stx","BAKTA",100,3,"stx1a; stx2a; stx2a"
"SRR15277999","stx_A",3,2,"Collapsed stx","BAKTA",100,3,"stx1a; stx2a; stx2a"
"SRR15277999","stx_A",3,2,"Collapsed stx","BAKTA",100,3,"stx1a; stx2a; stx2a"
"SRR15277999","stx_B",3,2,"Collapsed stx","BAKTA",100,3,"stx1a; stx2a; stx2a"
"SRR15277999","stx_B",3,2,"Collapsed stx","BAKTA",100,3,"stx1a; stx2a; stx2a"
"SRR15277999","stx_B",3,2,"Collapsed stx","BAKTA",100,3,"stx1a; stx2a; stx2a"
"SRR15277999","stx_B",3,2,"Collapsed stx","BAKTA",100,3,"stx1a; stx2a; stx2a"
"SRR15277999","stx_B",3,2,"Collapsed stx","BAKTA",100,3,"stx1a; stx2a; stx2a"
"SRR15277999","stx_B",3,2,"Collapsed stx","BAKTA",100,3,"stx1a; stx2a; stx2a"
"SRR15277999","stx_B",3,2,"Collapsed stx","BAKTA",100,3,"stx1a; stx2a; stx2a"
"SRR15277999","stx_B",3,2,"Collapsed stx","BAKTA",100,3,"stx1a; stx2a; stx2a"
"SRR15277999","stx_A",3,2,"Collapsed stx","PPanGGOLiN",0,2,"stx1a; stx2a; stx2a"
"SRR15277999","stx_A",3,2,"Collapsed stx","PPanGGOLiN",0,2,"stx1a; stx2a; stx2a"
"SRR15277999","stx_A",3,2,"Collapsed stx","PPanGGOLiN",0,2,"stx1a; stx2a; stx2a"
"SRR15277999","stx_A",3,2,"Collapsed stx","PPanGGOLiN",0,2,"stx1a; stx2a; stx2a"
"SRR15277999","stx_A",3,2,"Collapsed stx","PPanGGOLiN",0,2,"stx1a; stx2a; stx2a"
"SRR15277999","stx_A",3,2,"Collapsed stx","PPanGGOLiN",0,2,"stx1a; stx2a; stx2a"
"SRR15277999","stx_A",3,2,"Collapsed stx","PPanGGOLiN",0,2,"stx1a; stx2a; stx2a"
"SRR15277999","stx_A",3,2,"Collapsed stx","PPanGGOLiN",0,2,"stx1a; stx2a; stx2a"
"SRR15277999","stx_B",3,2,"Collapsed stx","PPanGGOLiN",0,2,"stx1a; stx2a; stx2a"
"SRR15277999","stx_B",3,2,"Collapsed stx","PPanGGOLiN",0,2,"stx1a; stx2a; stx2a"
"SRR15277999","stx_B",3,2,"Collapsed stx","PPanGGOLiN",0,2,"stx1a; stx2a; stx2a"
"SRR15277999","stx_B",3,2,"Collapsed stx","PPanGGOLiN",0,2,"stx1a; stx2a; stx2a"
"SRR15277999","stx_B",3,2,"Collapsed stx","PPanGGOLiN",0,2,"stx1a; stx2a; stx2a"
"SRR15277999","stx_B",3,2,"Collapsed stx","PPanGGOLiN",0,2,"stx1a; stx2a; stx2a"
"SRR15277999","stx_B",3,2,"Collapsed stx","PPanGGOLiN",0,2,"stx1a; stx2a; stx2a"
"SRR15277999","stx_B",3,2,"Collapsed stx","PPanGGOLiN",0,2,"stx1a; stx2a; stx2a"
"SRR15277999","stx_A",3,2,"Collapsed stx","PPanGGOLiN",10,2,"stx1a; stx2a; stx2a"
"SRR15277999","stx_A",3,2,"Collapsed stx","PPanGGOLiN",10,2,"stx1a; stx2a; stx2a"
"SRR15277999","stx_A",3,2,"Collapsed stx","PPanGGOLiN",10,2,"stx1a; stx2a; stx2a"
"SRR15277999","stx_A",3,2,"Collapsed stx","PPanGGOLiN",10,2,"stx1a; stx2a; stx2a"
"SRR15277999","stx_A",3,2,"Collapsed stx","PPanGGOLiN",10,2,"stx1a; stx2a; stx2a"
"SRR15277999","stx_A",3,2,"Collapsed stx","PPanGGOLiN",10,2,"stx1a; stx2a; stx2a"
"SRR15277999","stx_A",3,2,"Collapsed stx","PPanGGOLiN",10,2,"stx1a; stx2a; stx2a"
"SRR15277999","stx_A",3,2,"Collapsed stx","PPanGGOLiN",10,2,"stx1a; stx2a; stx2a"
"SRR15277999","stx_B",3,2,"Collapsed stx","PPanGGOLiN",10,2,"stx1a; stx2a; stx2a"
"SRR15277999","stx_B",3,2,"Collapsed stx","PPanGGOLiN",10,2,"stx1a; stx2a; stx2a"
"SRR15277999","stx_B",3,2,"Collapsed stx","PPanGGOLiN",10,2,"stx1a; stx2a; stx2a"
"SRR15277999","stx_B",3,2,"Collapsed stx","PPanGGOLiN",10,2,"stx1a; stx2a; stx2a"
"SRR15277999","stx_B",3,2,"Collapsed stx","PPanGGOLiN",10,2,"stx1a; stx2a; stx2a"
"SRR15277999","stx_B",3,2,"Collapsed stx","PPanGGOLiN",10,2,"stx1a; stx2a; stx2a"
"SRR15277999","stx_B",3,2,"Collapsed stx","PPanGGOLiN",10,2,"stx1a; stx2a; stx2a"
"SRR15277999","stx_B",3,2,"Collapsed stx","PPanGGOLiN",10,2,"stx1a; stx2a; stx2a"
"SRR15277999","stx_A",3,2,"Collapsed stx","PPanGGOLiN",50,2,"stx1a; stx2a; stx2a"
"SRR15277999","stx_A",3,2,"Collapsed stx","PPanGGOLiN",50,2,"stx1a; stx2a; stx2a"
"SRR15277999","stx_A",3,2,"Collapsed stx","PPanGGOLiN",50,2,"stx1a; stx2a; stx2a"
"SRR15277999","stx_A",3,2,"Collapsed stx","PPanGGOLiN",50,2,"stx1a; stx2a; stx2a"
"SRR15277999","stx_A",3,2,"Collapsed stx","PPanGGOLiN",50,2,"stx1a; stx2a; stx2a"
"SRR15277999","stx_A",3,2,"Collapsed stx","PPanGGOLiN",50,2,"stx1a; stx2a; stx2a"
"SRR15277999","stx_A",3,2,"Collapsed stx","PPanGGOLiN",50,2,"stx1a; stx2a; stx2a"
"SRR15277999","stx_A",3,2,"Collapsed stx","PPanGGOLiN",50,2,"stx1a; stx2a; stx2a"
"SRR15277999","stx_B",3,2,"Collapsed stx","PPanGGOLiN",50,2,"stx1a; stx2a; stx2a"
"SRR15277999","stx_B",3,2,"Collapsed stx","PPanGGOLiN",50,2,"stx1a; stx2a; stx2a"
"SRR15277999","stx_B",3,2,"Collapsed stx","PPanGGOLiN",50,2,"stx1a; stx2a; stx2a"
"SRR15277999","stx_B",3,2,"Collapsed stx","PPanGGOLiN",50,2,"stx1a; stx2a; stx2a"
"SRR15277999","stx_B",3,2,"Collapsed stx","PPanGGOLiN",50,2,"stx1a; stx2a; stx2a"
"SRR15277999","stx_B",3,2,"Collapsed stx","PPanGGOLiN",50,2,"stx1a; stx2a; stx2a"
"SRR15277999","stx_B",3,2,"Collapsed stx","PPanGGOLiN",50,2,"stx1a; stx2a; stx2a"
"SRR15277999","stx_B",3,2,"Collapsed stx","PPanGGOLiN",50,2,"stx1a; stx2a; stx2a"
"SRR15277999","stx_A",3,2,"Collapsed stx","PPanGGOLiN",90,2,"stx1a; stx2a; stx2a"
"SRR15277999","stx_A",3,2,"Collapsed stx","PPanGGOLiN",90,2,"stx1a; stx2a; stx2a"
"SRR15277999","stx_A",3,2,"Collapsed stx","PPanGGOLiN",90,2,"stx1a; stx2a; stx2a"
"SRR15277999","stx_A",3,2,"Collapsed stx","PPanGGOLiN",90,2,"stx1a; stx2a; stx2a"
"SRR15277999","stx_A",3,2,"Collapsed stx","PPanGGOLiN",90,2,"stx1a; stx2a; stx2a"
"SRR15277999","stx_A",3,2,"Collapsed stx","PPanGGOLiN",90,2,"stx1a; stx2a; stx2a"
"SRR15277999","stx_A",3,2,"Collapsed stx","PPanGGOLiN",90,2,"stx1a; stx2a; stx2a"
"SRR15277999","stx_A",3,2,"Collapsed stx","PPanGGOLiN",90,2,"stx1a; stx2a; stx2a"
"SRR15277999","stx_B",3,2,"Collapsed stx","PPanGGOLiN",90,2,"stx1a; stx2a; stx2a"
"SRR15277999","stx_B",3,2,"Collapsed stx","PPanGGOLiN",90,2,"stx1a; stx2a; stx2a"
"SRR15277999","stx_B",3,2,"Collapsed stx","PPanGGOLiN",90,2,"stx1a; stx2a; stx2a"
"SRR15277999","stx_B",3,2,"Collapsed stx","PPanGGOLiN",90,2,"stx1a; stx2a; stx2a"
"SRR15277999","stx_B",3,2,"Collapsed stx","PPanGGOLiN",90,2,"stx1a; stx2a; stx2a"
"SRR15277999","stx_B",3,2,"Collapsed stx","PPanGGOLiN",90,2,"stx1a; stx2a; stx2a"
"SRR15277999","stx_B",3,2,"Collapsed stx","PPanGGOLiN",90,2,"stx1a; stx2a; stx2a"
"SRR15277999","stx_B",3,2,"Collapsed stx","PPanGGOLiN",90,2,"stx1a; stx2a; stx2a"
"SRR15277999","stx_A",3,2,"Collapsed stx","PPanGGOLiN",100,2,"stx1a; stx2a; stx2a"
"SRR15277999","stx_A",3,2,"Collapsed stx","PPanGGOLiN",100,2,"stx1a; stx2a; stx2a"
"SRR15277999","stx_A",3,2,"Collapsed stx","PPanGGOLiN",100,2,"stx1a; stx2a; stx2a"
"SRR15277999","stx_A",3,2,"Collapsed stx","PPanGGOLiN",100,2,"stx1a; stx2a; stx2a"
"SRR15277999","stx_A",3,2,"Collapsed stx","PPanGGOLiN",100,2,"stx1a; stx2a; stx2a"
"SRR15277999","stx_A",3,2,"Collapsed stx","PPanGGOLiN",100,2,"stx1a; stx2a; stx2a"
"SRR15277999","stx_A",3,2,"Collapsed stx","PPanGGOLiN",100,2,"stx1a; stx2a; stx2a"
"SRR15277999","stx_A",3,2,"Collapsed stx","PPanGGOLiN",100,2,"stx1a; stx2a; stx2a"
"SRR15277999","stx_B",3,2,"Collapsed stx","PPanGGOLiN",100,2,"stx1a; stx2a; stx2a"
"SRR15277999","stx_B",3,2,"Collapsed stx","PPanGGOLiN",100,2,"stx1a; stx2a; stx2a"
"SRR15277999","stx_B",3,2,"Collapsed stx","PPanGGOLiN",100,2,"stx1a; stx2a; stx2a"
"SRR15277999","stx_B",3,2,"Collapsed stx","PPanGGOLiN",100,2,"stx1a; stx2a; stx2a"
"SRR15277999","stx_B",3,2,"Collapsed stx","PPanGGOLiN",100,2,"stx1a; stx2a; stx2a"
"SRR15277999","stx_B",3,2,"Collapsed stx","PPanGGOLiN",100,2,"stx1a; stx2a; stx2a"
"SRR15277999","stx_B",3,2,"Collapsed stx","PPanGGOLiN",100,2,"stx1a; stx2a; stx2a"
"SRR15277999","stx_B",3,2,"Collapsed stx","PPanGGOLiN",100,2,"stx1a; stx2a; stx2a"
"SRR15277999","stx_A",3,2,"Collapsed stx","Panaroo",0,2,"stx1a; stx2a; stx2a"
"SRR15277999","stx_A",3,2,"Collapsed stx","Panaroo",0,2,"stx1a; stx2a; stx2a"
"SRR15277999","stx_A",3,2,"Collapsed stx","Panaroo",0,2,"stx1a; stx2a; stx2a"
"SRR15277999","stx_A",3,2,"Collapsed stx","Panaroo",0,2,"stx1a; stx2a; stx2a"
"SRR15277999","stx_A",3,2,"Collapsed stx","Panaroo",0,2,"stx1a; stx2a; stx2a"
"SRR15277999","stx_A",3,2,"Collapsed stx","Panaroo",0,2,"stx1a; stx2a; stx2a"
"SRR15277999","stx_A",3,2,"Collapsed stx","Panaroo",0,2,"stx1a; stx2a; stx2a"
"SRR15277999","stx_A",3,2,"Collapsed stx","Panaroo",0,2,"stx1a; stx2a; stx2a"
"SRR15277999","stx_B",3,2,"Collapsed stx","Panaroo",0,2,"stx1a; stx2a; stx2a"
"SRR15277999","stx_B",3,2,"Collapsed stx","Panaroo",0,2,"stx1a; stx2a; stx2a"
"SRR15277999","stx_B",3,2,"Collapsed stx","Panaroo",0,2,"stx1a; stx2a; stx2a"
"SRR15277999","stx_B",3,2,"Collapsed stx","Panaroo",0,2,"stx1a; stx2a; stx2a"
"SRR15277999","stx_B",3,2,"Collapsed stx","Panaroo",0,2,"stx1a; stx2a; stx2a"
"SRR15277999","stx_B",3,2,"Collapsed stx","Panaroo",0,2,"stx1a; stx2a; stx2a"
"SRR15277999","stx_B",3,2,"Collapsed stx","Panaroo",0,2,"stx1a; stx2a; stx2a"
"SRR15277999","stx_B",3,2,"Collapsed stx","Panaroo",0,2,"stx1a; stx2a; stx2a"
"SRR15277999","stx_A",3,2,"Collapsed stx","Panaroo",10,2,"stx1a; stx2a; stx2a"
"SRR15277999","stx_A",3,2,"Collapsed stx","Panaroo",10,2,"stx1a; stx2a; stx2a"
"SRR15277999","stx_A",3,2,"Collapsed stx","Panaroo",10,2,"stx1a; stx2a; stx2a"
"SRR15277999","stx_A",3,2,"Collapsed stx","Panaroo",10,2,"stx1a; stx2a; stx2a"
"SRR15277999","stx_A",3,2,"Collapsed stx","Panaroo",10,2,"stx1a; stx2a; stx2a"
"SRR15277999","stx_A",3,2,"Collapsed stx","Panaroo",10,2,"stx1a; stx2a; stx2a"
"SRR15277999","stx_A",3,2,"Collapsed stx","Panaroo",10,2,"stx1a; stx2a; stx2a"
"SRR15277999","stx_A",3,2,"Collapsed stx","Panaroo",10,2,"stx1a; stx2a; stx2a"
"SRR15277999","stx_B",3,2,"Collapsed stx","Panaroo",10,2,"stx1a; stx2a; stx2a"
"SRR15277999","stx_B",3,2,"Collapsed stx","Panaroo",10,2,"stx1a; stx2a; stx2a"
"SRR15277999","stx_B",3,2,"Collapsed stx","Panaroo",10,2,"stx1a; stx2a; stx2a"
"SRR15277999","stx_B",3,2,"Collapsed stx","Panaroo",10,2,"stx1a; stx2a; stx2a"
"SRR15277999","stx_B",3,2,"Collapsed stx","Panaroo",10,2,"stx1a; stx2a; stx2a"
"SRR15277999","stx_B",3,2,"Collapsed stx","Panaroo",10,2,"stx1a; stx2a; stx2a"
"SRR15277999","stx_B",3,2,"Collapsed stx","Panaroo",10,2,"stx1a; stx2a; stx2a"
"SRR15277999","stx_B",3,2,"Collapsed stx","Panaroo",10,2,"stx1a; stx2a; stx2a"
"SRR15277999","stx_A",3,2,"Collapsed stx","Panaroo",50,2,"stx1a; stx2a; stx2a"
"SRR15277999","stx_A",3,2,"Collapsed stx","Panaroo",50,2,"stx1a; stx2a; stx2a"
"SRR15277999","stx_A",3,2,"Collapsed stx","Panaroo",50,2,"stx1a; stx2a; stx2a"
"SRR15277999","stx_A",3,2,"Collapsed stx","Panaroo",50,2,"stx1a; stx2a; stx2a"
"SRR15277999","stx_A",3,2,"Collapsed stx","Panaroo",50,2,"stx1a; stx2a; stx2a"
"SRR15277999","stx_A",3,2,"Collapsed stx","Panaroo",50,2,"stx1a; stx2a; stx2a"
"SRR15277999","stx_A",3,2,"Collapsed stx","Panaroo",50,2,"stx1a; stx2a; stx2a"
"SRR15277999","stx_A",3,2,"Collapsed stx","Panaroo",50,2,"stx1a; stx2a; stx2a"
"SRR15277999","stx_B",3,2,"Collapsed stx","Panaroo",50,2,"stx1a; stx2a; stx2a"
"SRR15277999","stx_B",3,2,"Collapsed stx","Panaroo",50,2,"stx1a; stx2a; stx2a"
"SRR15277999","stx_B",3,2,"Collapsed stx","Panaroo",50,2,"stx1a; stx2a; stx2a"
"SRR15277999","stx_B",3,2,"Collapsed stx","Panaroo",50,2,"stx1a; stx2a; stx2a"
"SRR15277999","stx_B",3,2,"Collapsed stx","Panaroo",50,2,"stx1a; stx2a; stx2a"
"SRR15277999","stx_B",3,2,"Collapsed stx","Panaroo",50,2,"stx1a; stx2a; stx2a"
"SRR15277999","stx_B",3,2,"Collapsed stx","Panaroo",50,2,"stx1a; stx2a; stx2a"
"SRR15277999","stx_B",3,2,"Collapsed stx","Panaroo",50,2,"stx1a; stx2a; stx2a"
"SRR15277999","stx_A",3,2,"Collapsed stx","Panaroo",90,2,"stx1a; stx2a; stx2a"
"SRR15277999","stx_A",3,2,"Collapsed stx","Panaroo",90,2,"stx1a; stx2a; stx2a"
"SRR15277999","stx_A",3,2,"Collapsed stx","Panaroo",90,2,"stx1a; stx2a; stx2a"
"SRR15277999","stx_A",3,2,"Collapsed stx","Panaroo",90,2,"stx1a; stx2a; stx2a"
"SRR15277999","stx_A",3,2,"Collapsed stx","Panaroo",90,2,"stx1a; stx2a; stx2a"
"SRR15277999","stx_A",3,2,"Collapsed stx","Panaroo",90,2,"stx1a; stx2a; stx2a"
"SRR15277999","stx_A",3,2,"Collapsed stx","Panaroo",90,2,"stx1a; stx2a; stx2a"
"SRR15277999","stx_A",3,2,"Collapsed stx","Panaroo",90,2,"stx1a; stx2a; stx2a"
"SRR15277999","stx_B",3,2,"Collapsed stx","Panaroo",90,2,"stx1a; stx2a; stx2a"
"SRR15277999","stx_B",3,2,"Collapsed stx","Panaroo",90,2,"stx1a; stx2a; stx2a"
"SRR15277999","stx_B",3,2,"Collapsed stx","Panaroo",90,2,"stx1a; stx2a; stx2a"
"SRR15277999","stx_B",3,2,"Collapsed stx","Panaroo",90,2,"stx1a; stx2a; stx2a"
"SRR15277999","stx_B",3,2,"Collapsed stx","Panaroo",90,2,"stx1a; stx2a; stx2a"
"SRR15277999","stx_B",3,2,"Collapsed stx","Panaroo",90,2,"stx1a; stx2a; stx2a"
"SRR15277999","stx_B",3,2,"Collapsed stx","Panaroo",90,2,"stx1a; stx2a; stx2a"
"SRR15277999","stx_B",3,2,"Collapsed stx","Panaroo",90,2,"stx1a; stx2a; stx2a"
"SRR15277999","stx_A",3,2,"Collapsed stx","Panaroo",100,2,"stx1a; stx2a; stx2a"
"SRR15277999","stx_A",3,2,"Collapsed stx","Panaroo",100,2,"stx1a; stx2a; stx2a"
"SRR15277999","stx_A",3,2,"Collapsed stx","Panaroo",100,2,"stx1a; stx2a; stx2a"
"SRR15277999","stx_A",3,2,"Collapsed stx","Panaroo",100,2,"stx1a; stx2a; stx2a"
"SRR15277999","stx_A",3,2,"Collapsed stx","Panaroo",100,2,"stx1a; stx2a; stx2a"
"SRR15277999","stx_A",3,2,"Collapsed stx","Panaroo",100,2,"stx1a; stx2a; stx2a"
"SRR15277999","stx_A",3,2,"Collapsed stx","Panaroo",100,2,"stx1a; stx2a; stx2a"
"SRR15277999","stx_A",3,2,"Collapsed stx","Panaroo",100,2,"stx1a; stx2a; stx2a"
"SRR15277999","stx_B",3,2,"Collapsed stx","Panaroo",100,2,"stx1a; stx2a; stx2a"
"SRR15277999","stx_B",3,2,"Collapsed stx","Panaroo",100,2,"stx1a; stx2a; stx2a"
"SRR15277999","stx_B",3,2,"Collapsed stx","Panaroo",100,2,"stx1a; stx2a; stx2a"
"SRR15277999","stx_B",3,2,"Collapsed stx","Panaroo",100,2,"stx1a; stx2a; stx2a"
"SRR15277999","stx_B",3,2,"Collapsed stx","Panaroo",100,2,"stx1a; stx2a; stx2a"
"SRR15277999","stx_B",3,2,"Collapsed stx","Panaroo",100,2,"stx1a; stx2a; stx2a"
"SRR15277999","stx_B",3,2,"Collapsed stx","Panaroo",100,2,"stx1a; stx2a; stx2a"
"SRR15277999","stx_B",3,2,"Collapsed stx","Panaroo",100,2,"stx1a; stx2a; stx2a"
"SRR15277999","stx_A",3,2,"Collapsed stx","Roary",0,1,"stx1a; stx2a; stx2a"
"SRR15277999","stx_A",3,2,"Collapsed stx","Roary",0,1,"stx1a; stx2a; stx2a"
"SRR15277999","stx_A",3,2,"Collapsed stx","Roary",0,1,"stx1a; stx2a; stx2a"
"SRR15277999","stx_A",3,2,"Collapsed stx","Roary",0,1,"stx1a; stx2a; stx2a"
"SRR15277999","stx_A",3,2,"Collapsed stx","Roary",0,1,"stx1a; stx2a; stx2a"
"SRR15277999","stx_A",3,2,"Collapsed stx","Roary",0,1,"stx1a; stx2a; stx2a"
"SRR15277999","stx_A",3,2,"Collapsed stx","Roary",0,1,"stx1a; stx2a; stx2a"
"SRR15277999","stx_A",3,2,"Collapsed stx","Roary",0,1,"stx1a; stx2a; stx2a"
"SRR15277999","stx_B",3,2,"Collapsed stx","Roary",0,1,"stx1a; stx2a; stx2a"
"SRR15277999","stx_B",3,2,"Collapsed stx","Roary",0,1,"stx1a; stx2a; stx2a"
"SRR15277999","stx_B",3,2,"Collapsed stx","Roary",0,1,"stx1a; stx2a; stx2a"
"SRR15277999","stx_B",3,2,"Collapsed stx","Roary",0,1,"stx1a; stx2a; stx2a"
"SRR15277999","stx_B",3,2,"Collapsed stx","Roary",0,1,"stx1a; stx2a; stx2a"
"SRR15277999","stx_B",3,2,"Collapsed stx","Roary",0,1,"stx1a; stx2a; stx2a"
"SRR15277999","stx_B",3,2,"Collapsed stx","Roary",0,1,"stx1a; stx2a; stx2a"
"SRR15277999","stx_B",3,2,"Collapsed stx","Roary",0,1,"stx1a; stx2a; stx2a"
"SRR15277999","stx_A",3,2,"Collapsed stx","Roary",10,1,"stx1a; stx2a; stx2a"
"SRR15277999","stx_A",3,2,"Collapsed stx","Roary",10,1,"stx1a; stx2a; stx2a"
"SRR15277999","stx_A",3,2,"Collapsed stx","Roary",10,1,"stx1a; stx2a; stx2a"
"SRR15277999","stx_A",3,2,"Collapsed stx","Roary",10,1,"stx1a; stx2a; stx2a"
"SRR15277999","stx_A",3,2,"Collapsed stx","Roary",10,1,"stx1a; stx2a; stx2a"
"SRR15277999","stx_A",3,2,"Collapsed stx","Roary",10,1,"stx1a; stx2a; stx2a"
"SRR15277999","stx_A",3,2,"Collapsed stx","Roary",10,1,"stx1a; stx2a; stx2a"
"SRR15277999","stx_A",3,2,"Collapsed stx","Roary",10,1,"stx1a; stx2a; stx2a"
"SRR15277999","stx_B",3,2,"Collapsed stx","Roary",10,1,"stx1a; stx2a; stx2a"
"SRR15277999","stx_B",3,2,"Collapsed stx","Roary",10,1,"stx1a; stx2a; stx2a"
"SRR15277999","stx_B",3,2,"Collapsed stx","Roary",10,1,"stx1a; stx2a; stx2a"
"SRR15277999","stx_B",3,2,"Collapsed stx","Roary",10,1,"stx1a; stx2a; stx2a"
"SRR15277999","stx_B",3,2,"Collapsed stx","Roary",10,1,"stx1a; stx2a; stx2a"
"SRR15277999","stx_B",3,2,"Collapsed stx","Roary",10,1,"stx1a; stx2a; stx2a"
"SRR15277999","stx_B",3,2,"Collapsed stx","Roary",10,1,"stx1a; stx2a; stx2a"
"SRR15277999","stx_B",3,2,"Collapsed stx","Roary",10,1,"stx1a; stx2a; stx2a"
"SRR15277999","stx_A",3,2,"Collapsed stx","Roary",50,2,"stx1a; stx2a; stx2a"
"SRR15277999","stx_A",3,2,"Collapsed stx","Roary",50,2,"stx1a; stx2a; stx2a"
"SRR15277999","stx_A",3,2,"Collapsed stx","Roary",50,2,"stx1a; stx2a; stx2a"
"SRR15277999","stx_A",3,2,"Collapsed stx","Roary",50,2,"stx1a; stx2a; stx2a"
"SRR15277999","stx_A",3,2,"Collapsed stx","Roary",50,1,"stx1a; stx2a; stx2a"
"SRR15277999","stx_A",3,2,"Collapsed stx","Roary",50,1,"stx1a; stx2a; stx2a"
"SRR15277999","stx_A",3,2,"Collapsed stx","Roary",50,1,"stx1a; stx2a; stx2a"
"SRR15277999","stx_A",3,2,"Collapsed stx","Roary",50,1,"stx1a; stx2a; stx2a"
"SRR15277999","stx_B",3,2,"Collapsed stx","Roary",50,2,"stx1a; stx2a; stx2a"
"SRR15277999","stx_B",3,2,"Collapsed stx","Roary",50,2,"stx1a; stx2a; stx2a"
"SRR15277999","stx_B",3,2,"Collapsed stx","Roary",50,2,"stx1a; stx2a; stx2a"
"SRR15277999","stx_B",3,2,"Collapsed stx","Roary",50,2,"stx1a; stx2a; stx2a"
"SRR15277999","stx_B",3,2,"Collapsed stx","Roary",50,1,"stx1a; stx2a; stx2a"
"SRR15277999","stx_B",3,2,"Collapsed stx","Roary",50,1,"stx1a; stx2a; stx2a"
"SRR15277999","stx_B",3,2,"Collapsed stx","Roary",50,1,"stx1a; stx2a; stx2a"
"SRR15277999","stx_B",3,2,"Collapsed stx","Roary",50,1,"stx1a; stx2a; stx2a"
"SRR15277999","stx_A",3,2,"Collapsed stx","Roary",90,1,"stx1a; stx2a; stx2a"
"SRR15277999","stx_A",3,2,"Collapsed stx","Roary",90,1,"stx1a; stx2a; stx2a"
"SRR15277999","stx_A",3,2,"Collapsed stx","Roary",90,2,"stx1a; stx2a; stx2a"
"SRR15277999","stx_A",3,2,"Collapsed stx","Roary",90,2,"stx1a; stx2a; stx2a"
"SRR15277999","stx_A",3,2,"Collapsed stx","Roary",90,1,"stx1a; stx2a; stx2a"
"SRR15277999","stx_A",3,2,"Collapsed stx","Roary",90,1,"stx1a; stx2a; stx2a"
"SRR15277999","stx_A",3,2,"Collapsed stx","Roary",90,2,"stx1a; stx2a; stx2a"
"SRR15277999","stx_A",3,2,"Collapsed stx","Roary",90,2,"stx1a; stx2a; stx2a"
"SRR15277999","stx_B",3,2,"Collapsed stx","Roary",90,1,"stx1a; stx2a; stx2a"
"SRR15277999","stx_B",3,2,"Collapsed stx","Roary",90,1,"stx1a; stx2a; stx2a"
"SRR15277999","stx_B",3,2,"Collapsed stx","Roary",90,2,"stx1a; stx2a; stx2a"
"SRR15277999","stx_B",3,2,"Collapsed stx","Roary",90,2,"stx1a; stx2a; stx2a"
"SRR15277999","stx_B",3,2,"Collapsed stx","Roary",90,1,"stx1a; stx2a; stx2a"
"SRR15277999","stx_B",3,2,"Collapsed stx","Roary",90,1,"stx1a; stx2a; stx2a"
"SRR15277999","stx_B",3,2,"Collapsed stx","Roary",90,2,"stx1a; stx2a; stx2a"
"SRR15277999","stx_B",3,2,"Collapsed stx","Roary",90,2,"stx1a; stx2a; stx2a"
"SRR15277999","stx_A",3,2,"Collapsed stx","Roary",100,1,"stx1a; stx2a; stx2a"
"SRR15277999","stx_A",3,2,"Collapsed stx","Roary",100,2,"stx1a; stx2a; stx2a"
"SRR15277999","stx_A",3,2,"Collapsed stx","Roary",100,1,"stx1a; stx2a; stx2a"
"SRR15277999","stx_A",3,2,"Collapsed stx","Roary",100,2,"stx1a; stx2a; stx2a"
"SRR15277999","stx_A",3,2,"Collapsed stx","Roary",100,1,"stx1a; stx2a; stx2a"
"SRR15277999","stx_A",3,2,"Collapsed stx","Roary",100,2,"stx1a; stx2a; stx2a"
"SRR15277999","stx_A",3,2,"Collapsed stx","Roary",100,1,"stx1a; stx2a; stx2a"
"SRR15277999","stx_A",3,2,"Collapsed stx","Roary",100,2,"stx1a; stx2a; stx2a"
"SRR15277999","stx_B",3,2,"Collapsed stx","Roary",100,1,"stx1a; stx2a; stx2a"
"SRR15277999","stx_B",3,2,"Collapsed stx","Roary",100,2,"stx1a; stx2a; stx2a"
"SRR15277999","stx_B",3,2,"Collapsed stx","Roary",100,1,"stx1a; stx2a; stx2a"
"SRR15277999","stx_B",3,2,"Collapsed stx","Roary",100,2,"stx1a; stx2a; stx2a"
"SRR15277999","stx_B",3,2,"Collapsed stx","Roary",100,1,"stx1a; stx2a; stx2a"
"SRR15277999","stx_B",3,2,"Collapsed stx","Roary",100,2,"stx1a; stx2a; stx2a"
"SRR15277999","stx_B",3,2,"Collapsed stx","Roary",100,1,"stx1a; stx2a; stx2a"
"SRR15277999","stx_B",3,2,"Collapsed stx","Roary",100,2,"stx1a; stx2a; stx2a"
"SRR15277999","stx_A",3,2,"Collapsed stx","ggCaller",0,2,"stx1a; stx2a; stx2a"
"SRR15277999","stx_A",3,2,"Collapsed stx","ggCaller",0,2,"stx1a; stx2a; stx2a"
"SRR15277999","stx_A",3,2,"Collapsed stx","ggCaller",0,2,"stx1a; stx2a; stx2a"
"SRR15277999","stx_A",3,2,"Collapsed stx","ggCaller",0,2,"stx1a; stx2a; stx2a"
"SRR15277999","stx_A",3,2,"Collapsed stx","ggCaller",0,2,"stx1a; stx2a; stx2a"
"SRR15277999","stx_A",3,2,"Collapsed stx","ggCaller",0,2,"stx1a; stx2a; stx2a"
"SRR15277999","stx_A",3,2,"Collapsed stx","ggCaller",0,2,"stx1a; stx2a; stx2a"
"SRR15277999","stx_A",3,2,"Collapsed stx","ggCaller",0,2,"stx1a; stx2a; stx2a"
"SRR15277999","stx_B",3,2,"Collapsed stx","ggCaller",0,2,"stx1a; stx2a; stx2a"
"SRR15277999","stx_B",3,2,"Collapsed stx","ggCaller",0,2,"stx1a; stx2a; stx2a"
"SRR15277999","stx_B",3,2,"Collapsed stx","ggCaller",0,2,"stx1a; stx2a; stx2a"
"SRR15277999","stx_B",3,2,"Collapsed stx","ggCaller",0,2,"stx1a; stx2a; stx2a"
"SRR15277999","stx_B",3,2,"Collapsed stx","ggCaller",0,2,"stx1a; stx2a; stx2a"
"SRR15277999","stx_B",3,2,"Collapsed stx","ggCaller",0,2,"stx1a; stx2a; stx2a"
"SRR15277999","stx_B",3,2,"Collapsed stx","ggCaller",0,2,"stx1a; stx2a; stx2a"
"SRR15277999","stx_B",3,2,"Collapsed stx","ggCaller",0,2,"stx1a; stx2a; stx2a"
"SRR15277999","stx_A",3,2,"Collapsed stx","ggCaller",10,2,"stx1a; stx2a; stx2a"
"SRR15277999","stx_A",3,2,"Collapsed stx","ggCaller",10,2,"stx1a; stx2a; stx2a"
"SRR15277999","stx_A",3,2,"Collapsed stx","ggCaller",10,2,"stx1a; stx2a; stx2a"
"SRR15277999","stx_A",3,2,"Collapsed stx","ggCaller",10,2,"stx1a; stx2a; stx2a"
"SRR15277999","stx_A",3,2,"Collapsed stx","ggCaller",10,2,"stx1a; stx2a; stx2a"
"SRR15277999","stx_A",3,2,"Collapsed stx","ggCaller",10,2,"stx1a; stx2a; stx2a"
"SRR15277999","stx_A",3,2,"Collapsed stx","ggCaller",10,2,"stx1a; stx2a; stx2a"
"SRR15277999","stx_A",3,2,"Collapsed stx","ggCaller",10,2,"stx1a; stx2a; stx2a"
"SRR15277999","stx_B",3,2,"Collapsed stx","ggCaller",10,2,"stx1a; stx2a; stx2a"
"SRR15277999","stx_B",3,2,"Collapsed stx","ggCaller",10,2,"stx1a; stx2a; stx2a"
"SRR15277999","stx_B",3,2,"Collapsed stx","ggCaller",10,2,"stx1a; stx2a; stx2a"
"SRR15277999","stx_B",3,2,"Collapsed stx","ggCaller",10,2,"stx1a; stx2a; stx2a"
"SRR15277999","stx_B",3,2,"Collapsed stx","ggCaller",10,2,"stx1a; stx2a; stx2a"
"SRR15277999","stx_B",3,2,"Collapsed stx","ggCaller",10,2,"stx1a; stx2a; stx2a"
"SRR15277999","stx_B",3,2,"Collapsed stx","ggCaller",10,2,"stx1a; stx2a; stx2a"
"SRR15277999","stx_B",3,2,"Collapsed stx","ggCaller",10,2,"stx1a; stx2a; stx2a"
"SRR15277999","stx_A",3,2,"Collapsed stx","ggCaller",50,4,"stx1a; stx2a; stx2a"
"SRR15277999","stx_A",3,2,"Collapsed stx","ggCaller",50,4,"stx1a; stx2a; stx2a"
"SRR15277999","stx_A",3,2,"Collapsed stx","ggCaller",50,4,"stx1a; stx2a; stx2a"
"SRR15277999","stx_A",3,2,"Collapsed stx","ggCaller",50,4,"stx1a; stx2a; stx2a"
"SRR15277999","stx_A",3,2,"Collapsed stx","ggCaller",50,4,"stx1a; stx2a; stx2a"
"SRR15277999","stx_A",3,2,"Collapsed stx","ggCaller",50,4,"stx1a; stx2a; stx2a"
"SRR15277999","stx_A",3,2,"Collapsed stx","ggCaller",50,4,"stx1a; stx2a; stx2a"
"SRR15277999","stx_A",3,2,"Collapsed stx","ggCaller",50,4,"stx1a; stx2a; stx2a"
"SRR15277999","stx_B",3,2,"Collapsed stx","ggCaller",50,2,"stx1a; stx2a; stx2a"
"SRR15277999","stx_B",3,2,"Collapsed stx","ggCaller",50,2,"stx1a; stx2a; stx2a"
"SRR15277999","stx_B",3,2,"Collapsed stx","ggCaller",50,2,"stx1a; stx2a; stx2a"
"SRR15277999","stx_B",3,2,"Collapsed stx","ggCaller",50,2,"stx1a; stx2a; stx2a"
"SRR15277999","stx_B",3,2,"Collapsed stx","ggCaller",50,2,"stx1a; stx2a; stx2a"
"SRR15277999","stx_B",3,2,"Collapsed stx","ggCaller",50,2,"stx1a; stx2a; stx2a"
"SRR15277999","stx_B",3,2,"Collapsed stx","ggCaller",50,2,"stx1a; stx2a; stx2a"
"SRR15277999","stx_B",3,2,"Collapsed stx","ggCaller",50,2,"stx1a; stx2a; stx2a"
"SRR15277999","stx_A",3,2,"Collapsed stx","ggCaller",90,4,"stx1a; stx2a; stx2a"
"SRR15277999","stx_A",3,2,"Collapsed stx","ggCaller",90,4,"stx1a; stx2a; stx2a"
"SRR15277999","stx_A",3,2,"Collapsed stx","ggCaller",90,4,"stx1a; stx2a; stx2a"
"SRR15277999","stx_A",3,2,"Collapsed stx","ggCaller",90,4,"stx1a; stx2a; stx2a"
"SRR15277999","stx_A",3,2,"Collapsed stx","ggCaller",90,4,"stx1a; stx2a; stx2a"
"SRR15277999","stx_A",3,2,"Collapsed stx","ggCaller",90,4,"stx1a; stx2a; stx2a"
"SRR15277999","stx_A",3,2,"Collapsed stx","ggCaller",90,4,"stx1a; stx2a; stx2a"
"SRR15277999","stx_A",3,2,"Collapsed stx","ggCaller",90,4,"stx1a; stx2a; stx2a"
"SRR15277999","stx_B",3,2,"Collapsed stx","ggCaller",90,2,"stx1a; stx2a; stx2a"
"SRR15277999","stx_B",3,2,"Collapsed stx","ggCaller",90,2,"stx1a; stx2a; stx2a"
"SRR15277999","stx_B",3,2,"Collapsed stx","ggCaller",90,2,"stx1a; stx2a; stx2a"
"SRR15277999","stx_B",3,2,"Collapsed stx","ggCaller",90,2,"stx1a; stx2a; stx2a"
"SRR15277999","stx_B",3,2,"Collapsed stx","ggCaller",90,2,"stx1a; stx2a; stx2a"
"SRR15277999","stx_B",3,2,"Collapsed stx","ggCaller",90,2,"stx1a; stx2a; stx2a"
"SRR15277999","stx_B",3,2,"Collapsed stx","ggCaller",90,2,"stx1a; stx2a; stx2a"
"SRR15277999","stx_B",3,2,"Collapsed stx","ggCaller",90,2,"stx1a; stx2a; stx2a"
"SRR15277999","stx_A",3,2,"Collapsed stx","ggCaller",100,4,"stx1a; stx2a; stx2a"
"SRR15277999","stx_A",3,2,"Collapsed stx","ggCaller",100,4,"stx1a; stx2a; stx2a"
"SRR15277999","stx_A",3,2,"Collapsed stx","ggCaller",100,4,"stx1a; stx2a; stx2a"
"SRR15277999","stx_A",3,2,"Collapsed stx","ggCaller",100,4,"stx1a; stx2a; stx2a"
"SRR15277999","stx_A",3,2,"Collapsed stx","ggCaller",100,4,"stx1a; stx2a; stx2a"
"SRR15277999","stx_A",3,2,"Collapsed stx","ggCaller",100,4,"stx1a; stx2a; stx2a"
"SRR15277999","stx_A",3,2,"Collapsed stx","ggCaller",100,4,"stx1a; stx2a; stx2a"
"SRR15277999","stx_A",3,2,"Collapsed stx","ggCaller",100,4,"stx1a; stx2a; stx2a"
"SRR15277999","stx_B",3,2,"Collapsed stx","ggCaller",100,2,"stx1a; stx2a; stx2a"
"SRR15277999","stx_B",3,2,"Collapsed stx","ggCaller",100,2,"stx1a; stx2a; stx2a"
"SRR15277999","stx_B",3,2,"Collapsed stx","ggCaller",100,2,"stx1a; stx2a; stx2a"
"SRR15277999","stx_B",3,2,"Collapsed stx","ggCaller",100,2,"stx1a; stx2a; stx2a"
"SRR15277999","stx_B",3,2,"Collapsed stx","ggCaller",100,2,"stx1a; stx2a; stx2a"
"SRR15277999","stx_B",3,2,"Collapsed stx","ggCaller",100,2,"stx1a; stx2a; stx2a"
"SRR15277999","stx_B",3,2,"Collapsed stx","ggCaller",100,2,"stx1a; stx2a; stx2a"
"SRR15277999","stx_B",3,2,"Collapsed stx","ggCaller",100,2,"stx1a; stx2a; stx2a"
"SRR15376141","stx_A",2,6,"Fragmented stx","BAKTA",0,0,"stx2a; stx2c"
"SRR15376141","stx_B",2,4,"Fragmented stx","BAKTA",0,0,"stx2a; stx2c"
"SRR15376141","stx_A",2,6,"Fragmented stx","BAKTA",100,2,"stx2a; stx2c"
"SRR15376141","stx_B",2,4,"Fragmented stx","BAKTA",100,2,"stx2a; stx2c"
"SRR15376141","stx_A",2,6,"Fragmented stx","PPanGGOLiN",0,0,"stx2a; stx2c"
"SRR15376141","stx_B",2,4,"Fragmented stx","PPanGGOLiN",0,0,"stx2a; stx2c"
"SRR15376141","stx_A",2,6,"Fragmented stx","PPanGGOLiN",10,0,"stx2a; stx2c"
"SRR15376141","stx_B",2,4,"Fragmented stx","PPanGGOLiN",10,0,"stx2a; stx2c"
"SRR15376141","stx_A",2,6,"Fragmented stx","PPanGGOLiN",50,1,"stx2a; stx2c"
"SRR15376141","stx_B",2,4,"Fragmented stx","PPanGGOLiN",50,1,"stx2a; stx2c"
"SRR15376141","stx_A",2,6,"Fragmented stx","PPanGGOLiN",90,1,"stx2a; stx2c"
"SRR15376141","stx_B",2,4,"Fragmented stx","PPanGGOLiN",90,1,"stx2a; stx2c"
"SRR15376141","stx_A",2,6,"Fragmented stx","PPanGGOLiN",100,1,"stx2a; stx2c"
"SRR15376141","stx_B",2,4,"Fragmented stx","PPanGGOLiN",100,1,"stx2a; stx2c"
"SRR15376141","stx_A",2,6,"Fragmented stx","Panaroo",0,0,"stx2a; stx2c"
"SRR15376141","stx_B",2,4,"Fragmented stx","Panaroo",0,0,"stx2a; stx2c"
"SRR15376141","stx_A",2,6,"Fragmented stx","Panaroo",10,0,"stx2a; stx2c"
"SRR15376141","stx_B",2,4,"Fragmented stx","Panaroo",10,0,"stx2a; stx2c"
"SRR15376141","stx_A",2,6,"Fragmented stx","Panaroo",50,1,"stx2a; stx2c"
"SRR15376141","stx_B",2,4,"Fragmented stx","Panaroo",50,2,"stx2a; stx2c"
"SRR15376141","stx_A",2,6,"Fragmented stx","Panaroo",90,1,"stx2a; stx2c"
"SRR15376141","stx_B",2,4,"Fragmented stx","Panaroo",90,2,"stx2a; stx2c"
"SRR15376141","stx_A",2,6,"Fragmented stx","Panaroo",100,1,"stx2a; stx2c"
"SRR15376141","stx_B",2,4,"Fragmented stx","Panaroo",100,2,"stx2a; stx2c"
"SRR15376141","stx_A",2,6,"Fragmented stx","Roary",0,0,"stx2a; stx2c"
"SRR15376141","stx_B",2,4,"Fragmented stx","Roary",0,0,"stx2a; stx2c"
"SRR15376141","stx_A",2,6,"Fragmented stx","Roary",10,0,"stx2a; stx2c"
"SRR15376141","stx_B",2,4,"Fragmented stx","Roary",10,0,"stx2a; stx2c"
"SRR15376141","stx_A",2,6,"Fragmented stx","Roary",50,2,"stx2a; stx2c"
"SRR15376141","stx_B",2,4,"Fragmented stx","Roary",50,1,"stx2a; stx2c"
"SRR15376141","stx_A",2,6,"Fragmented stx","Roary",90,2,"stx2a; stx2c"
"SRR15376141","stx_B",2,4,"Fragmented stx","Roary",90,1,"stx2a; stx2c"
"SRR15376141","stx_A",2,6,"Fragmented stx","Roary",100,2,"stx2a; stx2c"
"SRR15376141","stx_B",2,4,"Fragmented stx","Roary",100,1,"stx2a; stx2c"
"SRR15376141","stx_A",2,6,"Fragmented stx","ggCaller",0,0,"stx2a; stx2c"
"SRR15376141","stx_B",2,4,"Fragmented stx","ggCaller",0,0,"stx2a; stx2c"
"SRR15376141","stx_A",2,6,"Fragmented stx","ggCaller",10,0,"stx2a; stx2c"
"SRR15376141","stx_B",2,4,"Fragmented stx","ggCaller",10,0,"stx2a; stx2c"
"SRR15376141","stx_A",2,6,"Fragmented stx","ggCaller",50,3,"stx2a; stx2c"
"SRR15376141","stx_B",2,4,"Fragmented stx","ggCaller",50,2,"stx2a; stx2c"
"SRR15376141","stx_A",2,6,"Fragmented stx","ggCaller",90,3,"stx2a; stx2c"
"SRR15376141","stx_B",2,4,"Fragmented stx","ggCaller",90,2,"stx2a; stx2c"
"SRR15376141","stx_A",2,6,"Fragmented stx","ggCaller",100,3,"stx2a; stx2c"
"SRR15376141","stx_B",2,4,"Fragmented stx","ggCaller",100,2,"stx2a; stx2c"
"SRR15376142","stx_A",2,6,"Fragmented stx","BAKTA",0,0,"stx2a; stx2c"
"SRR15376142","stx_B",2,4,"Fragmented stx","BAKTA",0,0,"stx2a; stx2c"
"SRR15376142","stx_A",2,6,"Fragmented stx","BAKTA",100,2,"stx2a; stx2c"
"SRR15376142","stx_B",2,4,"Fragmented stx","BAKTA",100,2,"stx2a; stx2c"
"SRR15376142","stx_A",2,6,"Fragmented stx","PPanGGOLiN",0,0,"stx2a; stx2c"
"SRR15376142","stx_B",2,4,"Fragmented stx","PPanGGOLiN",0,0,"stx2a; stx2c"
"SRR15376142","stx_A",2,6,"Fragmented stx","PPanGGOLiN",10,0,"stx2a; stx2c"
"SRR15376142","stx_B",2,4,"Fragmented stx","PPanGGOLiN",10,0,"stx2a; stx2c"
"SRR15376142","stx_A",2,6,"Fragmented stx","PPanGGOLiN",50,0,"stx2a; stx2c"
"SRR15376142","stx_B",2,4,"Fragmented stx","PPanGGOLiN",50,0,"stx2a; stx2c"
"SRR15376142","stx_A",2,6,"Fragmented stx","PPanGGOLiN",90,1,"stx2a; stx2c"
"SRR15376142","stx_B",2,4,"Fragmented stx","PPanGGOLiN",90,1,"stx2a; stx2c"
"SRR15376142","stx_A",2,6,"Fragmented stx","PPanGGOLiN",100,1,"stx2a; stx2c"
"SRR15376142","stx_B",2,4,"Fragmented stx","PPanGGOLiN",100,1,"stx2a; stx2c"
"SRR15376142","stx_A",2,6,"Fragmented stx","Panaroo",0,0,"stx2a; stx2c"
"SRR15376142","stx_B",2,4,"Fragmented stx","Panaroo",0,0,"stx2a; stx2c"
"SRR15376142","stx_A",2,6,"Fragmented stx","Panaroo",10,0,"stx2a; stx2c"
"SRR15376142","stx_B",2,4,"Fragmented stx","Panaroo",10,0,"stx2a; stx2c"
"SRR15376142","stx_A",2,6,"Fragmented stx","Panaroo",50,0,"stx2a; stx2c"
"SRR15376142","stx_B",2,4,"Fragmented stx","Panaroo",50,0,"stx2a; stx2c"
"SRR15376142","stx_A",2,6,"Fragmented stx","Panaroo",90,1,"stx2a; stx2c"
"SRR15376142","stx_B",2,4,"Fragmented stx","Panaroo",90,2,"stx2a; stx2c"
"SRR15376142","stx_A",2,6,"Fragmented stx","Panaroo",100,1,"stx2a; stx2c"
"SRR15376142","stx_B",2,4,"Fragmented stx","Panaroo",100,2,"stx2a; stx2c"
"SRR15376142","stx_A",2,6,"Fragmented stx","Roary",0,0,"stx2a; stx2c"
"SRR15376142","stx_B",2,4,"Fragmented stx","Roary",0,0,"stx2a; stx2c"
"SRR15376142","stx_A",2,6,"Fragmented stx","Roary",10,0,"stx2a; stx2c"
"SRR15376142","stx_B",2,4,"Fragmented stx","Roary",10,0,"stx2a; stx2c"
"SRR15376142","stx_A",2,6,"Fragmented stx","Roary",50,0,"stx2a; stx2c"
"SRR15376142","stx_B",2,4,"Fragmented stx","Roary",50,0,"stx2a; stx2c"
"SRR15376142","stx_A",2,6,"Fragmented stx","Roary",90,2,"stx2a; stx2c"
"SRR15376142","stx_B",2,4,"Fragmented stx","Roary",90,1,"stx2a; stx2c"
"SRR15376142","stx_A",2,6,"Fragmented stx","Roary",100,2,"stx2a; stx2c"
"SRR15376142","stx_B",2,4,"Fragmented stx","Roary",100,1,"stx2a; stx2c"
"SRR15376142","stx_A",2,6,"Fragmented stx","ggCaller",0,0,"stx2a; stx2c"
"SRR15376142","stx_B",2,4,"Fragmented stx","ggCaller",0,0,"stx2a; stx2c"
"SRR15376142","stx_A",2,6,"Fragmented stx","ggCaller",10,0,"stx2a; stx2c"
"SRR15376142","stx_B",2,4,"Fragmented stx","ggCaller",10,0,"stx2a; stx2c"
"SRR15376142","stx_A",2,6,"Fragmented stx","ggCaller",50,0,"stx2a; stx2c"
"SRR15376142","stx_B",2,4,"Fragmented stx","ggCaller",50,0,"stx2a; stx2c"
"SRR15376142","stx_A",2,6,"Fragmented stx","ggCaller",90,3,"stx2a; stx2c"
"SRR15376142","stx_B",2,4,"Fragmented stx","ggCaller",90,2,"stx2a; stx2c"
"SRR15376142","stx_A",2,6,"Fragmented stx","ggCaller",100,3,"stx2a; stx2c"
"SRR15376142","stx_B",2,4,"Fragmented stx","ggCaller",100,2,"stx2a; stx2c"
"SRR15376143","stx_A",2,6,"Fragmented stx","BAKTA",0,0,"stx2a; stx2c"
"SRR15376143","stx_B",2,4,"Fragmented stx","BAKTA",0,0,"stx2a; stx2c"
"SRR15376143","stx_A",2,6,"Fragmented stx","BAKTA",100,2,"stx2a; stx2c"
"SRR15376143","stx_B",2,4,"Fragmented stx","BAKTA",100,2,"stx2a; stx2c"
"SRR15376143","stx_A",2,6,"Fragmented stx","PPanGGOLiN",0,0,"stx2a; stx2c"
"SRR15376143","stx_B",2,4,"Fragmented stx","PPanGGOLiN",0,0,"stx2a; stx2c"
"SRR15376143","stx_A",2,6,"Fragmented stx","PPanGGOLiN",10,0,"stx2a; stx2c"
"SRR15376143","stx_B",2,4,"Fragmented stx","PPanGGOLiN",10,0,"stx2a; stx2c"
"SRR15376143","stx_A",2,6,"Fragmented stx","PPanGGOLiN",50,1,"stx2a; stx2c"
"SRR15376143","stx_B",2,4,"Fragmented stx","PPanGGOLiN",50,1,"stx2a; stx2c"
"SRR15376143","stx_A",2,6,"Fragmented stx","PPanGGOLiN",90,1,"stx2a; stx2c"
"SRR15376143","stx_B",2,4,"Fragmented stx","PPanGGOLiN",90,1,"stx2a; stx2c"
"SRR15376143","stx_A",2,6,"Fragmented stx","PPanGGOLiN",100,1,"stx2a; stx2c"
"SRR15376143","stx_B",2,4,"Fragmented stx","PPanGGOLiN",100,1,"stx2a; stx2c"
"SRR15376143","stx_A",2,6,"Fragmented stx","Panaroo",0,0,"stx2a; stx2c"
"SRR15376143","stx_B",2,4,"Fragmented stx","Panaroo",0,0,"stx2a; stx2c"
"SRR15376143","stx_A",2,6,"Fragmented stx","Panaroo",10,0,"stx2a; stx2c"
"SRR15376143","stx_B",2,4,"Fragmented stx","Panaroo",10,0,"stx2a; stx2c"
"SRR15376143","stx_A",2,6,"Fragmented stx","Panaroo",50,1,"stx2a; stx2c"
"SRR15376143","stx_B",2,4,"Fragmented stx","Panaroo",50,2,"stx2a; stx2c"
"SRR15376143","stx_A",2,6,"Fragmented stx","Panaroo",90,1,"stx2a; stx2c"
"SRR15376143","stx_B",2,4,"Fragmented stx","Panaroo",90,2,"stx2a; stx2c"
"SRR15376143","stx_A",2,6,"Fragmented stx","Panaroo",100,1,"stx2a; stx2c"
"SRR15376143","stx_B",2,4,"Fragmented stx","Panaroo",100,2,"stx2a; stx2c"
"SRR15376143","stx_A",2,6,"Fragmented stx","Roary",0,0,"stx2a; stx2c"
"SRR15376143","stx_B",2,4,"Fragmented stx","Roary",0,0,"stx2a; stx2c"
"SRR15376143","stx_A",2,6,"Fragmented stx","Roary",10,0,"stx2a; stx2c"
"SRR15376143","stx_B",2,4,"Fragmented stx","Roary",10,0,"stx2a; stx2c"
"SRR15376143","stx_A",2,6,"Fragmented stx","Roary",50,2,"stx2a; stx2c"
"SRR15376143","stx_B",2,4,"Fragmented stx","Roary",50,1,"stx2a; stx2c"
"SRR15376143","stx_A",2,6,"Fragmented stx","Roary",90,2,"stx2a; stx2c"
"SRR15376143","stx_B",2,4,"Fragmented stx","Roary",90,1,"stx2a; stx2c"
"SRR15376143","stx_A",2,6,"Fragmented stx","Roary",100,2,"stx2a; stx2c"
"SRR15376143","stx_B",2,4,"Fragmented stx","Roary",100,1,"stx2a; stx2c"
"SRR15376143","stx_A",2,6,"Fragmented stx","ggCaller",0,0,"stx2a; stx2c"
"SRR15376143","stx_B",2,4,"Fragmented stx","ggCaller",0,0,"stx2a; stx2c"
"SRR15376143","stx_A",2,6,"Fragmented stx","ggCaller",10,0,"stx2a; stx2c"
"SRR15376143","stx_B",2,4,"Fragmented stx","ggCaller",10,0,"stx2a; stx2c"
"SRR15376143","stx_A",2,6,"Fragmented stx","ggCaller",50,3,"stx2a; stx2c"
"SRR15376143","stx_B",2,4,"Fragmented stx","ggCaller",50,2,"stx2a; stx2c"
"SRR15376143","stx_A",2,6,"Fragmented stx","ggCaller",90,3,"stx2a; stx2c"
"SRR15376143","stx_B",2,4,"Fragmented stx","ggCaller",90,2,"stx2a; stx2c"
"SRR15376143","stx_A",2,6,"Fragmented stx","ggCaller",100,3,"stx2a; stx2c"
"SRR15376143","stx_B",2,4,"Fragmented stx","ggCaller",100,2,"stx2a; stx2c"
"SRR15376144","stx_A",2,6,"Fragmented stx","BAKTA",0,0,"stx2a; stx2c"
"SRR15376144","stx_B",2,4,"Fragmented stx","BAKTA",0,0,"stx2a; stx2c"
"SRR15376144","stx_A",2,6,"Fragmented stx","BAKTA",100,2,"stx2a; stx2c"
"SRR15376144","stx_B",2,4,"Fragmented stx","BAKTA",100,2,"stx2a; stx2c"
"SRR15376144","stx_A",2,6,"Fragmented stx","PPanGGOLiN",0,0,"stx2a; stx2c"
"SRR15376144","stx_B",2,4,"Fragmented stx","PPanGGOLiN",0,0,"stx2a; stx2c"
"SRR15376144","stx_A",2,6,"Fragmented stx","PPanGGOLiN",10,1,"stx2a; stx2c"
"SRR15376144","stx_B",2,4,"Fragmented stx","PPanGGOLiN",10,1,"stx2a; stx2c"
"SRR15376144","stx_A",2,6,"Fragmented stx","PPanGGOLiN",50,1,"stx2a; stx2c"
"SRR15376144","stx_B",2,4,"Fragmented stx","PPanGGOLiN",50,1,"stx2a; stx2c"
"SRR15376144","stx_A",2,6,"Fragmented stx","PPanGGOLiN",90,0,"stx2a; stx2c"
"SRR15376144","stx_B",2,4,"Fragmented stx","PPanGGOLiN",90,0,"stx2a; stx2c"
"SRR15376144","stx_A",2,6,"Fragmented stx","PPanGGOLiN",100,1,"stx2a; stx2c"
"SRR15376144","stx_B",2,4,"Fragmented stx","PPanGGOLiN",100,1,"stx2a; stx2c"
"SRR15376144","stx_A",2,6,"Fragmented stx","Panaroo",0,0,"stx2a; stx2c"
"SRR15376144","stx_B",2,4,"Fragmented stx","Panaroo",0,0,"stx2a; stx2c"
"SRR15376144","stx_A",2,6,"Fragmented stx","Panaroo",10,1,"stx2a; stx2c"
"SRR15376144","stx_B",2,4,"Fragmented stx","Panaroo",10,2,"stx2a; stx2c"
"SRR15376144","stx_A",2,6,"Fragmented stx","Panaroo",50,1,"stx2a; stx2c"
"SRR15376144","stx_B",2,4,"Fragmented stx","Panaroo",50,2,"stx2a; stx2c"
"SRR15376144","stx_A",2,6,"Fragmented stx","Panaroo",90,0,"stx2a; stx2c"
"SRR15376144","stx_B",2,4,"Fragmented stx","Panaroo",90,0,"stx2a; stx2c"
"SRR15376144","stx_A",2,6,"Fragmented stx","Panaroo",100,1,"stx2a; stx2c"
"SRR15376144","stx_B",2,4,"Fragmented stx","Panaroo",100,2,"stx2a; stx2c"
"SRR15376144","stx_A",2,6,"Fragmented stx","Roary",0,0,"stx2a; stx2c"
"SRR15376144","stx_B",2,4,"Fragmented stx","Roary",0,0,"stx2a; stx2c"
"SRR15376144","stx_A",2,6,"Fragmented stx","Roary",10,2,"stx2a; stx2c"
"SRR15376144","stx_B",2,4,"Fragmented stx","Roary",10,1,"stx2a; stx2c"
"SRR15376144","stx_A",2,6,"Fragmented stx","Roary",50,2,"stx2a; stx2c"
"SRR15376144","stx_B",2,4,"Fragmented stx","Roary",50,1,"stx2a; stx2c"
"SRR15376144","stx_A",2,6,"Fragmented stx","Roary",90,0,"stx2a; stx2c"
"SRR15376144","stx_B",2,4,"Fragmented stx","Roary",90,0,"stx2a; stx2c"
"SRR15376144","stx_A",2,6,"Fragmented stx","Roary",100,2,"stx2a; stx2c"
"SRR15376144","stx_B",2,4,"Fragmented stx","Roary",100,1,"stx2a; stx2c"
"SRR15376144","stx_A",2,6,"Fragmented stx","ggCaller",0,0,"stx2a; stx2c"
"SRR15376144","stx_B",2,4,"Fragmented stx","ggCaller",0,0,"stx2a; stx2c"
"SRR15376144","stx_A",2,6,"Fragmented stx","ggCaller",10,2,"stx2a; stx2c"
"SRR15376144","stx_B",2,4,"Fragmented stx","ggCaller",10,2,"stx2a; stx2c"
"SRR15376144","stx_A",2,6,"Fragmented stx","ggCaller",50,3,"stx2a; stx2c"
"SRR15376144","stx_B",2,4,"Fragmented stx","ggCaller",50,2,"stx2a; stx2c"
"SRR15376144","stx_A",2,6,"Fragmented stx","ggCaller",90,0,"stx2a; stx2c"
"SRR15376144","stx_B",2,4,"Fragmented stx","ggCaller",90,0,"stx2a; stx2c"
"SRR15376144","stx_A",2,6,"Fragmented stx","ggCaller",100,3,"stx2a; stx2c"
"SRR15376144","stx_B",2,4,"Fragmented stx","ggCaller",100,2,"stx2a; stx2c"
"SRR15376145","stx_A",2,6,"Fragmented stx","BAKTA",0,0,"stx2a; stx2c"
"SRR15376145","stx_B",2,4,"Fragmented stx","BAKTA",0,0,"stx2a; stx2c"
"SRR15376145","stx_A",2,6,"Fragmented stx","BAKTA",100,2,"stx2a; stx2c"
"SRR15376145","stx_B",2,4,"Fragmented stx","BAKTA",100,2,"stx2a; stx2c"
"SRR15376145","stx_A",2,6,"Fragmented stx","PPanGGOLiN",0,0,"stx2a; stx2c"
"SRR15376145","stx_B",2,4,"Fragmented stx","PPanGGOLiN",0,0,"stx2a; stx2c"
"SRR15376145","stx_A",2,6,"Fragmented stx","PPanGGOLiN",10,0,"stx2a; stx2c"
"SRR15376145","stx_B",2,4,"Fragmented stx","PPanGGOLiN",10,0,"stx2a; stx2c"
"SRR15376145","stx_A",2,6,"Fragmented stx","PPanGGOLiN",50,0,"stx2a; stx2c"
"SRR15376145","stx_B",2,4,"Fragmented stx","PPanGGOLiN",50,0,"stx2a; stx2c"
"SRR15376145","stx_A",2,6,"Fragmented stx","PPanGGOLiN",90,1,"stx2a; stx2c"
"SRR15376145","stx_B",2,4,"Fragmented stx","PPanGGOLiN",90,1,"stx2a; stx2c"
"SRR15376145","stx_A",2,6,"Fragmented stx","PPanGGOLiN",100,1,"stx2a; stx2c"
"SRR15376145","stx_B",2,4,"Fragmented stx","PPanGGOLiN",100,1,"stx2a; stx2c"
"SRR15376145","stx_A",2,6,"Fragmented stx","Panaroo",0,0,"stx2a; stx2c"
"SRR15376145","stx_B",2,4,"Fragmented stx","Panaroo",0,0,"stx2a; stx2c"
"SRR15376145","stx_A",2,6,"Fragmented stx","Panaroo",10,0,"stx2a; stx2c"
"SRR15376145","stx_B",2,4,"Fragmented stx","Panaroo",10,0,"stx2a; stx2c"
"SRR15376145","stx_A",2,6,"Fragmented stx","Panaroo",50,0,"stx2a; stx2c"
"SRR15376145","stx_B",2,4,"Fragmented stx","Panaroo",50,0,"stx2a; stx2c"
"SRR15376145","stx_A",2,6,"Fragmented stx","Panaroo",90,1,"stx2a; stx2c"
"SRR15376145","stx_B",2,4,"Fragmented stx","Panaroo",90,2,"stx2a; stx2c"
"SRR15376145","stx_A",2,6,"Fragmented stx","Panaroo",100,1,"stx2a; stx2c"
"SRR15376145","stx_B",2,4,"Fragmented stx","Panaroo",100,2,"stx2a; stx2c"
"SRR15376145","stx_A",2,6,"Fragmented stx","Roary",0,0,"stx2a; stx2c"
"SRR15376145","stx_B",2,4,"Fragmented stx","Roary",0,0,"stx2a; stx2c"
"SRR15376145","stx_A",2,6,"Fragmented stx","Roary",10,0,"stx2a; stx2c"
"SRR15376145","stx_B",2,4,"Fragmented stx","Roary",10,0,"stx2a; stx2c"
"SRR15376145","stx_A",2,6,"Fragmented stx","Roary",50,0,"stx2a; stx2c"
"SRR15376145","stx_B",2,4,"Fragmented stx","Roary",50,0,"stx2a; stx2c"
"SRR15376145","stx_A",2,6,"Fragmented stx","Roary",90,2,"stx2a; stx2c"
"SRR15376145","stx_B",2,4,"Fragmented stx","Roary",90,1,"stx2a; stx2c"
"SRR15376145","stx_A",2,6,"Fragmented stx","Roary",100,2,"stx2a; stx2c"
"SRR15376145","stx_B",2,4,"Fragmented stx","Roary",100,1,"stx2a; stx2c"
"SRR15376145","stx_A",2,6,"Fragmented stx","ggCaller",0,0,"stx2a; stx2c"
"SRR15376145","stx_B",2,4,"Fragmented stx","ggCaller",0,0,"stx2a; stx2c"
"SRR15376145","stx_A",2,6,"Fragmented stx","ggCaller",10,0,"stx2a; stx2c"
"SRR15376145","stx_B",2,4,"Fragmented stx","ggCaller",10,0,"stx2a; stx2c"
"SRR15376145","stx_A",2,6,"Fragmented stx","ggCaller",50,0,"stx2a; stx2c"
"SRR15376145","stx_B",2,4,"Fragmented stx","ggCaller",50,0,"stx2a; stx2c"
"SRR15376145","stx_A",2,6,"Fragmented stx","ggCaller",90,3,"stx2a; stx2c"
"SRR15376145","stx_B",2,4,"Fragmented stx","ggCaller",90,2,"stx2a; stx2c"
"SRR15376145","stx_A",2,6,"Fragmented stx","ggCaller",100,3,"stx2a; stx2c"
"SRR15376145","stx_B",2,4,"Fragmented stx","ggCaller",100,2,"stx2a; stx2c"
"SRR15376146","stx_A",2,6,"Fragmented stx","BAKTA",0,0,"stx2a; stx2c"
"SRR15376146","stx_B",2,4,"Fragmented stx","BAKTA",0,0,"stx2a; stx2c"
"SRR15376146","stx_A",2,6,"Fragmented stx","BAKTA",100,2,"stx2a; stx2c"
"SRR15376146","stx_B",2,4,"Fragmented stx","BAKTA",100,2,"stx2a; stx2c"
"SRR15376146","stx_A",2,6,"Fragmented stx","PPanGGOLiN",0,0,"stx2a; stx2c"
"SRR15376146","stx_B",2,4,"Fragmented stx","PPanGGOLiN",0,0,"stx2a; stx2c"
"SRR15376146","stx_A",2,6,"Fragmented stx","PPanGGOLiN",10,0,"stx2a; stx2c"
"SRR15376146","stx_B",2,4,"Fragmented stx","PPanGGOLiN",10,0,"stx2a; stx2c"
"SRR15376146","stx_A",2,6,"Fragmented stx","PPanGGOLiN",50,0,"stx2a; stx2c"
"SRR15376146","stx_B",2,4,"Fragmented stx","PPanGGOLiN",50,0,"stx2a; stx2c"
"SRR15376146","stx_A",2,6,"Fragmented stx","PPanGGOLiN",90,1,"stx2a; stx2c"
"SRR15376146","stx_B",2,4,"Fragmented stx","PPanGGOLiN",90,1,"stx2a; stx2c"
"SRR15376146","stx_A",2,6,"Fragmented stx","PPanGGOLiN",100,1,"stx2a; stx2c"
"SRR15376146","stx_B",2,4,"Fragmented stx","PPanGGOLiN",100,1,"stx2a; stx2c"
"SRR15376146","stx_A",2,6,"Fragmented stx","Panaroo",0,0,"stx2a; stx2c"
"SRR15376146","stx_B",2,4,"Fragmented stx","Panaroo",0,0,"stx2a; stx2c"
"SRR15376146","stx_A",2,6,"Fragmented stx","Panaroo",10,0,"stx2a; stx2c"
"SRR15376146","stx_B",2,4,"Fragmented stx","Panaroo",10,0,"stx2a; stx2c"
"SRR15376146","stx_A",2,6,"Fragmented stx","Panaroo",50,0,"stx2a; stx2c"
"SRR15376146","stx_B",2,4,"Fragmented stx","Panaroo",50,0,"stx2a; stx2c"
"SRR15376146","stx_A",2,6,"Fragmented stx","Panaroo",90,1,"stx2a; stx2c"
"SRR15376146","stx_B",2,4,"Fragmented stx","Panaroo",90,2,"stx2a; stx2c"
"SRR15376146","stx_A",2,6,"Fragmented stx","Panaroo",100,1,"stx2a; stx2c"
"SRR15376146","stx_B",2,4,"Fragmented stx","Panaroo",100,2,"stx2a; stx2c"
"SRR15376146","stx_A",2,6,"Fragmented stx","Roary",0,0,"stx2a; stx2c"
"SRR15376146","stx_B",2,4,"Fragmented stx","Roary",0,0,"stx2a; stx2c"
"SRR15376146","stx_A",2,6,"Fragmented stx","Roary",10,0,"stx2a; stx2c"
"SRR15376146","stx_B",2,4,"Fragmented stx","Roary",10,0,"stx2a; stx2c"
"SRR15376146","stx_A",2,6,"Fragmented stx","Roary",50,0,"stx2a; stx2c"
"SRR15376146","stx_B",2,4,"Fragmented stx","Roary",50,0,"stx2a; stx2c"
"SRR15376146","stx_A",2,6,"Fragmented stx","Roary",90,2,"stx2a; stx2c"
"SRR15376146","stx_B",2,4,"Fragmented stx","Roary",90,1,"stx2a; stx2c"
"SRR15376146","stx_A",2,6,"Fragmented stx","Roary",100,2,"stx2a; stx2c"
"SRR15376146","stx_B",2,4,"Fragmented stx","Roary",100,1,"stx2a; stx2c"
"SRR15376146","stx_A",2,6,"Fragmented stx","ggCaller",0,0,"stx2a; stx2c"
"SRR15376146","stx_B",2,4,"Fragmented stx","ggCaller",0,0,"stx2a; stx2c"
"SRR15376146","stx_A",2,6,"Fragmented stx","ggCaller",10,0,"stx2a; stx2c"
"SRR15376146","stx_B",2,4,"Fragmented stx","ggCaller",10,0,"stx2a; stx2c"
"SRR15376146","stx_A",2,6,"Fragmented stx","ggCaller",50,0,"stx2a; stx2c"
"SRR15376146","stx_B",2,4,"Fragmented stx","ggCaller",50,0,"stx2a; stx2c"
"SRR15376146","stx_A",2,6,"Fragmented stx","ggCaller",90,3,"stx2a; stx2c"
"SRR15376146","stx_B",2,4,"Fragmented stx","ggCaller",90,2,"stx2a; stx2c"
"SRR15376146","stx_A",2,6,"Fragmented stx","ggCaller",100,3,"stx2a; stx2c"
"SRR15376146","stx_B",2,4,"Fragmented stx","ggCaller",100,2,"stx2a; stx2c"
"SRR15376147","stx_A",2,6,"Fragmented stx","BAKTA",0,0,"stx2a; stx2c"
"SRR15376147","stx_B",2,4,"Fragmented stx","BAKTA",0,0,"stx2a; stx2c"
"SRR15376147","stx_A",2,6,"Fragmented stx","BAKTA",100,2,"stx2a; stx2c"
"SRR15376147","stx_B",2,4,"Fragmented stx","BAKTA",100,2,"stx2a; stx2c"
"SRR15376147","stx_A",2,6,"Fragmented stx","PPanGGOLiN",0,0,"stx2a; stx2c"
"SRR15376147","stx_B",2,4,"Fragmented stx","PPanGGOLiN",0,0,"stx2a; stx2c"
"SRR15376147","stx_A",2,6,"Fragmented stx","PPanGGOLiN",10,0,"stx2a; stx2c"
"SRR15376147","stx_B",2,4,"Fragmented stx","PPanGGOLiN",10,0,"stx2a; stx2c"
"SRR15376147","stx_A",2,6,"Fragmented stx","PPanGGOLiN",50,1,"stx2a; stx2c"
"SRR15376147","stx_B",2,4,"Fragmented stx","PPanGGOLiN",50,1,"stx2a; stx2c"
"SRR15376147","stx_A",2,6,"Fragmented stx","PPanGGOLiN",90,1,"stx2a; stx2c"
"SRR15376147","stx_B",2,4,"Fragmented stx","PPanGGOLiN",90,1,"stx2a; stx2c"
"SRR15376147","stx_A",2,6,"Fragmented stx","PPanGGOLiN",100,1,"stx2a; stx2c"
"SRR15376147","stx_B",2,4,"Fragmented stx","PPanGGOLiN",100,1,"stx2a; stx2c"
"SRR15376147","stx_A",2,6,"Fragmented stx","Panaroo",0,0,"stx2a; stx2c"
"SRR15376147","stx_B",2,4,"Fragmented stx","Panaroo",0,0,"stx2a; stx2c"
"SRR15376147","stx_A",2,6,"Fragmented stx","Panaroo",10,0,"stx2a; stx2c"
"SRR15376147","stx_B",2,4,"Fragmented stx","Panaroo",10,0,"stx2a; stx2c"
"SRR15376147","stx_A",2,6,"Fragmented stx","Panaroo",50,1,"stx2a; stx2c"
"SRR15376147","stx_B",2,4,"Fragmented stx","Panaroo",50,2,"stx2a; stx2c"
"SRR15376147","stx_A",2,6,"Fragmented stx","Panaroo",90,1,"stx2a; stx2c"
"SRR15376147","stx_B",2,4,"Fragmented stx","Panaroo",90,2,"stx2a; stx2c"
"SRR15376147","stx_A",2,6,"Fragmented stx","Panaroo",100,1,"stx2a; stx2c"
"SRR15376147","stx_B",2,4,"Fragmented stx","Panaroo",100,2,"stx2a; stx2c"
"SRR15376147","stx_A",2,6,"Fragmented stx","Roary",0,0,"stx2a; stx2c"
"SRR15376147","stx_B",2,4,"Fragmented stx","Roary",0,0,"stx2a; stx2c"
"SRR15376147","stx_A",2,6,"Fragmented stx","Roary",10,0,"stx2a; stx2c"
"SRR15376147","stx_B",2,4,"Fragmented stx","Roary",10,0,"stx2a; stx2c"
"SRR15376147","stx_A",2,6,"Fragmented stx","Roary",50,2,"stx2a; stx2c"
"SRR15376147","stx_B",2,4,"Fragmented stx","Roary",50,1,"stx2a; stx2c"
"SRR15376147","stx_A",2,6,"Fragmented stx","Roary",90,2,"stx2a; stx2c"
"SRR15376147","stx_B",2,4,"Fragmented stx","Roary",90,1,"stx2a; stx2c"
"SRR15376147","stx_A",2,6,"Fragmented stx","Roary",100,2,"stx2a; stx2c"
"SRR15376147","stx_B",2,4,"Fragmented stx","Roary",100,1,"stx2a; stx2c"
"SRR15376147","stx_A",2,6,"Fragmented stx","ggCaller",0,0,"stx2a; stx2c"
"SRR15376147","stx_B",2,4,"Fragmented stx","ggCaller",0,0,"stx2a; stx2c"
"SRR15376147","stx_A",2,6,"Fragmented stx","ggCaller",10,0,"stx2a; stx2c"
"SRR15376147","stx_B",2,4,"Fragmented stx","ggCaller",10,0,"stx2a; stx2c"
"SRR15376147","stx_A",2,6,"Fragmented stx","ggCaller",50,3,"stx2a; stx2c"
"SRR15376147","stx_B",2,4,"Fragmented stx","ggCaller",50,2,"stx2a; stx2c"
"SRR15376147","stx_A",2,6,"Fragmented stx","ggCaller",90,3,"stx2a; stx2c"
"SRR15376147","stx_B",2,4,"Fragmented stx","ggCaller",90,2,"stx2a; stx2c"
"SRR15376147","stx_A",2,6,"Fragmented stx","ggCaller",100,3,"stx2a; stx2c"
"SRR15376147","stx_B",2,4,"Fragmented stx","ggCaller",100,2,"stx2a; stx2c"
"SRR15376149","stx_A",2,6,"Fragmented stx","BAKTA",0,0,"stx2a; stx2c"
"SRR15376149","stx_B",2,4,"Fragmented stx","BAKTA",0,0,"stx2a; stx2c"
"SRR15376149","stx_A",2,6,"Fragmented stx","BAKTA",100,2,"stx2a; stx2c"
"SRR15376149","stx_B",2,4,"Fragmented stx","BAKTA",100,2,"stx2a; stx2c"
"SRR15376149","stx_A",2,6,"Fragmented stx","PPanGGOLiN",0,0,"stx2a; stx2c"
"SRR15376149","stx_B",2,4,"Fragmented stx","PPanGGOLiN",0,0,"stx2a; stx2c"
"SRR15376149","stx_A",2,6,"Fragmented stx","PPanGGOLiN",10,0,"stx2a; stx2c"
"SRR15376149","stx_B",2,4,"Fragmented stx","PPanGGOLiN",10,0,"stx2a; stx2c"
"SRR15376149","stx_A",2,6,"Fragmented stx","PPanGGOLiN",50,0,"stx2a; stx2c"
"SRR15376149","stx_B",2,4,"Fragmented stx","PPanGGOLiN",50,0,"stx2a; stx2c"
"SRR15376149","stx_A",2,6,"Fragmented stx","PPanGGOLiN",90,1,"stx2a; stx2c"
"SRR15376149","stx_B",2,4,"Fragmented stx","PPanGGOLiN",90,1,"stx2a; stx2c"
"SRR15376149","stx_A",2,6,"Fragmented stx","PPanGGOLiN",100,1,"stx2a; stx2c"
"SRR15376149","stx_B",2,4,"Fragmented stx","PPanGGOLiN",100,1,"stx2a; stx2c"
"SRR15376149","stx_A",2,6,"Fragmented stx","Panaroo",0,0,"stx2a; stx2c"
"SRR15376149","stx_B",2,4,"Fragmented stx","Panaroo",0,0,"stx2a; stx2c"
"SRR15376149","stx_A",2,6,"Fragmented stx","Panaroo",10,0,"stx2a; stx2c"
"SRR15376149","stx_B",2,4,"Fragmented stx","Panaroo",10,0,"stx2a; stx2c"
"SRR15376149","stx_A",2,6,"Fragmented stx","Panaroo",50,0,"stx2a; stx2c"
"SRR15376149","stx_B",2,4,"Fragmented stx","Panaroo",50,0,"stx2a; stx2c"
"SRR15376149","stx_A",2,6,"Fragmented stx","Panaroo",90,1,"stx2a; stx2c"
"SRR15376149","stx_B",2,4,"Fragmented stx","Panaroo",90,2,"stx2a; stx2c"
"SRR15376149","stx_A",2,6,"Fragmented stx","Panaroo",100,1,"stx2a; stx2c"
"SRR15376149","stx_B",2,4,"Fragmented stx","Panaroo",100,2,"stx2a; stx2c"
"SRR15376149","stx_A",2,6,"Fragmented stx","Roary",0,0,"stx2a; stx2c"
"SRR15376149","stx_B",2,4,"Fragmented stx","Roary",0,0,"stx2a; stx2c"
"SRR15376149","stx_A",2,6,"Fragmented stx","Roary",10,0,"stx2a; stx2c"
"SRR15376149","stx_B",2,4,"Fragmented stx","Roary",10,0,"stx2a; stx2c"
"SRR15376149","stx_A",2,6,"Fragmented stx","Roary",50,0,"stx2a; stx2c"
"SRR15376149","stx_B",2,4,"Fragmented stx","Roary",50,0,"stx2a; stx2c"
"SRR15376149","stx_A",2,6,"Fragmented stx","Roary",90,2,"stx2a; stx2c"
"SRR15376149","stx_B",2,4,"Fragmented stx","Roary",90,1,"stx2a; stx2c"
"SRR15376149","stx_A",2,6,"Fragmented stx","Roary",100,2,"stx2a; stx2c"
"SRR15376149","stx_B",2,4,"Fragmented stx","Roary",100,1,"stx2a; stx2c"
"SRR15376149","stx_A",2,6,"Fragmented stx","ggCaller",0,0,"stx2a; stx2c"
"SRR15376149","stx_B",2,4,"Fragmented stx","ggCaller",0,0,"stx2a; stx2c"
"SRR15376149","stx_A",2,6,"Fragmented stx","ggCaller",10,0,"stx2a; stx2c"
"SRR15376149","stx_B",2,4,"Fragmented stx","ggCaller",10,0,"stx2a; stx2c"
"SRR15376149","stx_A",2,6,"Fragmented stx","ggCaller",50,0,"stx2a; stx2c"
"SRR15376149","stx_B",2,4,"Fragmented stx","ggCaller",50,0,"stx2a; stx2c"
"SRR15376149","stx_A",2,6,"Fragmented stx","ggCaller",90,3,"stx2a; stx2c"
"SRR15376149","stx_B",2,4,"Fragmented stx","ggCaller",90,2,"stx2a; stx2c"
"SRR15376149","stx_A",2,6,"Fragmented stx","ggCaller",100,3,"stx2a; stx2c"
"SRR15376149","stx_B",2,4,"Fragmented stx","ggCaller",100,2,"stx2a; stx2c"
"SRR15376150","stx_A",2,6,"Fragmented stx","BAKTA",0,0,"stx2a; stx2c"
"SRR15376150","stx_B",2,4,"Fragmented stx","BAKTA",0,0,"stx2a; stx2c"
"SRR15376150","stx_A",2,6,"Fragmented stx","BAKTA",100,2,"stx2a; stx2c"
"SRR15376150","stx_B",2,4,"Fragmented stx","BAKTA",100,2,"stx2a; stx2c"
"SRR15376150","stx_A",2,6,"Fragmented stx","PPanGGOLiN",0,0,"stx2a; stx2c"
"SRR15376150","stx_B",2,4,"Fragmented stx","PPanGGOLiN",0,0,"stx2a; stx2c"
"SRR15376150","stx_A",2,6,"Fragmented stx","PPanGGOLiN",10,0,"stx2a; stx2c"
"SRR15376150","stx_B",2,4,"Fragmented stx","PPanGGOLiN",10,0,"stx2a; stx2c"
"SRR15376150","stx_A",2,6,"Fragmented stx","PPanGGOLiN",50,0,"stx2a; stx2c"
"SRR15376150","stx_B",2,4,"Fragmented stx","PPanGGOLiN",50,0,"stx2a; stx2c"
"SRR15376150","stx_A",2,6,"Fragmented stx","PPanGGOLiN",90,1,"stx2a; stx2c"
"SRR15376150","stx_B",2,4,"Fragmented stx","PPanGGOLiN",90,1,"stx2a; stx2c"
"SRR15376150","stx_A",2,6,"Fragmented stx","PPanGGOLiN",100,1,"stx2a; stx2c"
"SRR15376150","stx_B",2,4,"Fragmented stx","PPanGGOLiN",100,1,"stx2a; stx2c"
"SRR15376150","stx_A",2,6,"Fragmented stx","Panaroo",0,0,"stx2a; stx2c"
"SRR15376150","stx_B",2,4,"Fragmented stx","Panaroo",0,0,"stx2a; stx2c"
"SRR15376150","stx_A",2,6,"Fragmented stx","Panaroo",10,0,"stx2a; stx2c"
"SRR15376150","stx_B",2,4,"Fragmented stx","Panaroo",10,0,"stx2a; stx2c"
"SRR15376150","stx_A",2,6,"Fragmented stx","Panaroo",50,0,"stx2a; stx2c"
"SRR15376150","stx_B",2,4,"Fragmented stx","Panaroo",50,0,"stx2a; stx2c"
"SRR15376150","stx_A",2,6,"Fragmented stx","Panaroo",90,1,"stx2a; stx2c"
"SRR15376150","stx_B",2,4,"Fragmented stx","Panaroo",90,2,"stx2a; stx2c"
"SRR15376150","stx_A",2,6,"Fragmented stx","Panaroo",100,1,"stx2a; stx2c"
"SRR15376150","stx_B",2,4,"Fragmented stx","Panaroo",100,2,"stx2a; stx2c"
"SRR15376150","stx_A",2,6,"Fragmented stx","Roary",0,0,"stx2a; stx2c"
"SRR15376150","stx_B",2,4,"Fragmented stx","Roary",0,0,"stx2a; stx2c"
"SRR15376150","stx_A",2,6,"Fragmented stx","Roary",10,0,"stx2a; stx2c"
"SRR15376150","stx_B",2,4,"Fragmented stx","Roary",10,0,"stx2a; stx2c"
"SRR15376150","stx_A",2,6,"Fragmented stx","Roary",50,0,"stx2a; stx2c"
"SRR15376150","stx_B",2,4,"Fragmented stx","Roary",50,0,"stx2a; stx2c"
"SRR15376150","stx_A",2,6,"Fragmented stx","Roary",90,2,"stx2a; stx2c"
"SRR15376150","stx_B",2,4,"Fragmented stx","Roary",90,1,"stx2a; stx2c"
"SRR15376150","stx_A",2,6,"Fragmented stx","Roary",100,2,"stx2a; stx2c"
"SRR15376150","stx_B",2,4,"Fragmented stx","Roary",100,1,"stx2a; stx2c"
"SRR15376150","stx_A",2,6,"Fragmented stx","ggCaller",0,0,"stx2a; stx2c"
"SRR15376150","stx_B",2,4,"Fragmented stx","ggCaller",0,0,"stx2a; stx2c"
"SRR15376150","stx_A",2,6,"Fragmented stx","ggCaller",10,0,"stx2a; stx2c"
"SRR15376150","stx_B",2,4,"Fragmented stx","ggCaller",10,0,"stx2a; stx2c"
"SRR15376150","stx_A",2,6,"Fragmented stx","ggCaller",50,0,"stx2a; stx2c"
"SRR15376150","stx_B",2,4,"Fragmented stx","ggCaller",50,0,"stx2a; stx2c"
"SRR15376150","stx_A",2,6,"Fragmented stx","ggCaller",90,3,"stx2a; stx2c"
"SRR15376150","stx_B",2,4,"Fragmented stx","ggCaller",90,2,"stx2a; stx2c"
"SRR15376150","stx_A",2,6,"Fragmented stx","ggCaller",100,3,"stx2a; stx2c"
"SRR15376150","stx_B",2,4,"Fragmented stx","ggCaller",100,2,"stx2a; stx2c"
"SRR15376151","stx_A",2,6,"Fragmented stx","BAKTA",0,0,"stx2a; stx2c"
"SRR15376151","stx_B",2,4,"Fragmented stx","BAKTA",0,0,"stx2a; stx2c"
"SRR15376151","stx_A",2,6,"Fragmented stx","BAKTA",100,2,"stx2a; stx2c"
"SRR15376151","stx_B",2,4,"Fragmented stx","BAKTA",100,2,"stx2a; stx2c"
"SRR15376151","stx_A",2,6,"Fragmented stx","PPanGGOLiN",0,0,"stx2a; stx2c"
"SRR15376151","stx_B",2,4,"Fragmented stx","PPanGGOLiN",0,0,"stx2a; stx2c"
"SRR15376151","stx_A",2,6,"Fragmented stx","PPanGGOLiN",10,0,"stx2a; stx2c"
"SRR15376151","stx_B",2,4,"Fragmented stx","PPanGGOLiN",10,0,"stx2a; stx2c"
"SRR15376151","stx_A",2,6,"Fragmented stx","PPanGGOLiN",50,1,"stx2a; stx2c"
"SRR15376151","stx_B",2,4,"Fragmented stx","PPanGGOLiN",50,1,"stx2a; stx2c"
"SRR15376151","stx_A",2,6,"Fragmented stx","PPanGGOLiN",90,1,"stx2a; stx2c"
"SRR15376151","stx_B",2,4,"Fragmented stx","PPanGGOLiN",90,1,"stx2a; stx2c"
"SRR15376151","stx_A",2,6,"Fragmented stx","PPanGGOLiN",100,1,"stx2a; stx2c"
"SRR15376151","stx_B",2,4,"Fragmented stx","PPanGGOLiN",100,1,"stx2a; stx2c"
"SRR15376151","stx_A",2,6,"Fragmented stx","Panaroo",0,0,"stx2a; stx2c"
"SRR15376151","stx_B",2,4,"Fragmented stx","Panaroo",0,0,"stx2a; stx2c"
"SRR15376151","stx_A",2,6,"Fragmented stx","Panaroo",10,0,"stx2a; stx2c"
"SRR15376151","stx_B",2,4,"Fragmented stx","Panaroo",10,0,"stx2a; stx2c"
"SRR15376151","stx_A",2,6,"Fragmented stx","Panaroo",50,1,"stx2a; stx2c"
"SRR15376151","stx_B",2,4,"Fragmented stx","Panaroo",50,2,"stx2a; stx2c"
"SRR15376151","stx_A",2,6,"Fragmented stx","Panaroo",90,1,"stx2a; stx2c"
"SRR15376151","stx_B",2,4,"Fragmented stx","Panaroo",90,2,"stx2a; stx2c"
"SRR15376151","stx_A",2,6,"Fragmented stx","Panaroo",100,1,"stx2a; stx2c"
"SRR15376151","stx_B",2,4,"Fragmented stx","Panaroo",100,2,"stx2a; stx2c"
"SRR15376151","stx_A",2,6,"Fragmented stx","Roary",0,0,"stx2a; stx2c"
"SRR15376151","stx_B",2,4,"Fragmented stx","Roary",0,0,"stx2a; stx2c"
"SRR15376151","stx_A",2,6,"Fragmented stx","Roary",10,0,"stx2a; stx2c"
"SRR15376151","stx_B",2,4,"Fragmented stx","Roary",10,0,"stx2a; stx2c"
"SRR15376151","stx_A",2,6,"Fragmented stx","Roary",50,2,"stx2a; stx2c"
"SRR15376151","stx_B",2,4,"Fragmented stx","Roary",50,1,"stx2a; stx2c"
"SRR15376151","stx_A",2,6,"Fragmented stx","Roary",90,2,"stx2a; stx2c"
"SRR15376151","stx_B",2,4,"Fragmented stx","Roary",90,1,"stx2a; stx2c"
"SRR15376151","stx_A",2,6,"Fragmented stx","Roary",100,2,"stx2a; stx2c"
"SRR15376151","stx_B",2,4,"Fragmented stx","Roary",100,1,"stx2a; stx2c"
"SRR15376151","stx_A",2,6,"Fragmented stx","ggCaller",0,0,"stx2a; stx2c"
"SRR15376151","stx_B",2,4,"Fragmented stx","ggCaller",0,0,"stx2a; stx2c"
"SRR15376151","stx_A",2,6,"Fragmented stx","ggCaller",10,0,"stx2a; stx2c"
"SRR15376151","stx_B",2,4,"Fragmented stx","ggCaller",10,0,"stx2a; stx2c"
"SRR15376151","stx_A",2,6,"Fragmented stx","ggCaller",50,3,"stx2a; stx2c"
"SRR15376151","stx_B",2,4,"Fragmented stx","ggCaller",50,2,"stx2a; stx2c"
"SRR15376151","stx_A",2,6,"Fragmented stx","ggCaller",90,3,"stx2a; stx2c"
"SRR15376151","stx_B",2,4,"Fragmented stx","ggCaller",90,2,"stx2a; stx2c"
"SRR15376151","stx_A",2,6,"Fragmented stx","ggCaller",100,3,"stx2a; stx2c"
"SRR15376151","stx_B",2,4,"Fragmented stx","ggCaller",100,2,"stx2a; stx2c"
"SRR15376152","stx_A",2,3,"Fragmented stx","BAKTA",0,1,"stx2a; stx2a"
"SRR15376152","stx_B",2,1,"Collapsed stx","BAKTA",0,1,"stx2a; stx2a"
"SRR15376152","stx_A",2,3,"Fragmented stx","BAKTA",100,2,"stx2a; stx2a"
"SRR15376152","stx_B",2,1,"Collapsed stx","BAKTA",100,2,"stx2a; stx2a"
"SRR15376152","stx_A",2,3,"Fragmented stx","PPanGGOLiN",0,1,"stx2a; stx2a"
"SRR15376152","stx_B",2,1,"Collapsed stx","PPanGGOLiN",0,1,"stx2a; stx2a"
"SRR15376152","stx_A",2,3,"Fragmented stx","PPanGGOLiN",10,1,"stx2a; stx2a"
"SRR15376152","stx_B",2,1,"Collapsed stx","PPanGGOLiN",10,1,"stx2a; stx2a"
"SRR15376152","stx_A",2,3,"Fragmented stx","PPanGGOLiN",50,1,"stx2a; stx2a"
"SRR15376152","stx_B",2,1,"Collapsed stx","PPanGGOLiN",50,1,"stx2a; stx2a"
"SRR15376152","stx_A",2,3,"Fragmented stx","PPanGGOLiN",90,1,"stx2a; stx2a"
"SRR15376152","stx_B",2,1,"Collapsed stx","PPanGGOLiN",90,1,"stx2a; stx2a"
"SRR15376152","stx_A",2,3,"Fragmented stx","PPanGGOLiN",100,1,"stx2a; stx2a"
"SRR15376152","stx_B",2,1,"Collapsed stx","PPanGGOLiN",100,1,"stx2a; stx2a"
"SRR15376152","stx_A",2,3,"Fragmented stx","Panaroo",0,1,"stx2a; stx2a"
"SRR15376152","stx_B",2,1,"Collapsed stx","Panaroo",0,1,"stx2a; stx2a"
"SRR15376152","stx_A",2,3,"Fragmented stx","Panaroo",10,1,"stx2a; stx2a"
"SRR15376152","stx_B",2,1,"Collapsed stx","Panaroo",10,1,"stx2a; stx2a"
"SRR15376152","stx_A",2,3,"Fragmented stx","Panaroo",50,1,"stx2a; stx2a"
"SRR15376152","stx_B",2,1,"Collapsed stx","Panaroo",50,1,"stx2a; stx2a"
"SRR15376152","stx_A",2,3,"Fragmented stx","Panaroo",90,1,"stx2a; stx2a"
"SRR15376152","stx_B",2,1,"Collapsed stx","Panaroo",90,1,"stx2a; stx2a"
"SRR15376152","stx_A",2,3,"Fragmented stx","Panaroo",100,1,"stx2a; stx2a"
"SRR15376152","stx_B",2,1,"Collapsed stx","Panaroo",100,1,"stx2a; stx2a"
"SRR15376152","stx_A",2,3,"Fragmented stx","Roary",0,1,"stx2a; stx2a"
"SRR15376152","stx_B",2,1,"Collapsed stx","Roary",0,1,"stx2a; stx2a"
"SRR15376152","stx_A",2,3,"Fragmented stx","Roary",10,1,"stx2a; stx2a"
"SRR15376152","stx_B",2,1,"Collapsed stx","Roary",10,1,"stx2a; stx2a"
"SRR15376152","stx_A",2,3,"Fragmented stx","Roary",50,2,"stx2a; stx2a"
"SRR15376152","stx_B",2,1,"Collapsed stx","Roary",50,1,"stx2a; stx2a"
"SRR15376152","stx_A",2,3,"Fragmented stx","Roary",90,2,"stx2a; stx2a"
"SRR15376152","stx_B",2,1,"Collapsed stx","Roary",90,1,"stx2a; stx2a"
"SRR15376152","stx_A",2,3,"Fragmented stx","Roary",100,2,"stx2a; stx2a"
"SRR15376152","stx_B",2,1,"Collapsed stx","Roary",100,1,"stx2a; stx2a"
"SRR15376152","stx_A",2,3,"Fragmented stx","ggCaller",0,1,"stx2a; stx2a"
"SRR15376152","stx_B",2,1,"Collapsed stx","ggCaller",0,1,"stx2a; stx2a"
"SRR15376152","stx_A",2,3,"Fragmented stx","ggCaller",10,1,"stx2a; stx2a"
"SRR15376152","stx_B",2,1,"Collapsed stx","ggCaller",10,1,"stx2a; stx2a"
"SRR15376152","stx_A",2,3,"Fragmented stx","ggCaller",50,3,"stx2a; stx2a"
"SRR15376152","stx_B",2,1,"Collapsed stx","ggCaller",50,1,"stx2a; stx2a"
"SRR15376152","stx_A",2,3,"Fragmented stx","ggCaller",90,3,"stx2a; stx2a"
"SRR15376152","stx_B",2,1,"Collapsed stx","ggCaller",90,1,"stx2a; stx2a"
"SRR15376152","stx_A",2,3,"Fragmented stx","ggCaller",100,3,"stx2a; stx2a"
"SRR15376152","stx_B",2,1,"Collapsed stx","ggCaller",100,1,"stx2a; stx2a"
"SRR15376153","stx_A",2,6,"Fragmented stx","BAKTA",0,0,"stx2a; stx2c"
"SRR15376153","stx_B",2,4,"Fragmented stx","BAKTA",0,0,"stx2a; stx2c"
"SRR15376153","stx_A",2,6,"Fragmented stx","BAKTA",100,2,"stx2a; stx2c"
"SRR15376153","stx_B",2,4,"Fragmented stx","BAKTA",100,2,"stx2a; stx2c"
"SRR15376153","stx_A",2,6,"Fragmented stx","PPanGGOLiN",0,0,"stx2a; stx2c"
"SRR15376153","stx_B",2,4,"Fragmented stx","PPanGGOLiN",0,0,"stx2a; stx2c"
"SRR15376153","stx_A",2,6,"Fragmented stx","PPanGGOLiN",10,0,"stx2a; stx2c"
"SRR15376153","stx_B",2,4,"Fragmented stx","PPanGGOLiN",10,0,"stx2a; stx2c"
"SRR15376153","stx_A",2,6,"Fragmented stx","PPanGGOLiN",50,1,"stx2a; stx2c"
"SRR15376153","stx_B",2,4,"Fragmented stx","PPanGGOLiN",50,1,"stx2a; stx2c"
"SRR15376153","stx_A",2,6,"Fragmented stx","PPanGGOLiN",90,1,"stx2a; stx2c"
"SRR15376153","stx_B",2,4,"Fragmented stx","PPanGGOLiN",90,1,"stx2a; stx2c"
"SRR15376153","stx_A",2,6,"Fragmented stx","PPanGGOLiN",100,1,"stx2a; stx2c"
"SRR15376153","stx_B",2,4,"Fragmented stx","PPanGGOLiN",100,1,"stx2a; stx2c"
"SRR15376153","stx_A",2,6,"Fragmented stx","Panaroo",0,0,"stx2a; stx2c"
"SRR15376153","stx_B",2,4,"Fragmented stx","Panaroo",0,0,"stx2a; stx2c"
"SRR15376153","stx_A",2,6,"Fragmented stx","Panaroo",10,0,"stx2a; stx2c"
"SRR15376153","stx_B",2,4,"Fragmented stx","Panaroo",10,0,"stx2a; stx2c"
"SRR15376153","stx_A",2,6,"Fragmented stx","Panaroo",50,1,"stx2a; stx2c"
"SRR15376153","stx_B",2,4,"Fragmented stx","Panaroo",50,2,"stx2a; stx2c"
"SRR15376153","stx_A",2,6,"Fragmented stx","Panaroo",90,1,"stx2a; stx2c"
"SRR15376153","stx_B",2,4,"Fragmented stx","Panaroo",90,2,"stx2a; stx2c"
"SRR15376153","stx_A",2,6,"Fragmented stx","Panaroo",100,1,"stx2a; stx2c"
"SRR15376153","stx_B",2,4,"Fragmented stx","Panaroo",100,2,"stx2a; stx2c"
"SRR15376153","stx_A",2,6,"Fragmented stx","Roary",0,0,"stx2a; stx2c"
"SRR15376153","stx_B",2,4,"Fragmented stx","Roary",0,0,"stx2a; stx2c"
"SRR15376153","stx_A",2,6,"Fragmented stx","Roary",10,0,"stx2a; stx2c"
"SRR15376153","stx_B",2,4,"Fragmented stx","Roary",10,0,"stx2a; stx2c"
"SRR15376153","stx_A",2,6,"Fragmented stx","Roary",50,2,"stx2a; stx2c"
"SRR15376153","stx_B",2,4,"Fragmented stx","Roary",50,1,"stx2a; stx2c"
"SRR15376153","stx_A",2,6,"Fragmented stx","Roary",90,2,"stx2a; stx2c"
"SRR15376153","stx_B",2,4,"Fragmented stx","Roary",90,1,"stx2a; stx2c"
"SRR15376153","stx_A",2,6,"Fragmented stx","Roary",100,2,"stx2a; stx2c"
"SRR15376153","stx_B",2,4,"Fragmented stx","Roary",100,1,"stx2a; stx2c"
"SRR15376153","stx_A",2,6,"Fragmented stx","ggCaller",0,0,"stx2a; stx2c"
"SRR15376153","stx_B",2,4,"Fragmented stx","ggCaller",0,0,"stx2a; stx2c"
"SRR15376153","stx_A",2,6,"Fragmented stx","ggCaller",10,0,"stx2a; stx2c"
"SRR15376153","stx_B",2,4,"Fragmented stx","ggCaller",10,0,"stx2a; stx2c"
"SRR15376153","stx_A",2,6,"Fragmented stx","ggCaller",50,3,"stx2a; stx2c"
"SRR15376153","stx_B",2,4,"Fragmented stx","ggCaller",50,2,"stx2a; stx2c"
"SRR15376153","stx_A",2,6,"Fragmented stx","ggCaller",90,3,"stx2a; stx2c"
"SRR15376153","stx_B",2,4,"Fragmented stx","ggCaller",90,2,"stx2a; stx2c"
"SRR15376153","stx_A",2,6,"Fragmented stx","ggCaller",100,3,"stx2a; stx2c"
"SRR15376153","stx_B",2,4,"Fragmented stx","ggCaller",100,2,"stx2a; stx2c"
"SRR15376154","stx_A",2,6,"Fragmented stx","BAKTA",0,0,"stx2a; stx2c"
"SRR15376154","stx_B",2,4,"Fragmented stx","BAKTA",0,0,"stx2a; stx2c"
"SRR15376154","stx_A",2,6,"Fragmented stx","BAKTA",100,2,"stx2a; stx2c"
"SRR15376154","stx_B",2,4,"Fragmented stx","BAKTA",100,2,"stx2a; stx2c"
"SRR15376154","stx_A",2,6,"Fragmented stx","PPanGGOLiN",0,0,"stx2a; stx2c"
"SRR15376154","stx_B",2,4,"Fragmented stx","PPanGGOLiN",0,0,"stx2a; stx2c"
"SRR15376154","stx_A",2,6,"Fragmented stx","PPanGGOLiN",10,0,"stx2a; stx2c"
"SRR15376154","stx_B",2,4,"Fragmented stx","PPanGGOLiN",10,0,"stx2a; stx2c"
"SRR15376154","stx_A",2,6,"Fragmented stx","PPanGGOLiN",50,1,"stx2a; stx2c"
"SRR15376154","stx_B",2,4,"Fragmented stx","PPanGGOLiN",50,1,"stx2a; stx2c"
"SRR15376154","stx_A",2,6,"Fragmented stx","PPanGGOLiN",90,1,"stx2a; stx2c"
"SRR15376154","stx_B",2,4,"Fragmented stx","PPanGGOLiN",90,1,"stx2a; stx2c"
"SRR15376154","stx_A",2,6,"Fragmented stx","PPanGGOLiN",100,1,"stx2a; stx2c"
"SRR15376154","stx_B",2,4,"Fragmented stx","PPanGGOLiN",100,1,"stx2a; stx2c"
"SRR15376154","stx_A",2,6,"Fragmented stx","Panaroo",0,0,"stx2a; stx2c"
"SRR15376154","stx_B",2,4,"Fragmented stx","Panaroo",0,0,"stx2a; stx2c"
"SRR15376154","stx_A",2,6,"Fragmented stx","Panaroo",10,0,"stx2a; stx2c"
"SRR15376154","stx_B",2,4,"Fragmented stx","Panaroo",10,0,"stx2a; stx2c"
"SRR15376154","stx_A",2,6,"Fragmented stx","Panaroo",50,1,"stx2a; stx2c"
"SRR15376154","stx_B",2,4,"Fragmented stx","Panaroo",50,2,"stx2a; stx2c"
"SRR15376154","stx_A",2,6,"Fragmented stx","Panaroo",90,1,"stx2a; stx2c"
"SRR15376154","stx_B",2,4,"Fragmented stx","Panaroo",90,2,"stx2a; stx2c"
"SRR15376154","stx_A",2,6,"Fragmented stx","Panaroo",100,1,"stx2a; stx2c"
"SRR15376154","stx_B",2,4,"Fragmented stx","Panaroo",100,2,"stx2a; stx2c"
"SRR15376154","stx_A",2,6,"Fragmented stx","Roary",0,0,"stx2a; stx2c"
"SRR15376154","stx_B",2,4,"Fragmented stx","Roary",0,0,"stx2a; stx2c"
"SRR15376154","stx_A",2,6,"Fragmented stx","Roary",10,0,"stx2a; stx2c"
"SRR15376154","stx_B",2,4,"Fragmented stx","Roary",10,0,"stx2a; stx2c"
"SRR15376154","stx_A",2,6,"Fragmented stx","Roary",50,2,"stx2a; stx2c"
"SRR15376154","stx_B",2,4,"Fragmented stx","Roary",50,1,"stx2a; stx2c"
"SRR15376154","stx_A",2,6,"Fragmented stx","Roary",90,2,"stx2a; stx2c"
"SRR15376154","stx_B",2,4,"Fragmented stx","Roary",90,1,"stx2a; stx2c"
"SRR15376154","stx_A",2,6,"Fragmented stx","Roary",100,2,"stx2a; stx2c"
"SRR15376154","stx_B",2,4,"Fragmented stx","Roary",100,1,"stx2a; stx2c"
"SRR15376154","stx_A",2,6,"Fragmented stx","ggCaller",0,0,"stx2a; stx2c"
"SRR15376154","stx_B",2,4,"Fragmented stx","ggCaller",0,0,"stx2a; stx2c"
"SRR15376154","stx_A",2,6,"Fragmented stx","ggCaller",10,0,"stx2a; stx2c"
"SRR15376154","stx_B",2,4,"Fragmented stx","ggCaller",10,0,"stx2a; stx2c"
"SRR15376154","stx_A",2,6,"Fragmented stx","ggCaller",50,3,"stx2a; stx2c"
"SRR15376154","stx_B",2,4,"Fragmented stx","ggCaller",50,2,"stx2a; stx2c"
"SRR15376154","stx_A",2,6,"Fragmented stx","ggCaller",90,3,"stx2a; stx2c"
"SRR15376154","stx_B",2,4,"Fragmented stx","ggCaller",90,2,"stx2a; stx2c"
"SRR15376154","stx_A",2,6,"Fragmented stx","ggCaller",100,3,"stx2a; stx2c"
"SRR15376154","stx_B",2,4,"Fragmented stx","ggCaller",100,2,"stx2a; stx2c"
"SRR15415532","stx_A",2,2,"Complete stx","BAKTA",0,2,"stx1a; stx2c"
"SRR15415532","stx_B",2,2,"Complete stx","BAKTA",0,2,"stx1a; stx2c"
"SRR15415532","stx_A",2,2,"Complete stx","BAKTA",100,2,"stx1a; stx2c"
"SRR15415532","stx_B",2,2,"Complete stx","BAKTA",100,2,"stx1a; stx2c"
"SRR15415532","stx_A",2,2,"Complete stx","PPanGGOLiN",0,2,"stx1a; stx2c"
"SRR15415532","stx_B",2,2,"Complete stx","PPanGGOLiN",0,2,"stx1a; stx2c"
"SRR15415532","stx_A",2,2,"Complete stx","PPanGGOLiN",10,2,"stx1a; stx2c"
"SRR15415532","stx_B",2,2,"Complete stx","PPanGGOLiN",10,2,"stx1a; stx2c"
"SRR15415532","stx_A",2,2,"Complete stx","PPanGGOLiN",50,2,"stx1a; stx2c"
"SRR15415532","stx_B",2,2,"Complete stx","PPanGGOLiN",50,2,"stx1a; stx2c"
"SRR15415532","stx_A",2,2,"Complete stx","PPanGGOLiN",90,2,"stx1a; stx2c"
"SRR15415532","stx_B",2,2,"Complete stx","PPanGGOLiN",90,2,"stx1a; stx2c"
"SRR15415532","stx_A",2,2,"Complete stx","PPanGGOLiN",100,2,"stx1a; stx2c"
"SRR15415532","stx_B",2,2,"Complete stx","PPanGGOLiN",100,2,"stx1a; stx2c"
"SRR15415532","stx_A",2,2,"Complete stx","Panaroo",0,2,"stx1a; stx2c"
"SRR15415532","stx_B",2,2,"Complete stx","Panaroo",0,2,"stx1a; stx2c"
"SRR15415532","stx_A",2,2,"Complete stx","Panaroo",10,2,"stx1a; stx2c"
"SRR15415532","stx_B",2,2,"Complete stx","Panaroo",10,2,"stx1a; stx2c"
"SRR15415532","stx_A",2,2,"Complete stx","Panaroo",50,2,"stx1a; stx2c"
"SRR15415532","stx_B",2,2,"Complete stx","Panaroo",50,2,"stx1a; stx2c"
"SRR15415532","stx_A",2,2,"Complete stx","Panaroo",90,2,"stx1a; stx2c"
"SRR15415532","stx_B",2,2,"Complete stx","Panaroo",90,2,"stx1a; stx2c"
"SRR15415532","stx_A",2,2,"Complete stx","Panaroo",100,2,"stx1a; stx2c"
"SRR15415532","stx_B",2,2,"Complete stx","Panaroo",100,2,"stx1a; stx2c"
"SRR15415532","stx_A",2,2,"Complete stx","Roary",0,1,"stx1a; stx2c"
"SRR15415532","stx_B",2,2,"Complete stx","Roary",0,1,"stx1a; stx2c"
"SRR15415532","stx_A",2,2,"Complete stx","Roary",10,1,"stx1a; stx2c"
"SRR15415532","stx_B",2,2,"Complete stx","Roary",10,1,"stx1a; stx2c"
"SRR15415532","stx_A",2,2,"Complete stx","Roary",50,1,"stx1a; stx2c"
"SRR15415532","stx_B",2,2,"Complete stx","Roary",50,1,"stx1a; stx2c"
"SRR15415532","stx_A",2,2,"Complete stx","Roary",90,1,"stx1a; stx2c"
"SRR15415532","stx_B",2,2,"Complete stx","Roary",90,1,"stx1a; stx2c"
"SRR15415532","stx_A",2,2,"Complete stx","Roary",100,1,"stx1a; stx2c"
"SRR15415532","stx_B",2,2,"Complete stx","Roary",100,1,"stx1a; stx2c"
"SRR15415532","stx_A",2,2,"Complete stx","ggCaller",0,3,"stx1a; stx2c"
"SRR15415532","stx_B",2,2,"Complete stx","ggCaller",0,2,"stx1a; stx2c"
"SRR15415532","stx_A",2,2,"Complete stx","ggCaller",10,3,"stx1a; stx2c"
"SRR15415532","stx_B",2,2,"Complete stx","ggCaller",10,2,"stx1a; stx2c"
"SRR15415532","stx_A",2,2,"Complete stx","ggCaller",50,4,"stx1a; stx2c"
"SRR15415532","stx_B",2,2,"Complete stx","ggCaller",50,2,"stx1a; stx2c"
"SRR15415532","stx_A",2,2,"Complete stx","ggCaller",90,4,"stx1a; stx2c"
"SRR15415532","stx_B",2,2,"Complete stx","ggCaller",90,2,"stx1a; stx2c"
"SRR15415532","stx_A",2,2,"Complete stx","ggCaller",100,4,"stx1a; stx2c"
"SRR15415532","stx_B",2,2,"Complete stx","ggCaller",100,2,"stx1a; stx2c"
"SRR15415538","stx_A",2,2,"Complete stx","BAKTA",0,2,"stx1a; stx2c"
"SRR15415538","stx_B",2,2,"Complete stx","BAKTA",0,2,"stx1a; stx2c"
"SRR15415538","stx_A",2,2,"Complete stx","BAKTA",100,2,"stx1a; stx2c"
"SRR15415538","stx_B",2,2,"Complete stx","BAKTA",100,2,"stx1a; stx2c"
"SRR15415538","stx_A",2,2,"Complete stx","PPanGGOLiN",0,2,"stx1a; stx2c"
"SRR15415538","stx_B",2,2,"Complete stx","PPanGGOLiN",0,2,"stx1a; stx2c"
"SRR15415538","stx_A",2,2,"Complete stx","PPanGGOLiN",10,2,"stx1a; stx2c"
"SRR15415538","stx_B",2,2,"Complete stx","PPanGGOLiN",10,2,"stx1a; stx2c"
"SRR15415538","stx_A",2,2,"Complete stx","PPanGGOLiN",50,2,"stx1a; stx2c"
"SRR15415538","stx_B",2,2,"Complete stx","PPanGGOLiN",50,2,"stx1a; stx2c"
"SRR15415538","stx_A",2,2,"Complete stx","PPanGGOLiN",90,2,"stx1a; stx2c"
"SRR15415538","stx_B",2,2,"Complete stx","PPanGGOLiN",90,2,"stx1a; stx2c"
"SRR15415538","stx_A",2,2,"Complete stx","PPanGGOLiN",100,2,"stx1a; stx2c"
"SRR15415538","stx_B",2,2,"Complete stx","PPanGGOLiN",100,2,"stx1a; stx2c"
"SRR15415538","stx_A",2,2,"Complete stx","Panaroo",0,2,"stx1a; stx2c"
"SRR15415538","stx_B",2,2,"Complete stx","Panaroo",0,2,"stx1a; stx2c"
"SRR15415538","stx_A",2,2,"Complete stx","Panaroo",10,2,"stx1a; stx2c"
"SRR15415538","stx_B",2,2,"Complete stx","Panaroo",10,2,"stx1a; stx2c"
"SRR15415538","stx_A",2,2,"Complete stx","Panaroo",50,2,"stx1a; stx2c"
"SRR15415538","stx_B",2,2,"Complete stx","Panaroo",50,2,"stx1a; stx2c"
"SRR15415538","stx_A",2,2,"Complete stx","Panaroo",90,2,"stx1a; stx2c"
"SRR15415538","stx_B",2,2,"Complete stx","Panaroo",90,2,"stx1a; stx2c"
"SRR15415538","stx_A",2,2,"Complete stx","Panaroo",100,2,"stx1a; stx2c"
"SRR15415538","stx_B",2,2,"Complete stx","Panaroo",100,2,"stx1a; stx2c"
"SRR15415538","stx_A",2,2,"Complete stx","Roary",0,1,"stx1a; stx2c"
"SRR15415538","stx_B",2,2,"Complete stx","Roary",0,1,"stx1a; stx2c"
"SRR15415538","stx_A",2,2,"Complete stx","Roary",10,1,"stx1a; stx2c"
"SRR15415538","stx_B",2,2,"Complete stx","Roary",10,1,"stx1a; stx2c"
"SRR15415538","stx_A",2,2,"Complete stx","Roary",50,1,"stx1a; stx2c"
"SRR15415538","stx_B",2,2,"Complete stx","Roary",50,1,"stx1a; stx2c"
"SRR15415538","stx_A",2,2,"Complete stx","Roary",90,1,"stx1a; stx2c"
"SRR15415538","stx_B",2,2,"Complete stx","Roary",90,1,"stx1a; stx2c"
"SRR15415538","stx_A",2,2,"Complete stx","Roary",100,1,"stx1a; stx2c"
"SRR15415538","stx_B",2,2,"Complete stx","Roary",100,1,"stx1a; stx2c"
"SRR15415538","stx_A",2,2,"Complete stx","ggCaller",0,3,"stx1a; stx2c"
"SRR15415538","stx_B",2,2,"Complete stx","ggCaller",0,2,"stx1a; stx2c"
"SRR15415538","stx_A",2,2,"Complete stx","ggCaller",10,3,"stx1a; stx2c"
"SRR15415538","stx_B",2,2,"Complete stx","ggCaller",10,2,"stx1a; stx2c"
"SRR15415538","stx_A",2,2,"Complete stx","ggCaller",50,4,"stx1a; stx2c"
"SRR15415538","stx_B",2,2,"Complete stx","ggCaller",50,2,"stx1a; stx2c"
"SRR15415538","stx_A",2,2,"Complete stx","ggCaller",90,4,"stx1a; stx2c"
"SRR15415538","stx_B",2,2,"Complete stx","ggCaller",90,2,"stx1a; stx2c"
"SRR15415538","stx_A",2,2,"Complete stx","ggCaller",100,4,"stx1a; stx2c"
"SRR15415538","stx_B",2,2,"Complete stx","ggCaller",100,2,"stx1a; stx2c"
"SRR15415539","stx_A",3,9,"Fragmented stx","BAKTA",0,1,"stx1a; stx2a; stx2d"
"SRR15415539","stx_A",3,9,"Fragmented stx","BAKTA",0,1,"stx1a; stx2a; stx2d"
"SRR15415539","stx_A",3,9,"Fragmented stx","BAKTA",0,1,"stx1a; stx2a; stx2d"
"SRR15415539","stx_A",3,9,"Fragmented stx","BAKTA",0,1,"stx1a; stx2a; stx2d"
"SRR15415539","stx_A",3,9,"Fragmented stx","BAKTA",0,1,"stx1a; stx2a; stx2d"
"SRR15415539","stx_A",3,9,"Fragmented stx","BAKTA",0,1,"stx1a; stx2a; stx2d"
"SRR15415539","stx_A",3,9,"Fragmented stx","BAKTA",0,1,"stx1a; stx2a; stx2d"
"SRR15415539","stx_A",3,9,"Fragmented stx","BAKTA",0,1,"stx1a; stx2a; stx2d"
"SRR15415539","stx_B",3,4,"Fragmented stx","BAKTA",0,1,"stx1a; stx2a; stx2d"
"SRR15415539","stx_B",3,4,"Fragmented stx","BAKTA",0,1,"stx1a; stx2a; stx2d"
"SRR15415539","stx_B",3,4,"Fragmented stx","BAKTA",0,1,"stx1a; stx2a; stx2d"
"SRR15415539","stx_B",3,4,"Fragmented stx","BAKTA",0,1,"stx1a; stx2a; stx2d"
"SRR15415539","stx_B",3,4,"Fragmented stx","BAKTA",0,1,"stx1a; stx2a; stx2d"
"SRR15415539","stx_B",3,4,"Fragmented stx","BAKTA",0,1,"stx1a; stx2a; stx2d"
"SRR15415539","stx_B",3,4,"Fragmented stx","BAKTA",0,1,"stx1a; stx2a; stx2d"
"SRR15415539","stx_B",3,4,"Fragmented stx","BAKTA",0,1,"stx1a; stx2a; stx2d"
"SRR15415539","stx_A",3,9,"Fragmented stx","BAKTA",100,3,"stx1a; stx2a; stx2d"
"SRR15415539","stx_A",3,9,"Fragmented stx","BAKTA",100,3,"stx1a; stx2a; stx2d"
"SRR15415539","stx_A",3,9,"Fragmented stx","BAKTA",100,3,"stx1a; stx2a; stx2d"
"SRR15415539","stx_A",3,9,"Fragmented stx","BAKTA",100,3,"stx1a; stx2a; stx2d"
"SRR15415539","stx_A",3,9,"Fragmented stx","BAKTA",100,3,"stx1a; stx2a; stx2d"
"SRR15415539","stx_A",3,9,"Fragmented stx","BAKTA",100,3,"stx1a; stx2a; stx2d"
"SRR15415539","stx_A",3,9,"Fragmented stx","BAKTA",100,3,"stx1a; stx2a; stx2d"
"SRR15415539","stx_A",3,9,"Fragmented stx","BAKTA",100,3,"stx1a; stx2a; stx2d"
"SRR15415539","stx_B",3,4,"Fragmented stx","BAKTA",100,3,"stx1a; stx2a; stx2d"
"SRR15415539","stx_B",3,4,"Fragmented stx","BAKTA",100,3,"stx1a; stx2a; stx2d"
"SRR15415539","stx_B",3,4,"Fragmented stx","BAKTA",100,3,"stx1a; stx2a; stx2d"
"SRR15415539","stx_B",3,4,"Fragmented stx","BAKTA",100,3,"stx1a; stx2a; stx2d"
"SRR15415539","stx_B",3,4,"Fragmented stx","BAKTA",100,3,"stx1a; stx2a; stx2d"
"SRR15415539","stx_B",3,4,"Fragmented stx","BAKTA",100,3,"stx1a; stx2a; stx2d"
"SRR15415539","stx_B",3,4,"Fragmented stx","BAKTA",100,3,"stx1a; stx2a; stx2d"
"SRR15415539","stx_B",3,4,"Fragmented stx","BAKTA",100,3,"stx1a; stx2a; stx2d"
"SRR15415539","stx_A",3,9,"Fragmented stx","PPanGGOLiN",0,1,"stx1a; stx2a; stx2d"
"SRR15415539","stx_A",3,9,"Fragmented stx","PPanGGOLiN",0,1,"stx1a; stx2a; stx2d"
"SRR15415539","stx_A",3,9,"Fragmented stx","PPanGGOLiN",0,1,"stx1a; stx2a; stx2d"
"SRR15415539","stx_A",3,9,"Fragmented stx","PPanGGOLiN",0,1,"stx1a; stx2a; stx2d"
"SRR15415539","stx_A",3,9,"Fragmented stx","PPanGGOLiN",0,1,"stx1a; stx2a; stx2d"
"SRR15415539","stx_A",3,9,"Fragmented stx","PPanGGOLiN",0,1,"stx1a; stx2a; stx2d"
"SRR15415539","stx_A",3,9,"Fragmented stx","PPanGGOLiN",0,1,"stx1a; stx2a; stx2d"
"SRR15415539","stx_A",3,9,"Fragmented stx","PPanGGOLiN",0,1,"stx1a; stx2a; stx2d"
"SRR15415539","stx_B",3,4,"Fragmented stx","PPanGGOLiN",0,1,"stx1a; stx2a; stx2d"
"SRR15415539","stx_B",3,4,"Fragmented stx","PPanGGOLiN",0,1,"stx1a; stx2a; stx2d"
"SRR15415539","stx_B",3,4,"Fragmented stx","PPanGGOLiN",0,1,"stx1a; stx2a; stx2d"
"SRR15415539","stx_B",3,4,"Fragmented stx","PPanGGOLiN",0,1,"stx1a; stx2a; stx2d"
"SRR15415539","stx_B",3,4,"Fragmented stx","PPanGGOLiN",0,1,"stx1a; stx2a; stx2d"
"SRR15415539","stx_B",3,4,"Fragmented stx","PPanGGOLiN",0,1,"stx1a; stx2a; stx2d"
"SRR15415539","stx_B",3,4,"Fragmented stx","PPanGGOLiN",0,1,"stx1a; stx2a; stx2d"
"SRR15415539","stx_B",3,4,"Fragmented stx","PPanGGOLiN",0,1,"stx1a; stx2a; stx2d"
"SRR15415539","stx_A",3,9,"Fragmented stx","PPanGGOLiN",10,1,"stx1a; stx2a; stx2d"
"SRR15415539","stx_A",3,9,"Fragmented stx","PPanGGOLiN",10,1,"stx1a; stx2a; stx2d"
"SRR15415539","stx_A",3,9,"Fragmented stx","PPanGGOLiN",10,1,"stx1a; stx2a; stx2d"
"SRR15415539","stx_A",3,9,"Fragmented stx","PPanGGOLiN",10,1,"stx1a; stx2a; stx2d"
"SRR15415539","stx_A",3,9,"Fragmented stx","PPanGGOLiN",10,1,"stx1a; stx2a; stx2d"
"SRR15415539","stx_A",3,9,"Fragmented stx","PPanGGOLiN",10,1,"stx1a; stx2a; stx2d"
"SRR15415539","stx_A",3,9,"Fragmented stx","PPanGGOLiN",10,1,"stx1a; stx2a; stx2d"
"SRR15415539","stx_A",3,9,"Fragmented stx","PPanGGOLiN",10,1,"stx1a; stx2a; stx2d"
"SRR15415539","stx_B",3,4,"Fragmented stx","PPanGGOLiN",10,1,"stx1a; stx2a; stx2d"
"SRR15415539","stx_B",3,4,"Fragmented stx","PPanGGOLiN",10,1,"stx1a; stx2a; stx2d"
"SRR15415539","stx_B",3,4,"Fragmented stx","PPanGGOLiN",10,1,"stx1a; stx2a; stx2d"
"SRR15415539","stx_B",3,4,"Fragmented stx","PPanGGOLiN",10,1,"stx1a; stx2a; stx2d"
"SRR15415539","stx_B",3,4,"Fragmented stx","PPanGGOLiN",10,1,"stx1a; stx2a; stx2d"
"SRR15415539","stx_B",3,4,"Fragmented stx","PPanGGOLiN",10,1,"stx1a; stx2a; stx2d"
"SRR15415539","stx_B",3,4,"Fragmented stx","PPanGGOLiN",10,1,"stx1a; stx2a; stx2d"
"SRR15415539","stx_B",3,4,"Fragmented stx","PPanGGOLiN",10,1,"stx1a; stx2a; stx2d"
"SRR15415539","stx_A",3,9,"Fragmented stx","PPanGGOLiN",50,2,"stx1a; stx2a; stx2d"
"SRR15415539","stx_A",3,9,"Fragmented stx","PPanGGOLiN",50,2,"stx1a; stx2a; stx2d"
"SRR15415539","stx_A",3,9,"Fragmented stx","PPanGGOLiN",50,2,"stx1a; stx2a; stx2d"
"SRR15415539","stx_A",3,9,"Fragmented stx","PPanGGOLiN",50,2,"stx1a; stx2a; stx2d"
"SRR15415539","stx_A",3,9,"Fragmented stx","PPanGGOLiN",50,2,"stx1a; stx2a; stx2d"
"SRR15415539","stx_A",3,9,"Fragmented stx","PPanGGOLiN",50,2,"stx1a; stx2a; stx2d"
"SRR15415539","stx_A",3,9,"Fragmented stx","PPanGGOLiN",50,2,"stx1a; stx2a; stx2d"
"SRR15415539","stx_A",3,9,"Fragmented stx","PPanGGOLiN",50,2,"stx1a; stx2a; stx2d"
"SRR15415539","stx_B",3,4,"Fragmented stx","PPanGGOLiN",50,2,"stx1a; stx2a; stx2d"
"SRR15415539","stx_B",3,4,"Fragmented stx","PPanGGOLiN",50,2,"stx1a; stx2a; stx2d"
"SRR15415539","stx_B",3,4,"Fragmented stx","PPanGGOLiN",50,2,"stx1a; stx2a; stx2d"
"SRR15415539","stx_B",3,4,"Fragmented stx","PPanGGOLiN",50,2,"stx1a; stx2a; stx2d"
"SRR15415539","stx_B",3,4,"Fragmented stx","PPanGGOLiN",50,2,"stx1a; stx2a; stx2d"
"SRR15415539","stx_B",3,4,"Fragmented stx","PPanGGOLiN",50,2,"stx1a; stx2a; stx2d"
"SRR15415539","stx_B",3,4,"Fragmented stx","PPanGGOLiN",50,2,"stx1a; stx2a; stx2d"
"SRR15415539","stx_B",3,4,"Fragmented stx","PPanGGOLiN",50,2,"stx1a; stx2a; stx2d"
"SRR15415539","stx_A",3,9,"Fragmented stx","PPanGGOLiN",90,2,"stx1a; stx2a; stx2d"
"SRR15415539","stx_A",3,9,"Fragmented stx","PPanGGOLiN",90,2,"stx1a; stx2a; stx2d"
"SRR15415539","stx_A",3,9,"Fragmented stx","PPanGGOLiN",90,2,"stx1a; stx2a; stx2d"
"SRR15415539","stx_A",3,9,"Fragmented stx","PPanGGOLiN",90,2,"stx1a; stx2a; stx2d"
"SRR15415539","stx_A",3,9,"Fragmented stx","PPanGGOLiN",90,2,"stx1a; stx2a; stx2d"
"SRR15415539","stx_A",3,9,"Fragmented stx","PPanGGOLiN",90,2,"stx1a; stx2a; stx2d"
"SRR15415539","stx_A",3,9,"Fragmented stx","PPanGGOLiN",90,2,"stx1a; stx2a; stx2d"
"SRR15415539","stx_A",3,9,"Fragmented stx","PPanGGOLiN",90,2,"stx1a; stx2a; stx2d"
"SRR15415539","stx_B",3,4,"Fragmented stx","PPanGGOLiN",90,2,"stx1a; stx2a; stx2d"
"SRR15415539","stx_B",3,4,"Fragmented stx","PPanGGOLiN",90,2,"stx1a; stx2a; stx2d"
"SRR15415539","stx_B",3,4,"Fragmented stx","PPanGGOLiN",90,2,"stx1a; stx2a; stx2d"
"SRR15415539","stx_B",3,4,"Fragmented stx","PPanGGOLiN",90,2,"stx1a; stx2a; stx2d"
"SRR15415539","stx_B",3,4,"Fragmented stx","PPanGGOLiN",90,2,"stx1a; stx2a; stx2d"
"SRR15415539","stx_B",3,4,"Fragmented stx","PPanGGOLiN",90,2,"stx1a; stx2a; stx2d"
"SRR15415539","stx_B",3,4,"Fragmented stx","PPanGGOLiN",90,2,"stx1a; stx2a; stx2d"
"SRR15415539","stx_B",3,4,"Fragmented stx","PPanGGOLiN",90,2,"stx1a; stx2a; stx2d"
"SRR15415539","stx_A",3,9,"Fragmented stx","PPanGGOLiN",100,2,"stx1a; stx2a; stx2d"
"SRR15415539","stx_A",3,9,"Fragmented stx","PPanGGOLiN",100,2,"stx1a; stx2a; stx2d"
"SRR15415539","stx_A",3,9,"Fragmented stx","PPanGGOLiN",100,2,"stx1a; stx2a; stx2d"
"SRR15415539","stx_A",3,9,"Fragmented stx","PPanGGOLiN",100,2,"stx1a; stx2a; stx2d"
"SRR15415539","stx_A",3,9,"Fragmented stx","PPanGGOLiN",100,2,"stx1a; stx2a; stx2d"
"SRR15415539","stx_A",3,9,"Fragmented stx","PPanGGOLiN",100,2,"stx1a; stx2a; stx2d"
"SRR15415539","stx_A",3,9,"Fragmented stx","PPanGGOLiN",100,2,"stx1a; stx2a; stx2d"
"SRR15415539","stx_A",3,9,"Fragmented stx","PPanGGOLiN",100,2,"stx1a; stx2a; stx2d"
"SRR15415539","stx_B",3,4,"Fragmented stx","PPanGGOLiN",100,2,"stx1a; stx2a; stx2d"
"SRR15415539","stx_B",3,4,"Fragmented stx","PPanGGOLiN",100,2,"stx1a; stx2a; stx2d"
"SRR15415539","stx_B",3,4,"Fragmented stx","PPanGGOLiN",100,2,"stx1a; stx2a; stx2d"
"SRR15415539","stx_B",3,4,"Fragmented stx","PPanGGOLiN",100,2,"stx1a; stx2a; stx2d"
"SRR15415539","stx_B",3,4,"Fragmented stx","PPanGGOLiN",100,2,"stx1a; stx2a; stx2d"
"SRR15415539","stx_B",3,4,"Fragmented stx","PPanGGOLiN",100,2,"stx1a; stx2a; stx2d"
"SRR15415539","stx_B",3,4,"Fragmented stx","PPanGGOLiN",100,2,"stx1a; stx2a; stx2d"
"SRR15415539","stx_B",3,4,"Fragmented stx","PPanGGOLiN",100,2,"stx1a; stx2a; stx2d"
"SRR15415539","stx_A",3,9,"Fragmented stx","Panaroo",0,1,"stx1a; stx2a; stx2d"
"SRR15415539","stx_A",3,9,"Fragmented stx","Panaroo",0,1,"stx1a; stx2a; stx2d"
"SRR15415539","stx_A",3,9,"Fragmented stx","Panaroo",0,1,"stx1a; stx2a; stx2d"
"SRR15415539","stx_A",3,9,"Fragmented stx","Panaroo",0,1,"stx1a; stx2a; stx2d"
"SRR15415539","stx_A",3,9,"Fragmented stx","Panaroo",0,1,"stx1a; stx2a; stx2d"
"SRR15415539","stx_A",3,9,"Fragmented stx","Panaroo",0,1,"stx1a; stx2a; stx2d"
"SRR15415539","stx_A",3,9,"Fragmented stx","Panaroo",0,1,"stx1a; stx2a; stx2d"
"SRR15415539","stx_A",3,9,"Fragmented stx","Panaroo",0,1,"stx1a; stx2a; stx2d"
"SRR15415539","stx_B",3,4,"Fragmented stx","Panaroo",0,1,"stx1a; stx2a; stx2d"
"SRR15415539","stx_B",3,4,"Fragmented stx","Panaroo",0,1,"stx1a; stx2a; stx2d"
"SRR15415539","stx_B",3,4,"Fragmented stx","Panaroo",0,1,"stx1a; stx2a; stx2d"
"SRR15415539","stx_B",3,4,"Fragmented stx","Panaroo",0,1,"stx1a; stx2a; stx2d"
"SRR15415539","stx_B",3,4,"Fragmented stx","Panaroo",0,1,"stx1a; stx2a; stx2d"
"SRR15415539","stx_B",3,4,"Fragmented stx","Panaroo",0,1,"stx1a; stx2a; stx2d"
"SRR15415539","stx_B",3,4,"Fragmented stx","Panaroo",0,1,"stx1a; stx2a; stx2d"
"SRR15415539","stx_B",3,4,"Fragmented stx","Panaroo",0,1,"stx1a; stx2a; stx2d"
"SRR15415539","stx_A",3,9,"Fragmented stx","Panaroo",10,1,"stx1a; stx2a; stx2d"
"SRR15415539","stx_A",3,9,"Fragmented stx","Panaroo",10,1,"stx1a; stx2a; stx2d"
"SRR15415539","stx_A",3,9,"Fragmented stx","Panaroo",10,1,"stx1a; stx2a; stx2d"
"SRR15415539","stx_A",3,9,"Fragmented stx","Panaroo",10,1,"stx1a; stx2a; stx2d"
"SRR15415539","stx_A",3,9,"Fragmented stx","Panaroo",10,1,"stx1a; stx2a; stx2d"
"SRR15415539","stx_A",3,9,"Fragmented stx","Panaroo",10,1,"stx1a; stx2a; stx2d"
"SRR15415539","stx_A",3,9,"Fragmented stx","Panaroo",10,1,"stx1a; stx2a; stx2d"
"SRR15415539","stx_A",3,9,"Fragmented stx","Panaroo",10,1,"stx1a; stx2a; stx2d"
"SRR15415539","stx_B",3,4,"Fragmented stx","Panaroo",10,1,"stx1a; stx2a; stx2d"
"SRR15415539","stx_B",3,4,"Fragmented stx","Panaroo",10,1,"stx1a; stx2a; stx2d"
"SRR15415539","stx_B",3,4,"Fragmented stx","Panaroo",10,1,"stx1a; stx2a; stx2d"
"SRR15415539","stx_B",3,4,"Fragmented stx","Panaroo",10,1,"stx1a; stx2a; stx2d"
"SRR15415539","stx_B",3,4,"Fragmented stx","Panaroo",10,1,"stx1a; stx2a; stx2d"
"SRR15415539","stx_B",3,4,"Fragmented stx","Panaroo",10,1,"stx1a; stx2a; stx2d"
"SRR15415539","stx_B",3,4,"Fragmented stx","Panaroo",10,1,"stx1a; stx2a; stx2d"
"SRR15415539","stx_B",3,4,"Fragmented stx","Panaroo",10,1,"stx1a; stx2a; stx2d"
"SRR15415539","stx_A",3,9,"Fragmented stx","Panaroo",50,3,"stx1a; stx2a; stx2d"
"SRR15415539","stx_A",3,9,"Fragmented stx","Panaroo",50,3,"stx1a; stx2a; stx2d"
"SRR15415539","stx_A",3,9,"Fragmented stx","Panaroo",50,3,"stx1a; stx2a; stx2d"
"SRR15415539","stx_A",3,9,"Fragmented stx","Panaroo",50,3,"stx1a; stx2a; stx2d"
"SRR15415539","stx_A",3,9,"Fragmented stx","Panaroo",50,3,"stx1a; stx2a; stx2d"
"SRR15415539","stx_A",3,9,"Fragmented stx","Panaroo",50,3,"stx1a; stx2a; stx2d"
"SRR15415539","stx_A",3,9,"Fragmented stx","Panaroo",50,3,"stx1a; stx2a; stx2d"
"SRR15415539","stx_A",3,9,"Fragmented stx","Panaroo",50,3,"stx1a; stx2a; stx2d"
"SRR15415539","stx_B",3,4,"Fragmented stx","Panaroo",50,3,"stx1a; stx2a; stx2d"
"SRR15415539","stx_B",3,4,"Fragmented stx","Panaroo",50,3,"stx1a; stx2a; stx2d"
"SRR15415539","stx_B",3,4,"Fragmented stx","Panaroo",50,3,"stx1a; stx2a; stx2d"
"SRR15415539","stx_B",3,4,"Fragmented stx","Panaroo",50,3,"stx1a; stx2a; stx2d"
"SRR15415539","stx_B",3,4,"Fragmented stx","Panaroo",50,3,"stx1a; stx2a; stx2d"
"SRR15415539","stx_B",3,4,"Fragmented stx","Panaroo",50,3,"stx1a; stx2a; stx2d"
"SRR15415539","stx_B",3,4,"Fragmented stx","Panaroo",50,3,"stx1a; stx2a; stx2d"
"SRR15415539","stx_B",3,4,"Fragmented stx","Panaroo",50,3,"stx1a; stx2a; stx2d"
"SRR15415539","stx_A",3,9,"Fragmented stx","Panaroo",90,3,"stx1a; stx2a; stx2d"
"SRR15415539","stx_A",3,9,"Fragmented stx","Panaroo",90,3,"stx1a; stx2a; stx2d"
"SRR15415539","stx_A",3,9,"Fragmented stx","Panaroo",90,3,"stx1a; stx2a; stx2d"
"SRR15415539","stx_A",3,9,"Fragmented stx","Panaroo",90,3,"stx1a; stx2a; stx2d"
"SRR15415539","stx_A",3,9,"Fragmented stx","Panaroo",90,3,"stx1a; stx2a; stx2d"
"SRR15415539","stx_A",3,9,"Fragmented stx","Panaroo",90,3,"stx1a; stx2a; stx2d"
"SRR15415539","stx_A",3,9,"Fragmented stx","Panaroo",90,3,"stx1a; stx2a; stx2d"
"SRR15415539","stx_A",3,9,"Fragmented stx","Panaroo",90,3,"stx1a; stx2a; stx2d"
"SRR15415539","stx_B",3,4,"Fragmented stx","Panaroo",90,3,"stx1a; stx2a; stx2d"
"SRR15415539","stx_B",3,4,"Fragmented stx","Panaroo",90,3,"stx1a; stx2a; stx2d"
"SRR15415539","stx_B",3,4,"Fragmented stx","Panaroo",90,3,"stx1a; stx2a; stx2d"
"SRR15415539","stx_B",3,4,"Fragmented stx","Panaroo",90,3,"stx1a; stx2a; stx2d"
"SRR15415539","stx_B",3,4,"Fragmented stx","Panaroo",90,3,"stx1a; stx2a; stx2d"
"SRR15415539","stx_B",3,4,"Fragmented stx","Panaroo",90,3,"stx1a; stx2a; stx2d"
"SRR15415539","stx_B",3,4,"Fragmented stx","Panaroo",90,3,"stx1a; stx2a; stx2d"
"SRR15415539","stx_B",3,4,"Fragmented stx","Panaroo",90,3,"stx1a; stx2a; stx2d"
"SRR15415539","stx_A",3,9,"Fragmented stx","Panaroo",100,3,"stx1a; stx2a; stx2d"
"SRR15415539","stx_A",3,9,"Fragmented stx","Panaroo",100,3,"stx1a; stx2a; stx2d"
"SRR15415539","stx_A",3,9,"Fragmented stx","Panaroo",100,3,"stx1a; stx2a; stx2d"
"SRR15415539","stx_A",3,9,"Fragmented stx","Panaroo",100,3,"stx1a; stx2a; stx2d"
"SRR15415539","stx_A",3,9,"Fragmented stx","Panaroo",100,3,"stx1a; stx2a; stx2d"
"SRR15415539","stx_A",3,9,"Fragmented stx","Panaroo",100,3,"stx1a; stx2a; stx2d"
"SRR15415539","stx_A",3,9,"Fragmented stx","Panaroo",100,3,"stx1a; stx2a; stx2d"
"SRR15415539","stx_A",3,9,"Fragmented stx","Panaroo",100,3,"stx1a; stx2a; stx2d"
"SRR15415539","stx_B",3,4,"Fragmented stx","Panaroo",100,3,"stx1a; stx2a; stx2d"
"SRR15415539","stx_B",3,4,"Fragmented stx","Panaroo",100,3,"stx1a; stx2a; stx2d"
"SRR15415539","stx_B",3,4,"Fragmented stx","Panaroo",100,3,"stx1a; stx2a; stx2d"
"SRR15415539","stx_B",3,4,"Fragmented stx","Panaroo",100,3,"stx1a; stx2a; stx2d"
"SRR15415539","stx_B",3,4,"Fragmented stx","Panaroo",100,3,"stx1a; stx2a; stx2d"
"SRR15415539","stx_B",3,4,"Fragmented stx","Panaroo",100,3,"stx1a; stx2a; stx2d"
"SRR15415539","stx_B",3,4,"Fragmented stx","Panaroo",100,3,"stx1a; stx2a; stx2d"
"SRR15415539","stx_B",3,4,"Fragmented stx","Panaroo",100,3,"stx1a; stx2a; stx2d"
"SRR15415539","stx_A",3,9,"Fragmented stx","Roary",0,1,"stx1a; stx2a; stx2d"
"SRR15415539","stx_A",3,9,"Fragmented stx","Roary",0,1,"stx1a; stx2a; stx2d"
"SRR15415539","stx_A",3,9,"Fragmented stx","Roary",0,1,"stx1a; stx2a; stx2d"
"SRR15415539","stx_A",3,9,"Fragmented stx","Roary",0,1,"stx1a; stx2a; stx2d"
"SRR15415539","stx_A",3,9,"Fragmented stx","Roary",0,1,"stx1a; stx2a; stx2d"
"SRR15415539","stx_A",3,9,"Fragmented stx","Roary",0,1,"stx1a; stx2a; stx2d"
"SRR15415539","stx_A",3,9,"Fragmented stx","Roary",0,1,"stx1a; stx2a; stx2d"
"SRR15415539","stx_A",3,9,"Fragmented stx","Roary",0,1,"stx1a; stx2a; stx2d"
"SRR15415539","stx_B",3,4,"Fragmented stx","Roary",0,1,"stx1a; stx2a; stx2d"
"SRR15415539","stx_B",3,4,"Fragmented stx","Roary",0,1,"stx1a; stx2a; stx2d"
"SRR15415539","stx_B",3,4,"Fragmented stx","Roary",0,1,"stx1a; stx2a; stx2d"
"SRR15415539","stx_B",3,4,"Fragmented stx","Roary",0,1,"stx1a; stx2a; stx2d"
"SRR15415539","stx_B",3,4,"Fragmented stx","Roary",0,1,"stx1a; stx2a; stx2d"
"SRR15415539","stx_B",3,4,"Fragmented stx","Roary",0,1,"stx1a; stx2a; stx2d"
"SRR15415539","stx_B",3,4,"Fragmented stx","Roary",0,1,"stx1a; stx2a; stx2d"
"SRR15415539","stx_B",3,4,"Fragmented stx","Roary",0,1,"stx1a; stx2a; stx2d"
"SRR15415539","stx_A",3,9,"Fragmented stx","Roary",10,1,"stx1a; stx2a; stx2d"
"SRR15415539","stx_A",3,9,"Fragmented stx","Roary",10,1,"stx1a; stx2a; stx2d"
"SRR15415539","stx_A",3,9,"Fragmented stx","Roary",10,1,"stx1a; stx2a; stx2d"
"SRR15415539","stx_A",3,9,"Fragmented stx","Roary",10,1,"stx1a; stx2a; stx2d"
"SRR15415539","stx_A",3,9,"Fragmented stx","Roary",10,1,"stx1a; stx2a; stx2d"
"SRR15415539","stx_A",3,9,"Fragmented stx","Roary",10,1,"stx1a; stx2a; stx2d"
"SRR15415539","stx_A",3,9,"Fragmented stx","Roary",10,1,"stx1a; stx2a; stx2d"
"SRR15415539","stx_A",3,9,"Fragmented stx","Roary",10,1,"stx1a; stx2a; stx2d"
"SRR15415539","stx_B",3,4,"Fragmented stx","Roary",10,1,"stx1a; stx2a; stx2d"
"SRR15415539","stx_B",3,4,"Fragmented stx","Roary",10,1,"stx1a; stx2a; stx2d"
"SRR15415539","stx_B",3,4,"Fragmented stx","Roary",10,1,"stx1a; stx2a; stx2d"
"SRR15415539","stx_B",3,4,"Fragmented stx","Roary",10,1,"stx1a; stx2a; stx2d"
"SRR15415539","stx_B",3,4,"Fragmented stx","Roary",10,1,"stx1a; stx2a; stx2d"
"SRR15415539","stx_B",3,4,"Fragmented stx","Roary",10,1,"stx1a; stx2a; stx2d"
"SRR15415539","stx_B",3,4,"Fragmented stx","Roary",10,1,"stx1a; stx2a; stx2d"
"SRR15415539","stx_B",3,4,"Fragmented stx","Roary",10,1,"stx1a; stx2a; stx2d"
"SRR15415539","stx_A",3,9,"Fragmented stx","Roary",50,2,"stx1a; stx2a; stx2d"
"SRR15415539","stx_A",3,9,"Fragmented stx","Roary",50,2,"stx1a; stx2a; stx2d"
"SRR15415539","stx_A",3,9,"Fragmented stx","Roary",50,2,"stx1a; stx2a; stx2d"
"SRR15415539","stx_A",3,9,"Fragmented stx","Roary",50,2,"stx1a; stx2a; stx2d"
"SRR15415539","stx_A",3,9,"Fragmented stx","Roary",50,1,"stx1a; stx2a; stx2d"
"SRR15415539","stx_A",3,9,"Fragmented stx","Roary",50,1,"stx1a; stx2a; stx2d"
"SRR15415539","stx_A",3,9,"Fragmented stx","Roary",50,1,"stx1a; stx2a; stx2d"
"SRR15415539","stx_A",3,9,"Fragmented stx","Roary",50,1,"stx1a; stx2a; stx2d"
"SRR15415539","stx_B",3,4,"Fragmented stx","Roary",50,2,"stx1a; stx2a; stx2d"
"SRR15415539","stx_B",3,4,"Fragmented stx","Roary",50,2,"stx1a; stx2a; stx2d"
"SRR15415539","stx_B",3,4,"Fragmented stx","Roary",50,2,"stx1a; stx2a; stx2d"
"SRR15415539","stx_B",3,4,"Fragmented stx","Roary",50,2,"stx1a; stx2a; stx2d"
"SRR15415539","stx_B",3,4,"Fragmented stx","Roary",50,1,"stx1a; stx2a; stx2d"
"SRR15415539","stx_B",3,4,"Fragmented stx","Roary",50,1,"stx1a; stx2a; stx2d"
"SRR15415539","stx_B",3,4,"Fragmented stx","Roary",50,1,"stx1a; stx2a; stx2d"
"SRR15415539","stx_B",3,4,"Fragmented stx","Roary",50,1,"stx1a; stx2a; stx2d"
"SRR15415539","stx_A",3,9,"Fragmented stx","Roary",90,1,"stx1a; stx2a; stx2d"
"SRR15415539","stx_A",3,9,"Fragmented stx","Roary",90,1,"stx1a; stx2a; stx2d"
"SRR15415539","stx_A",3,9,"Fragmented stx","Roary",90,2,"stx1a; stx2a; stx2d"
"SRR15415539","stx_A",3,9,"Fragmented stx","Roary",90,2,"stx1a; stx2a; stx2d"
"SRR15415539","stx_A",3,9,"Fragmented stx","Roary",90,1,"stx1a; stx2a; stx2d"
"SRR15415539","stx_A",3,9,"Fragmented stx","Roary",90,1,"stx1a; stx2a; stx2d"
"SRR15415539","stx_A",3,9,"Fragmented stx","Roary",90,2,"stx1a; stx2a; stx2d"
"SRR15415539","stx_A",3,9,"Fragmented stx","Roary",90,2,"stx1a; stx2a; stx2d"
"SRR15415539","stx_B",3,4,"Fragmented stx","Roary",90,1,"stx1a; stx2a; stx2d"
"SRR15415539","stx_B",3,4,"Fragmented stx","Roary",90,1,"stx1a; stx2a; stx2d"
"SRR15415539","stx_B",3,4,"Fragmented stx","Roary",90,2,"stx1a; stx2a; stx2d"
"SRR15415539","stx_B",3,4,"Fragmented stx","Roary",90,2,"stx1a; stx2a; stx2d"
"SRR15415539","stx_B",3,4,"Fragmented stx","Roary",90,1,"stx1a; stx2a; stx2d"
"SRR15415539","stx_B",3,4,"Fragmented stx","Roary",90,1,"stx1a; stx2a; stx2d"
"SRR15415539","stx_B",3,4,"Fragmented stx","Roary",90,2,"stx1a; stx2a; stx2d"
"SRR15415539","stx_B",3,4,"Fragmented stx","Roary",90,2,"stx1a; stx2a; stx2d"
"SRR15415539","stx_A",3,9,"Fragmented stx","Roary",100,1,"stx1a; stx2a; stx2d"
"SRR15415539","stx_A",3,9,"Fragmented stx","Roary",100,2,"stx1a; stx2a; stx2d"
"SRR15415539","stx_A",3,9,"Fragmented stx","Roary",100,1,"stx1a; stx2a; stx2d"
"SRR15415539","stx_A",3,9,"Fragmented stx","Roary",100,2,"stx1a; stx2a; stx2d"
"SRR15415539","stx_A",3,9,"Fragmented stx","Roary",100,1,"stx1a; stx2a; stx2d"
"SRR15415539","stx_A",3,9,"Fragmented stx","Roary",100,2,"stx1a; stx2a; stx2d"
"SRR15415539","stx_A",3,9,"Fragmented stx","Roary",100,1,"stx1a; stx2a; stx2d"
"SRR15415539","stx_A",3,9,"Fragmented stx","Roary",100,2,"stx1a; stx2a; stx2d"
"SRR15415539","stx_B",3,4,"Fragmented stx","Roary",100,1,"stx1a; stx2a; stx2d"
"SRR15415539","stx_B",3,4,"Fragmented stx","Roary",100,2,"stx1a; stx2a; stx2d"
"SRR15415539","stx_B",3,4,"Fragmented stx","Roary",100,1,"stx1a; stx2a; stx2d"
"SRR15415539","stx_B",3,4,"Fragmented stx","Roary",100,2,"stx1a; stx2a; stx2d"
"SRR15415539","stx_B",3,4,"Fragmented stx","Roary",100,1,"stx1a; stx2a; stx2d"
"SRR15415539","stx_B",3,4,"Fragmented stx","Roary",100,2,"stx1a; stx2a; stx2d"
"SRR15415539","stx_B",3,4,"Fragmented stx","Roary",100,1,"stx1a; stx2a; stx2d"
"SRR15415539","stx_B",3,4,"Fragmented stx","Roary",100,2,"stx1a; stx2a; stx2d"
"SRR15415539","stx_A",3,9,"Fragmented stx","ggCaller",0,1,"stx1a; stx2a; stx2d"
"SRR15415539","stx_A",3,9,"Fragmented stx","ggCaller",0,1,"stx1a; stx2a; stx2d"
"SRR15415539","stx_A",3,9,"Fragmented stx","ggCaller",0,1,"stx1a; stx2a; stx2d"
"SRR15415539","stx_A",3,9,"Fragmented stx","ggCaller",0,1,"stx1a; stx2a; stx2d"
"SRR15415539","stx_A",3,9,"Fragmented stx","ggCaller",0,1,"stx1a; stx2a; stx2d"
"SRR15415539","stx_A",3,9,"Fragmented stx","ggCaller",0,1,"stx1a; stx2a; stx2d"
"SRR15415539","stx_A",3,9,"Fragmented stx","ggCaller",0,1,"stx1a; stx2a; stx2d"
"SRR15415539","stx_A",3,9,"Fragmented stx","ggCaller",0,1,"stx1a; stx2a; stx2d"
"SRR15415539","stx_B",3,4,"Fragmented stx","ggCaller",0,1,"stx1a; stx2a; stx2d"
"SRR15415539","stx_B",3,4,"Fragmented stx","ggCaller",0,1,"stx1a; stx2a; stx2d"
"SRR15415539","stx_B",3,4,"Fragmented stx","ggCaller",0,1,"stx1a; stx2a; stx2d"
"SRR15415539","stx_B",3,4,"Fragmented stx","ggCaller",0,1,"stx1a; stx2a; stx2d"
"SRR15415539","stx_B",3,4,"Fragmented stx","ggCaller",0,1,"stx1a; stx2a; stx2d"
"SRR15415539","stx_B",3,4,"Fragmented stx","ggCaller",0,1,"stx1a; stx2a; stx2d"
"SRR15415539","stx_B",3,4,"Fragmented stx","ggCaller",0,1,"stx1a; stx2a; stx2d"
"SRR15415539","stx_B",3,4,"Fragmented stx","ggCaller",0,1,"stx1a; stx2a; stx2d"
"SRR15415539","stx_A",3,9,"Fragmented stx","ggCaller",10,1,"stx1a; stx2a; stx2d"
"SRR15415539","stx_A",3,9,"Fragmented stx","ggCaller",10,1,"stx1a; stx2a; stx2d"
"SRR15415539","stx_A",3,9,"Fragmented stx","ggCaller",10,1,"stx1a; stx2a; stx2d"
"SRR15415539","stx_A",3,9,"Fragmented stx","ggCaller",10,1,"stx1a; stx2a; stx2d"
"SRR15415539","stx_A",3,9,"Fragmented stx","ggCaller",10,1,"stx1a; stx2a; stx2d"
"SRR15415539","stx_A",3,9,"Fragmented stx","ggCaller",10,1,"stx1a; stx2a; stx2d"
"SRR15415539","stx_A",3,9,"Fragmented stx","ggCaller",10,1,"stx1a; stx2a; stx2d"
"SRR15415539","stx_A",3,9,"Fragmented stx","ggCaller",10,1,"stx1a; stx2a; stx2d"
"SRR15415539","stx_B",3,4,"Fragmented stx","ggCaller",10,1,"stx1a; stx2a; stx2d"
"SRR15415539","stx_B",3,4,"Fragmented stx","ggCaller",10,1,"stx1a; stx2a; stx2d"
"SRR15415539","stx_B",3,4,"Fragmented stx","ggCaller",10,1,"stx1a; stx2a; stx2d"
"SRR15415539","stx_B",3,4,"Fragmented stx","ggCaller",10,1,"stx1a; stx2a; stx2d"
"SRR15415539","stx_B",3,4,"Fragmented stx","ggCaller",10,1,"stx1a; stx2a; stx2d"
"SRR15415539","stx_B",3,4,"Fragmented stx","ggCaller",10,1,"stx1a; stx2a; stx2d"
"SRR15415539","stx_B",3,4,"Fragmented stx","ggCaller",10,1,"stx1a; stx2a; stx2d"
"SRR15415539","stx_B",3,4,"Fragmented stx","ggCaller",10,1,"stx1a; stx2a; stx2d"
"SRR15415539","stx_A",3,9,"Fragmented stx","ggCaller",50,4,"stx1a; stx2a; stx2d"
"SRR15415539","stx_A",3,9,"Fragmented stx","ggCaller",50,4,"stx1a; stx2a; stx2d"
"SRR15415539","stx_A",3,9,"Fragmented stx","ggCaller",50,4,"stx1a; stx2a; stx2d"
"SRR15415539","stx_A",3,9,"Fragmented stx","ggCaller",50,4,"stx1a; stx2a; stx2d"
"SRR15415539","stx_A",3,9,"Fragmented stx","ggCaller",50,4,"stx1a; stx2a; stx2d"
"SRR15415539","stx_A",3,9,"Fragmented stx","ggCaller",50,4,"stx1a; stx2a; stx2d"
"SRR15415539","stx_A",3,9,"Fragmented stx","ggCaller",50,4,"stx1a; stx2a; stx2d"
"SRR15415539","stx_A",3,9,"Fragmented stx","ggCaller",50,4,"stx1a; stx2a; stx2d"
"SRR15415539","stx_B",3,4,"Fragmented stx","ggCaller",50,3,"stx1a; stx2a; stx2d"
"SRR15415539","stx_B",3,4,"Fragmented stx","ggCaller",50,3,"stx1a; stx2a; stx2d"
"SRR15415539","stx_B",3,4,"Fragmented stx","ggCaller",50,3,"stx1a; stx2a; stx2d"
"SRR15415539","stx_B",3,4,"Fragmented stx","ggCaller",50,3,"stx1a; stx2a; stx2d"
"SRR15415539","stx_B",3,4,"Fragmented stx","ggCaller",50,3,"stx1a; stx2a; stx2d"
"SRR15415539","stx_B",3,4,"Fragmented stx","ggCaller",50,3,"stx1a; stx2a; stx2d"
"SRR15415539","stx_B",3,4,"Fragmented stx","ggCaller",50,3,"stx1a; stx2a; stx2d"
"SRR15415539","stx_B",3,4,"Fragmented stx","ggCaller",50,3,"stx1a; stx2a; stx2d"
"SRR15415539","stx_A",3,9,"Fragmented stx","ggCaller",90,4,"stx1a; stx2a; stx2d"
"SRR15415539","stx_A",3,9,"Fragmented stx","ggCaller",90,4,"stx1a; stx2a; stx2d"
"SRR15415539","stx_A",3,9,"Fragmented stx","ggCaller",90,4,"stx1a; stx2a; stx2d"
"SRR15415539","stx_A",3,9,"Fragmented stx","ggCaller",90,4,"stx1a; stx2a; stx2d"
"SRR15415539","stx_A",3,9,"Fragmented stx","ggCaller",90,4,"stx1a; stx2a; stx2d"
"SRR15415539","stx_A",3,9,"Fragmented stx","ggCaller",90,4,"stx1a; stx2a; stx2d"
"SRR15415539","stx_A",3,9,"Fragmented stx","ggCaller",90,4,"stx1a; stx2a; stx2d"
"SRR15415539","stx_A",3,9,"Fragmented stx","ggCaller",90,4,"stx1a; stx2a; stx2d"
"SRR15415539","stx_B",3,4,"Fragmented stx","ggCaller",90,3,"stx1a; stx2a; stx2d"
"SRR15415539","stx_B",3,4,"Fragmented stx","ggCaller",90,3,"stx1a; stx2a; stx2d"
"SRR15415539","stx_B",3,4,"Fragmented stx","ggCaller",90,3,"stx1a; stx2a; stx2d"
"SRR15415539","stx_B",3,4,"Fragmented stx","ggCaller",90,3,"stx1a; stx2a; stx2d"
"SRR15415539","stx_B",3,4,"Fragmented stx","ggCaller",90,3,"stx1a; stx2a; stx2d"
"SRR15415539","stx_B",3,4,"Fragmented stx","ggCaller",90,3,"stx1a; stx2a; stx2d"
"SRR15415539","stx_B",3,4,"Fragmented stx","ggCaller",90,3,"stx1a; stx2a; stx2d"
"SRR15415539","stx_B",3,4,"Fragmented stx","ggCaller",90,3,"stx1a; stx2a; stx2d"
"SRR15415539","stx_A",3,9,"Fragmented stx","ggCaller",100,4,"stx1a; stx2a; stx2d"
"SRR15415539","stx_A",3,9,"Fragmented stx","ggCaller",100,4,"stx1a; stx2a; stx2d"
"SRR15415539","stx_A",3,9,"Fragmented stx","ggCaller",100,4,"stx1a; stx2a; stx2d"
"SRR15415539","stx_A",3,9,"Fragmented stx","ggCaller",100,4,"stx1a; stx2a; stx2d"
"SRR15415539","stx_A",3,9,"Fragmented stx","ggCaller",100,4,"stx1a; stx2a; stx2d"
"SRR15415539","stx_A",3,9,"Fragmented stx","ggCaller",100,4,"stx1a; stx2a; stx2d"
"SRR15415539","stx_A",3,9,"Fragmented stx","ggCaller",100,4,"stx1a; stx2a; stx2d"
"SRR15415539","stx_A",3,9,"Fragmented stx","ggCaller",100,4,"stx1a; stx2a; stx2d"
"SRR15415539","stx_B",3,4,"Fragmented stx","ggCaller",100,3,"stx1a; stx2a; stx2d"
"SRR15415539","stx_B",3,4,"Fragmented stx","ggCaller",100,3,"stx1a; stx2a; stx2d"
"SRR15415539","stx_B",3,4,"Fragmented stx","ggCaller",100,3,"stx1a; stx2a; stx2d"
"SRR15415539","stx_B",3,4,"Fragmented stx","ggCaller",100,3,"stx1a; stx2a; stx2d"
"SRR15415539","stx_B",3,4,"Fragmented stx","ggCaller",100,3,"stx1a; stx2a; stx2d"
"SRR15415539","stx_B",3,4,"Fragmented stx","ggCaller",100,3,"stx1a; stx2a; stx2d"
"SRR15415539","stx_B",3,4,"Fragmented stx","ggCaller",100,3,"stx1a; stx2a; stx2d"
"SRR15415539","stx_B",3,4,"Fragmented stx","ggCaller",100,3,"stx1a; stx2a; stx2d"
"SRR15415540","stx_A",1,1,"Complete stx","BAKTA",0,1,"stx2c"
"SRR15415540","stx_B",1,1,"Complete stx","BAKTA",0,1,"stx2c"
"SRR15415540","stx_A",1,1,"Complete stx","BAKTA",100,1,"stx2c"
"SRR15415540","stx_B",1,1,"Complete stx","BAKTA",100,1,"stx2c"
"SRR15415540","stx_A",1,1,"Complete stx","PPanGGOLiN",0,1,"stx2c"
"SRR15415540","stx_B",1,1,"Complete stx","PPanGGOLiN",0,1,"stx2c"
"SRR15415540","stx_A",1,1,"Complete stx","PPanGGOLiN",10,1,"stx2c"
"SRR15415540","stx_B",1,1,"Complete stx","PPanGGOLiN",10,1,"stx2c"
"SRR15415540","stx_A",1,1,"Complete stx","PPanGGOLiN",50,1,"stx2c"
"SRR15415540","stx_B",1,1,"Complete stx","PPanGGOLiN",50,1,"stx2c"
"SRR15415540","stx_A",1,1,"Complete stx","PPanGGOLiN",90,1,"stx2c"
"SRR15415540","stx_B",1,1,"Complete stx","PPanGGOLiN",90,1,"stx2c"
"SRR15415540","stx_A",1,1,"Complete stx","PPanGGOLiN",100,1,"stx2c"
"SRR15415540","stx_B",1,1,"Complete stx","PPanGGOLiN",100,1,"stx2c"
"SRR15415540","stx_A",1,1,"Complete stx","Panaroo",0,1,"stx2c"
"SRR15415540","stx_B",1,1,"Complete stx","Panaroo",0,1,"stx2c"
"SRR15415540","stx_A",1,1,"Complete stx","Panaroo",10,1,"stx2c"
"SRR15415540","stx_B",1,1,"Complete stx","Panaroo",10,1,"stx2c"
"SRR15415540","stx_A",1,1,"Complete stx","Panaroo",50,1,"stx2c"
"SRR15415540","stx_B",1,1,"Complete stx","Panaroo",50,1,"stx2c"
"SRR15415540","stx_A",1,1,"Complete stx","Panaroo",90,1,"stx2c"
"SRR15415540","stx_B",1,1,"Complete stx","Panaroo",90,1,"stx2c"
"SRR15415540","stx_A",1,1,"Complete stx","Panaroo",100,1,"stx2c"
"SRR15415540","stx_B",1,1,"Complete stx","Panaroo",100,1,"stx2c"
"SRR15415540","stx_A",1,1,"Complete stx","Roary",0,1,"stx2c"
"SRR15415540","stx_B",1,1,"Complete stx","Roary",0,1,"stx2c"
"SRR15415540","stx_A",1,1,"Complete stx","Roary",10,1,"stx2c"
"SRR15415540","stx_B",1,1,"Complete stx","Roary",10,1,"stx2c"
"SRR15415540","stx_A",1,1,"Complete stx","Roary",50,1,"stx2c"
"SRR15415540","stx_B",1,1,"Complete stx","Roary",50,1,"stx2c"
"SRR15415540","stx_A",1,1,"Complete stx","Roary",90,1,"stx2c"
"SRR15415540","stx_B",1,1,"Complete stx","Roary",90,1,"stx2c"
"SRR15415540","stx_A",1,1,"Complete stx","Roary",100,1,"stx2c"
"SRR15415540","stx_B",1,1,"Complete stx","Roary",100,1,"stx2c"
"SRR15415540","stx_A",1,1,"Complete stx","ggCaller",0,2,"stx2c"
"SRR15415540","stx_B",1,1,"Complete stx","ggCaller",0,1,"stx2c"
"SRR15415540","stx_A",1,1,"Complete stx","ggCaller",10,2,"stx2c"
"SRR15415540","stx_B",1,1,"Complete stx","ggCaller",10,1,"stx2c"
"SRR15415540","stx_A",1,1,"Complete stx","ggCaller",50,3,"stx2c"
"SRR15415540","stx_B",1,1,"Complete stx","ggCaller",50,1,"stx2c"
"SRR15415540","stx_A",1,1,"Complete stx","ggCaller",90,3,"stx2c"
"SRR15415540","stx_B",1,1,"Complete stx","ggCaller",90,1,"stx2c"
"SRR15415540","stx_A",1,1,"Complete stx","ggCaller",100,3,"stx2c"
"SRR15415540","stx_B",1,1,"Complete stx","ggCaller",100,1,"stx2c"
"SRR15415542","stx_A",1,1,"Complete stx","BAKTA",0,1,"stx2c"
"SRR15415542","stx_B",1,1,"Complete stx","BAKTA",0,1,"stx2c"
"SRR15415542","stx_A",1,1,"Complete stx","BAKTA",100,1,"stx2c"
"SRR15415542","stx_B",1,1,"Complete stx","BAKTA",100,1,"stx2c"
"SRR15415542","stx_A",1,1,"Complete stx","PPanGGOLiN",0,1,"stx2c"
"SRR15415542","stx_B",1,1,"Complete stx","PPanGGOLiN",0,1,"stx2c"
"SRR15415542","stx_A",1,1,"Complete stx","PPanGGOLiN",10,1,"stx2c"
"SRR15415542","stx_B",1,1,"Complete stx","PPanGGOLiN",10,1,"stx2c"
"SRR15415542","stx_A",1,1,"Complete stx","PPanGGOLiN",50,1,"stx2c"
"SRR15415542","stx_B",1,1,"Complete stx","PPanGGOLiN",50,1,"stx2c"
"SRR15415542","stx_A",1,1,"Complete stx","PPanGGOLiN",90,1,"stx2c"
"SRR15415542","stx_B",1,1,"Complete stx","PPanGGOLiN",90,1,"stx2c"
"SRR15415542","stx_A",1,1,"Complete stx","PPanGGOLiN",100,1,"stx2c"
"SRR15415542","stx_B",1,1,"Complete stx","PPanGGOLiN",100,1,"stx2c"
"SRR15415542","stx_A",1,1,"Complete stx","Panaroo",0,1,"stx2c"
"SRR15415542","stx_B",1,1,"Complete stx","Panaroo",0,1,"stx2c"
"SRR15415542","stx_A",1,1,"Complete stx","Panaroo",10,1,"stx2c"
"SRR15415542","stx_B",1,1,"Complete stx","Panaroo",10,1,"stx2c"
"SRR15415542","stx_A",1,1,"Complete stx","Panaroo",50,1,"stx2c"
"SRR15415542","stx_B",1,1,"Complete stx","Panaroo",50,1,"stx2c"
"SRR15415542","stx_A",1,1,"Complete stx","Panaroo",90,1,"stx2c"
"SRR15415542","stx_B",1,1,"Complete stx","Panaroo",90,1,"stx2c"
"SRR15415542","stx_A",1,1,"Complete stx","Panaroo",100,1,"stx2c"
"SRR15415542","stx_B",1,1,"Complete stx","Panaroo",100,1,"stx2c"
"SRR15415542","stx_A",1,1,"Complete stx","Roary",0,1,"stx2c"
"SRR15415542","stx_B",1,1,"Complete stx","Roary",0,1,"stx2c"
"SRR15415542","stx_A",1,1,"Complete stx","Roary",10,1,"stx2c"
"SRR15415542","stx_B",1,1,"Complete stx","Roary",10,1,"stx2c"
"SRR15415542","stx_A",1,1,"Complete stx","Roary",50,1,"stx2c"
"SRR15415542","stx_B",1,1,"Complete stx","Roary",50,1,"stx2c"
"SRR15415542","stx_A",1,1,"Complete stx","Roary",90,1,"stx2c"
"SRR15415542","stx_B",1,1,"Complete stx","Roary",90,1,"stx2c"
"SRR15415542","stx_A",1,1,"Complete stx","Roary",100,1,"stx2c"
"SRR15415542","stx_B",1,1,"Complete stx","Roary",100,1,"stx2c"
"SRR15415542","stx_A",1,1,"Complete stx","ggCaller",0,2,"stx2c"
"SRR15415542","stx_B",1,1,"Complete stx","ggCaller",0,1,"stx2c"
"SRR15415542","stx_A",1,1,"Complete stx","ggCaller",10,2,"stx2c"
"SRR15415542","stx_B",1,1,"Complete stx","ggCaller",10,1,"stx2c"
"SRR15415542","stx_A",1,1,"Complete stx","ggCaller",50,3,"stx2c"
"SRR15415542","stx_B",1,1,"Complete stx","ggCaller",50,1,"stx2c"
"SRR15415542","stx_A",1,1,"Complete stx","ggCaller",90,3,"stx2c"
"SRR15415542","stx_B",1,1,"Complete stx","ggCaller",90,1,"stx2c"
"SRR15415542","stx_A",1,1,"Complete stx","ggCaller",100,3,"stx2c"
"SRR15415542","stx_B",1,1,"Complete stx","ggCaller",100,1,"stx2c"
"SRR15415547","stx_A",1,1,"Complete stx","BAKTA",0,1,"stx1a"
"SRR15415547","stx_B",1,1,"Complete stx","BAKTA",0,1,"stx1a"
"SRR15415547","stx_A",1,1,"Complete stx","BAKTA",100,1,"stx1a"
"SRR15415547","stx_B",1,1,"Complete stx","BAKTA",100,1,"stx1a"
"SRR15415547","stx_A",1,1,"Complete stx","PPanGGOLiN",0,1,"stx1a"
"SRR15415547","stx_B",1,1,"Complete stx","PPanGGOLiN",0,1,"stx1a"
"SRR15415547","stx_A",1,1,"Complete stx","PPanGGOLiN",10,1,"stx1a"
"SRR15415547","stx_B",1,1,"Complete stx","PPanGGOLiN",10,1,"stx1a"
"SRR15415547","stx_A",1,1,"Complete stx","PPanGGOLiN",50,1,"stx1a"
"SRR15415547","stx_B",1,1,"Complete stx","PPanGGOLiN",50,1,"stx1a"
"SRR15415547","stx_A",1,1,"Complete stx","PPanGGOLiN",90,1,"stx1a"
"SRR15415547","stx_B",1,1,"Complete stx","PPanGGOLiN",90,1,"stx1a"
"SRR15415547","stx_A",1,1,"Complete stx","PPanGGOLiN",100,1,"stx1a"
"SRR15415547","stx_B",1,1,"Complete stx","PPanGGOLiN",100,1,"stx1a"
"SRR15415547","stx_A",1,1,"Complete stx","Panaroo",0,1,"stx1a"
"SRR15415547","stx_B",1,1,"Complete stx","Panaroo",0,1,"stx1a"
"SRR15415547","stx_A",1,1,"Complete stx","Panaroo",10,1,"stx1a"
"SRR15415547","stx_B",1,1,"Complete stx","Panaroo",10,1,"stx1a"
"SRR15415547","stx_A",1,1,"Complete stx","Panaroo",50,1,"stx1a"
"SRR15415547","stx_B",1,1,"Complete stx","Panaroo",50,1,"stx1a"
"SRR15415547","stx_A",1,1,"Complete stx","Panaroo",90,1,"stx1a"
"SRR15415547","stx_B",1,1,"Complete stx","Panaroo",90,1,"stx1a"
"SRR15415547","stx_A",1,1,"Complete stx","Panaroo",100,1,"stx1a"
"SRR15415547","stx_B",1,1,"Complete stx","Panaroo",100,1,"stx1a"
"SRR15415547","stx_A",1,1,"Complete stx","Roary",0,1,"stx1a"
"SRR15415547","stx_B",1,1,"Complete stx","Roary",0,1,"stx1a"
"SRR15415547","stx_A",1,1,"Complete stx","Roary",10,1,"stx1a"
"SRR15415547","stx_B",1,1,"Complete stx","Roary",10,1,"stx1a"
"SRR15415547","stx_A",1,1,"Complete stx","Roary",50,1,"stx1a"
"SRR15415547","stx_B",1,1,"Complete stx","Roary",50,1,"stx1a"
"SRR15415547","stx_A",1,1,"Complete stx","Roary",90,1,"stx1a"
"SRR15415547","stx_B",1,1,"Complete stx","Roary",90,1,"stx1a"
"SRR15415547","stx_A",1,1,"Complete stx","Roary",100,1,"stx1a"
"SRR15415547","stx_B",1,1,"Complete stx","Roary",100,1,"stx1a"
"SRR15415547","stx_A",1,1,"Complete stx","ggCaller",0,1,"stx1a"
"SRR15415547","stx_B",1,1,"Complete stx","ggCaller",0,1,"stx1a"
"SRR15415547","stx_A",1,1,"Complete stx","ggCaller",10,1,"stx1a"
"SRR15415547","stx_B",1,1,"Complete stx","ggCaller",10,1,"stx1a"
"SRR15415547","stx_A",1,1,"Complete stx","ggCaller",50,1,"stx1a"
"SRR15415547","stx_B",1,1,"Complete stx","ggCaller",50,1,"stx1a"
"SRR15415547","stx_A",1,1,"Complete stx","ggCaller",90,1,"stx1a"
"SRR15415547","stx_B",1,1,"Complete stx","ggCaller",90,1,"stx1a"
"SRR15415547","stx_A",1,1,"Complete stx","ggCaller",100,1,"stx1a"
"SRR15415547","stx_B",1,1,"Complete stx","ggCaller",100,1,"stx1a"
"SRR15415549","stx_A",2,2,"Complete stx","BAKTA",0,2,"stx1a; stx2a"
"SRR15415549","stx_B",2,2,"Complete stx","BAKTA",0,2,"stx1a; stx2a"
"SRR15415549","stx_A",2,2,"Complete stx","BAKTA",100,2,"stx1a; stx2a"
"SRR15415549","stx_B",2,2,"Complete stx","BAKTA",100,2,"stx1a; stx2a"
"SRR15415549","stx_A",2,2,"Complete stx","PPanGGOLiN",0,2,"stx1a; stx2a"
"SRR15415549","stx_B",2,2,"Complete stx","PPanGGOLiN",0,2,"stx1a; stx2a"
"SRR15415549","stx_A",2,2,"Complete stx","PPanGGOLiN",10,2,"stx1a; stx2a"
"SRR15415549","stx_B",2,2,"Complete stx","PPanGGOLiN",10,2,"stx1a; stx2a"
"SRR15415549","stx_A",2,2,"Complete stx","PPanGGOLiN",50,2,"stx1a; stx2a"
"SRR15415549","stx_B",2,2,"Complete stx","PPanGGOLiN",50,2,"stx1a; stx2a"
"SRR15415549","stx_A",2,2,"Complete stx","PPanGGOLiN",90,2,"stx1a; stx2a"
"SRR15415549","stx_B",2,2,"Complete stx","PPanGGOLiN",90,2,"stx1a; stx2a"
"SRR15415549","stx_A",2,2,"Complete stx","PPanGGOLiN",100,2,"stx1a; stx2a"
"SRR15415549","stx_B",2,2,"Complete stx","PPanGGOLiN",100,2,"stx1a; stx2a"
"SRR15415549","stx_A",2,2,"Complete stx","Panaroo",0,2,"stx1a; stx2a"
"SRR15415549","stx_B",2,2,"Complete stx","Panaroo",0,2,"stx1a; stx2a"
"SRR15415549","stx_A",2,2,"Complete stx","Panaroo",10,2,"stx1a; stx2a"
"SRR15415549","stx_B",2,2,"Complete stx","Panaroo",10,2,"stx1a; stx2a"
"SRR15415549","stx_A",2,2,"Complete stx","Panaroo",50,2,"stx1a; stx2a"
"SRR15415549","stx_B",2,2,"Complete stx","Panaroo",50,2,"stx1a; stx2a"
"SRR15415549","stx_A",2,2,"Complete stx","Panaroo",90,2,"stx1a; stx2a"
"SRR15415549","stx_B",2,2,"Complete stx","Panaroo",90,2,"stx1a; stx2a"
"SRR15415549","stx_A",2,2,"Complete stx","Panaroo",100,2,"stx1a; stx2a"
"SRR15415549","stx_B",2,2,"Complete stx","Panaroo",100,2,"stx1a; stx2a"
"SRR15415549","stx_A",2,2,"Complete stx","Roary",0,1,"stx1a; stx2a"
"SRR15415549","stx_B",2,2,"Complete stx","Roary",0,1,"stx1a; stx2a"
"SRR15415549","stx_A",2,2,"Complete stx","Roary",10,1,"stx1a; stx2a"
"SRR15415549","stx_B",2,2,"Complete stx","Roary",10,1,"stx1a; stx2a"
"SRR15415549","stx_A",2,2,"Complete stx","Roary",50,1,"stx1a; stx2a"
"SRR15415549","stx_B",2,2,"Complete stx","Roary",50,1,"stx1a; stx2a"
"SRR15415549","stx_A",2,2,"Complete stx","Roary",90,1,"stx1a; stx2a"
"SRR15415549","stx_B",2,2,"Complete stx","Roary",90,1,"stx1a; stx2a"
"SRR15415549","stx_A",2,2,"Complete stx","Roary",100,1,"stx1a; stx2a"
"SRR15415549","stx_B",2,2,"Complete stx","Roary",100,1,"stx1a; stx2a"
"SRR15415549","stx_A",2,2,"Complete stx","ggCaller",0,2,"stx1a; stx2a"
"SRR15415549","stx_B",2,2,"Complete stx","ggCaller",0,2,"stx1a; stx2a"
"SRR15415549","stx_A",2,2,"Complete stx","ggCaller",10,2,"stx1a; stx2a"
"SRR15415549","stx_B",2,2,"Complete stx","ggCaller",10,2,"stx1a; stx2a"
"SRR15415549","stx_A",2,2,"Complete stx","ggCaller",50,4,"stx1a; stx2a"
"SRR15415549","stx_B",2,2,"Complete stx","ggCaller",50,2,"stx1a; stx2a"
"SRR15415549","stx_A",2,2,"Complete stx","ggCaller",90,4,"stx1a; stx2a"
"SRR15415549","stx_B",2,2,"Complete stx","ggCaller",90,2,"stx1a; stx2a"
"SRR15415549","stx_A",2,2,"Complete stx","ggCaller",100,4,"stx1a; stx2a"
"SRR15415549","stx_B",2,2,"Complete stx","ggCaller",100,3,"stx1a; stx2a"
"SRR15415554","stx_A",2,2,"Complete stx","BAKTA",0,2,"stx1a; stx2c"
"SRR15415554","stx_B",2,2,"Complete stx","BAKTA",0,2,"stx1a; stx2c"
"SRR15415554","stx_A",2,2,"Complete stx","BAKTA",100,2,"stx1a; stx2c"
"SRR15415554","stx_B",2,2,"Complete stx","BAKTA",100,2,"stx1a; stx2c"
"SRR15415554","stx_A",2,2,"Complete stx","PPanGGOLiN",0,2,"stx1a; stx2c"
"SRR15415554","stx_B",2,2,"Complete stx","PPanGGOLiN",0,2,"stx1a; stx2c"
"SRR15415554","stx_A",2,2,"Complete stx","PPanGGOLiN",10,2,"stx1a; stx2c"
"SRR15415554","stx_B",2,2,"Complete stx","PPanGGOLiN",10,2,"stx1a; stx2c"
"SRR15415554","stx_A",2,2,"Complete stx","PPanGGOLiN",50,2,"stx1a; stx2c"
"SRR15415554","stx_B",2,2,"Complete stx","PPanGGOLiN",50,2,"stx1a; stx2c"
"SRR15415554","stx_A",2,2,"Complete stx","PPanGGOLiN",90,2,"stx1a; stx2c"
"SRR15415554","stx_B",2,2,"Complete stx","PPanGGOLiN",90,2,"stx1a; stx2c"
"SRR15415554","stx_A",2,2,"Complete stx","PPanGGOLiN",100,2,"stx1a; stx2c"
"SRR15415554","stx_B",2,2,"Complete stx","PPanGGOLiN",100,2,"stx1a; stx2c"
"SRR15415554","stx_A",2,2,"Complete stx","Panaroo",0,2,"stx1a; stx2c"
"SRR15415554","stx_B",2,2,"Complete stx","Panaroo",0,2,"stx1a; stx2c"
"SRR15415554","stx_A",2,2,"Complete stx","Panaroo",10,2,"stx1a; stx2c"
"SRR15415554","stx_B",2,2,"Complete stx","Panaroo",10,2,"stx1a; stx2c"
"SRR15415554","stx_A",2,2,"Complete stx","Panaroo",50,2,"stx1a; stx2c"
"SRR15415554","stx_B",2,2,"Complete stx","Panaroo",50,2,"stx1a; stx2c"
"SRR15415554","stx_A",2,2,"Complete stx","Panaroo",90,2,"stx1a; stx2c"
"SRR15415554","stx_B",2,2,"Complete stx","Panaroo",90,2,"stx1a; stx2c"
"SRR15415554","stx_A",2,2,"Complete stx","Panaroo",100,2,"stx1a; stx2c"
"SRR15415554","stx_B",2,2,"Complete stx","Panaroo",100,2,"stx1a; stx2c"
"SRR15415554","stx_A",2,2,"Complete stx","Roary",0,1,"stx1a; stx2c"
"SRR15415554","stx_B",2,2,"Complete stx","Roary",0,1,"stx1a; stx2c"
"SRR15415554","stx_A",2,2,"Complete stx","Roary",10,1,"stx1a; stx2c"
"SRR15415554","stx_B",2,2,"Complete stx","Roary",10,1,"stx1a; stx2c"
"SRR15415554","stx_A",2,2,"Complete stx","Roary",50,1,"stx1a; stx2c"
"SRR15415554","stx_B",2,2,"Complete stx","Roary",50,1,"stx1a; stx2c"
"SRR15415554","stx_A",2,2,"Complete stx","Roary",90,1,"stx1a; stx2c"
"SRR15415554","stx_B",2,2,"Complete stx","Roary",90,1,"stx1a; stx2c"
"SRR15415554","stx_A",2,2,"Complete stx","Roary",100,1,"stx1a; stx2c"
"SRR15415554","stx_B",2,2,"Complete stx","Roary",100,1,"stx1a; stx2c"
"SRR15415554","stx_A",2,2,"Complete stx","ggCaller",0,3,"stx1a; stx2c"
"SRR15415554","stx_B",2,2,"Complete stx","ggCaller",0,2,"stx1a; stx2c"
"SRR15415554","stx_A",2,2,"Complete stx","ggCaller",10,3,"stx1a; stx2c"
"SRR15415554","stx_B",2,2,"Complete stx","ggCaller",10,2,"stx1a; stx2c"
"SRR15415554","stx_A",2,2,"Complete stx","ggCaller",50,4,"stx1a; stx2c"
"SRR15415554","stx_B",2,2,"Complete stx","ggCaller",50,2,"stx1a; stx2c"
"SRR15415554","stx_A",2,2,"Complete stx","ggCaller",90,4,"stx1a; stx2c"
"SRR15415554","stx_B",2,2,"Complete stx","ggCaller",90,2,"stx1a; stx2c"
"SRR15415554","stx_A",2,2,"Complete stx","ggCaller",100,4,"stx1a; stx2c"
"SRR15415554","stx_B",2,2,"Complete stx","ggCaller",100,2,"stx1a; stx2c"
"SRR15415555","stx_A",1,1,"Complete stx","BAKTA",0,1,"stx2c"
"SRR15415555","stx_B",1,1,"Complete stx","BAKTA",0,1,"stx2c"
"SRR15415555","stx_A",1,1,"Complete stx","BAKTA",100,1,"stx2c"
"SRR15415555","stx_B",1,1,"Complete stx","BAKTA",100,1,"stx2c"
"SRR15415555","stx_A",1,1,"Complete stx","PPanGGOLiN",0,1,"stx2c"
"SRR15415555","stx_B",1,1,"Complete stx","PPanGGOLiN",0,1,"stx2c"
"SRR15415555","stx_A",1,1,"Complete stx","PPanGGOLiN",10,1,"stx2c"
"SRR15415555","stx_B",1,1,"Complete stx","PPanGGOLiN",10,1,"stx2c"
"SRR15415555","stx_A",1,1,"Complete stx","PPanGGOLiN",50,1,"stx2c"
"SRR15415555","stx_B",1,1,"Complete stx","PPanGGOLiN",50,1,"stx2c"
"SRR15415555","stx_A",1,1,"Complete stx","PPanGGOLiN",90,1,"stx2c"
"SRR15415555","stx_B",1,1,"Complete stx","PPanGGOLiN",90,1,"stx2c"
"SRR15415555","stx_A",1,1,"Complete stx","PPanGGOLiN",100,1,"stx2c"
"SRR15415555","stx_B",1,1,"Complete stx","PPanGGOLiN",100,1,"stx2c"
"SRR15415555","stx_A",1,1,"Complete stx","Panaroo",0,1,"stx2c"
"SRR15415555","stx_B",1,1,"Complete stx","Panaroo",0,1,"stx2c"
"SRR15415555","stx_A",1,1,"Complete stx","Panaroo",10,1,"stx2c"
"SRR15415555","stx_B",1,1,"Complete stx","Panaroo",10,1,"stx2c"
"SRR15415555","stx_A",1,1,"Complete stx","Panaroo",50,1,"stx2c"
"SRR15415555","stx_B",1,1,"Complete stx","Panaroo",50,1,"stx2c"
"SRR15415555","stx_A",1,1,"Complete stx","Panaroo",90,1,"stx2c"
"SRR15415555","stx_B",1,1,"Complete stx","Panaroo",90,1,"stx2c"
"SRR15415555","stx_A",1,1,"Complete stx","Panaroo",100,1,"stx2c"
"SRR15415555","stx_B",1,1,"Complete stx","Panaroo",100,1,"stx2c"
"SRR15415555","stx_A",1,1,"Complete stx","Roary",0,1,"stx2c"
"SRR15415555","stx_B",1,1,"Complete stx","Roary",0,1,"stx2c"
"SRR15415555","stx_A",1,1,"Complete stx","Roary",10,1,"stx2c"
"SRR15415555","stx_B",1,1,"Complete stx","Roary",10,1,"stx2c"
"SRR15415555","stx_A",1,1,"Complete stx","Roary",50,1,"stx2c"
"SRR15415555","stx_B",1,1,"Complete stx","Roary",50,1,"stx2c"
"SRR15415555","stx_A",1,1,"Complete stx","Roary",90,1,"stx2c"
"SRR15415555","stx_B",1,1,"Complete stx","Roary",90,1,"stx2c"
"SRR15415555","stx_A",1,1,"Complete stx","Roary",100,1,"stx2c"
"SRR15415555","stx_B",1,1,"Complete stx","Roary",100,1,"stx2c"
"SRR15415555","stx_A",1,1,"Complete stx","ggCaller",0,2,"stx2c"
"SRR15415555","stx_B",1,1,"Complete stx","ggCaller",0,1,"stx2c"
"SRR15415555","stx_A",1,1,"Complete stx","ggCaller",10,2,"stx2c"
"SRR15415555","stx_B",1,1,"Complete stx","ggCaller",10,1,"stx2c"
"SRR15415555","stx_A",1,1,"Complete stx","ggCaller",50,3,"stx2c"
"SRR15415555","stx_B",1,1,"Complete stx","ggCaller",50,1,"stx2c"
"SRR15415555","stx_A",1,1,"Complete stx","ggCaller",90,3,"stx2c"
"SRR15415555","stx_B",1,1,"Complete stx","ggCaller",90,1,"stx2c"
"SRR15415555","stx_A",1,1,"Complete stx","ggCaller",100,3,"stx2c"
"SRR15415555","stx_B",1,1,"Complete stx","ggCaller",100,1,"stx2c"
"SRR15415556","stx_A",2,2,"Complete stx","BAKTA",0,2,"stx1a; stx2c"
"SRR15415556","stx_B",2,2,"Complete stx","BAKTA",0,2,"stx1a; stx2c"
"SRR15415556","stx_A",2,2,"Complete stx","BAKTA",100,2,"stx1a; stx2c"
"SRR15415556","stx_B",2,2,"Complete stx","BAKTA",100,2,"stx1a; stx2c"
"SRR15415556","stx_A",2,2,"Complete stx","PPanGGOLiN",0,2,"stx1a; stx2c"
"SRR15415556","stx_B",2,2,"Complete stx","PPanGGOLiN",0,2,"stx1a; stx2c"
"SRR15415556","stx_A",2,2,"Complete stx","PPanGGOLiN",10,2,"stx1a; stx2c"
"SRR15415556","stx_B",2,2,"Complete stx","PPanGGOLiN",10,2,"stx1a; stx2c"
"SRR15415556","stx_A",2,2,"Complete stx","PPanGGOLiN",50,2,"stx1a; stx2c"
"SRR15415556","stx_B",2,2,"Complete stx","PPanGGOLiN",50,2,"stx1a; stx2c"
"SRR15415556","stx_A",2,2,"Complete stx","PPanGGOLiN",90,2,"stx1a; stx2c"
"SRR15415556","stx_B",2,2,"Complete stx","PPanGGOLiN",90,2,"stx1a; stx2c"
"SRR15415556","stx_A",2,2,"Complete stx","PPanGGOLiN",100,2,"stx1a; stx2c"
"SRR15415556","stx_B",2,2,"Complete stx","PPanGGOLiN",100,2,"stx1a; stx2c"
"SRR15415556","stx_A",2,2,"Complete stx","Panaroo",0,2,"stx1a; stx2c"
"SRR15415556","stx_B",2,2,"Complete stx","Panaroo",0,2,"stx1a; stx2c"
"SRR15415556","stx_A",2,2,"Complete stx","Panaroo",10,2,"stx1a; stx2c"
"SRR15415556","stx_B",2,2,"Complete stx","Panaroo",10,2,"stx1a; stx2c"
"SRR15415556","stx_A",2,2,"Complete stx","Panaroo",50,2,"stx1a; stx2c"
"SRR15415556","stx_B",2,2,"Complete stx","Panaroo",50,2,"stx1a; stx2c"
"SRR15415556","stx_A",2,2,"Complete stx","Panaroo",90,2,"stx1a; stx2c"
"SRR15415556","stx_B",2,2,"Complete stx","Panaroo",90,2,"stx1a; stx2c"
"SRR15415556","stx_A",2,2,"Complete stx","Panaroo",100,2,"stx1a; stx2c"
"SRR15415556","stx_B",2,2,"Complete stx","Panaroo",100,2,"stx1a; stx2c"
"SRR15415556","stx_A",2,2,"Complete stx","Roary",0,1,"stx1a; stx2c"
"SRR15415556","stx_B",2,2,"Complete stx","Roary",0,1,"stx1a; stx2c"
"SRR15415556","stx_A",2,2,"Complete stx","Roary",10,1,"stx1a; stx2c"
"SRR15415556","stx_B",2,2,"Complete stx","Roary",10,1,"stx1a; stx2c"
"SRR15415556","stx_A",2,2,"Complete stx","Roary",50,1,"stx1a; stx2c"
"SRR15415556","stx_B",2,2,"Complete stx","Roary",50,1,"stx1a; stx2c"
"SRR15415556","stx_A",2,2,"Complete stx","Roary",90,1,"stx1a; stx2c"
"SRR15415556","stx_B",2,2,"Complete stx","Roary",90,1,"stx1a; stx2c"
"SRR15415556","stx_A",2,2,"Complete stx","Roary",100,1,"stx1a; stx2c"
"SRR15415556","stx_B",2,2,"Complete stx","Roary",100,1,"stx1a; stx2c"
"SRR15415556","stx_A",2,2,"Complete stx","ggCaller",0,3,"stx1a; stx2c"
"SRR15415556","stx_B",2,2,"Complete stx","ggCaller",0,2,"stx1a; stx2c"
"SRR15415556","stx_A",2,2,"Complete stx","ggCaller",10,3,"stx1a; stx2c"
"SRR15415556","stx_B",2,2,"Complete stx","ggCaller",10,2,"stx1a; stx2c"
"SRR15415556","stx_A",2,2,"Complete stx","ggCaller",50,4,"stx1a; stx2c"
"SRR15415556","stx_B",2,2,"Complete stx","ggCaller",50,2,"stx1a; stx2c"
"SRR15415556","stx_A",2,2,"Complete stx","ggCaller",90,4,"stx1a; stx2c"
"SRR15415556","stx_B",2,2,"Complete stx","ggCaller",90,2,"stx1a; stx2c"
"SRR15415556","stx_A",2,2,"Complete stx","ggCaller",100,4,"stx1a; stx2c"
"SRR15415556","stx_B",2,2,"Complete stx","ggCaller",100,2,"stx1a; stx2c"
"SRR15415557","stx_A",2,2,"Complete stx","BAKTA",0,2,"stx1a; stx2a"
"SRR15415557","stx_B",2,2,"Complete stx","BAKTA",0,2,"stx1a; stx2a"
"SRR15415557","stx_A",2,2,"Complete stx","BAKTA",100,2,"stx1a; stx2a"
"SRR15415557","stx_B",2,2,"Complete stx","BAKTA",100,2,"stx1a; stx2a"
"SRR15415557","stx_A",2,2,"Complete stx","PPanGGOLiN",0,2,"stx1a; stx2a"
"SRR15415557","stx_B",2,2,"Complete stx","PPanGGOLiN",0,2,"stx1a; stx2a"
"SRR15415557","stx_A",2,2,"Complete stx","PPanGGOLiN",10,2,"stx1a; stx2a"
"SRR15415557","stx_B",2,2,"Complete stx","PPanGGOLiN",10,2,"stx1a; stx2a"
"SRR15415557","stx_A",2,2,"Complete stx","PPanGGOLiN",50,2,"stx1a; stx2a"
"SRR15415557","stx_B",2,2,"Complete stx","PPanGGOLiN",50,2,"stx1a; stx2a"
"SRR15415557","stx_A",2,2,"Complete stx","PPanGGOLiN",90,2,"stx1a; stx2a"
"SRR15415557","stx_B",2,2,"Complete stx","PPanGGOLiN",90,2,"stx1a; stx2a"
"SRR15415557","stx_A",2,2,"Complete stx","PPanGGOLiN",100,2,"stx1a; stx2a"
"SRR15415557","stx_B",2,2,"Complete stx","PPanGGOLiN",100,2,"stx1a; stx2a"
"SRR15415557","stx_A",2,2,"Complete stx","Panaroo",0,2,"stx1a; stx2a"
"SRR15415557","stx_B",2,2,"Complete stx","Panaroo",0,2,"stx1a; stx2a"
"SRR15415557","stx_A",2,2,"Complete stx","Panaroo",10,2,"stx1a; stx2a"
"SRR15415557","stx_B",2,2,"Complete stx","Panaroo",10,2,"stx1a; stx2a"
"SRR15415557","stx_A",2,2,"Complete stx","Panaroo",50,2,"stx1a; stx2a"
"SRR15415557","stx_B",2,2,"Complete stx","Panaroo",50,2,"stx1a; stx2a"
"SRR15415557","stx_A",2,2,"Complete stx","Panaroo",90,2,"stx1a; stx2a"
"SRR15415557","stx_B",2,2,"Complete stx","Panaroo",90,2,"stx1a; stx2a"
"SRR15415557","stx_A",2,2,"Complete stx","Panaroo",100,2,"stx1a; stx2a"
"SRR15415557","stx_B",2,2,"Complete stx","Panaroo",100,2,"stx1a; stx2a"
"SRR15415557","stx_A",2,2,"Complete stx","Roary",0,1,"stx1a; stx2a"
"SRR15415557","stx_B",2,2,"Complete stx","Roary",0,1,"stx1a; stx2a"
"SRR15415557","stx_A",2,2,"Complete stx","Roary",10,1,"stx1a; stx2a"
"SRR15415557","stx_B",2,2,"Complete stx","Roary",10,1,"stx1a; stx2a"
"SRR15415557","stx_A",2,2,"Complete stx","Roary",50,1,"stx1a; stx2a"
"SRR15415557","stx_B",2,2,"Complete stx","Roary",50,1,"stx1a; stx2a"
"SRR15415557","stx_A",2,2,"Complete stx","Roary",90,1,"stx1a; stx2a"
"SRR15415557","stx_B",2,2,"Complete stx","Roary",90,1,"stx1a; stx2a"
"SRR15415557","stx_A",2,2,"Complete stx","Roary",100,1,"stx1a; stx2a"
"SRR15415557","stx_B",2,2,"Complete stx","Roary",100,1,"stx1a; stx2a"
"SRR15415557","stx_A",2,2,"Complete stx","ggCaller",0,2,"stx1a; stx2a"
"SRR15415557","stx_B",2,2,"Complete stx","ggCaller",0,2,"stx1a; stx2a"
"SRR15415557","stx_A",2,2,"Complete stx","ggCaller",10,2,"stx1a; stx2a"
"SRR15415557","stx_B",2,2,"Complete stx","ggCaller",10,2,"stx1a; stx2a"
"SRR15415557","stx_A",2,2,"Complete stx","ggCaller",50,4,"stx1a; stx2a"
"SRR15415557","stx_B",2,2,"Complete stx","ggCaller",50,2,"stx1a; stx2a"
"SRR15415557","stx_A",2,2,"Complete stx","ggCaller",90,4,"stx1a; stx2a"
"SRR15415557","stx_B",2,2,"Complete stx","ggCaller",90,2,"stx1a; stx2a"
"SRR15415557","stx_A",2,2,"Complete stx","ggCaller",100,4,"stx1a; stx2a"
"SRR15415557","stx_B",2,2,"Complete stx","ggCaller",100,2,"stx1a; stx2a"
"SRR15415573","stx_A",2,2,"Complete stx","BAKTA",0,2,"stx1a; stx2a"
"SRR15415573","stx_B",2,2,"Complete stx","BAKTA",0,2,"stx1a; stx2a"
"SRR15415573","stx_A",2,2,"Complete stx","BAKTA",100,2,"stx1a; stx2a"
"SRR15415573","stx_B",2,2,"Complete stx","BAKTA",100,2,"stx1a; stx2a"
"SRR15415573","stx_A",2,2,"Complete stx","PPanGGOLiN",0,2,"stx1a; stx2a"
"SRR15415573","stx_B",2,2,"Complete stx","PPanGGOLiN",0,2,"stx1a; stx2a"
"SRR15415573","stx_A",2,2,"Complete stx","PPanGGOLiN",10,2,"stx1a; stx2a"
"SRR15415573","stx_B",2,2,"Complete stx","PPanGGOLiN",10,2,"stx1a; stx2a"
"SRR15415573","stx_A",2,2,"Complete stx","PPanGGOLiN",50,2,"stx1a; stx2a"
"SRR15415573","stx_B",2,2,"Complete stx","PPanGGOLiN",50,2,"stx1a; stx2a"
"SRR15415573","stx_A",2,2,"Complete stx","PPanGGOLiN",90,2,"stx1a; stx2a"
"SRR15415573","stx_B",2,2,"Complete stx","PPanGGOLiN",90,2,"stx1a; stx2a"
"SRR15415573","stx_A",2,2,"Complete stx","PPanGGOLiN",100,2,"stx1a; stx2a"
"SRR15415573","stx_B",2,2,"Complete stx","PPanGGOLiN",100,2,"stx1a; stx2a"
"SRR15415573","stx_A",2,2,"Complete stx","Panaroo",0,2,"stx1a; stx2a"
"SRR15415573","stx_B",2,2,"Complete stx","Panaroo",0,2,"stx1a; stx2a"
"SRR15415573","stx_A",2,2,"Complete stx","Panaroo",10,2,"stx1a; stx2a"
"SRR15415573","stx_B",2,2,"Complete stx","Panaroo",10,2,"stx1a; stx2a"
"SRR15415573","stx_A",2,2,"Complete stx","Panaroo",50,2,"stx1a; stx2a"
"SRR15415573","stx_B",2,2,"Complete stx","Panaroo",50,2,"stx1a; stx2a"
"SRR15415573","stx_A",2,2,"Complete stx","Panaroo",90,2,"stx1a; stx2a"
"SRR15415573","stx_B",2,2,"Complete stx","Panaroo",90,2,"stx1a; stx2a"
"SRR15415573","stx_A",2,2,"Complete stx","Panaroo",100,2,"stx1a; stx2a"
"SRR15415573","stx_B",2,2,"Complete stx","Panaroo",100,2,"stx1a; stx2a"
"SRR15415573","stx_A",2,2,"Complete stx","Roary",0,1,"stx1a; stx2a"
"SRR15415573","stx_B",2,2,"Complete stx","Roary",0,1,"stx1a; stx2a"
"SRR15415573","stx_A",2,2,"Complete stx","Roary",10,1,"stx1a; stx2a"
"SRR15415573","stx_B",2,2,"Complete stx","Roary",10,1,"stx1a; stx2a"
"SRR15415573","stx_A",2,2,"Complete stx","Roary",50,1,"stx1a; stx2a"
"SRR15415573","stx_B",2,2,"Complete stx","Roary",50,1,"stx1a; stx2a"
"SRR15415573","stx_A",2,2,"Complete stx","Roary",90,1,"stx1a; stx2a"
"SRR15415573","stx_B",2,2,"Complete stx","Roary",90,1,"stx1a; stx2a"
"SRR15415573","stx_A",2,2,"Complete stx","Roary",100,1,"stx1a; stx2a"
"SRR15415573","stx_B",2,2,"Complete stx","Roary",100,1,"stx1a; stx2a"
"SRR15415573","stx_A",2,2,"Complete stx","ggCaller",0,2,"stx1a; stx2a"
"SRR15415573","stx_B",2,2,"Complete stx","ggCaller",0,2,"stx1a; stx2a"
"SRR15415573","stx_A",2,2,"Complete stx","ggCaller",10,2,"stx1a; stx2a"
"SRR15415573","stx_B",2,2,"Complete stx","ggCaller",10,2,"stx1a; stx2a"
"SRR15415573","stx_A",2,2,"Complete stx","ggCaller",50,4,"stx1a; stx2a"
"SRR15415573","stx_B",2,2,"Complete stx","ggCaller",50,3,"stx1a; stx2a"
"SRR15415573","stx_A",2,2,"Complete stx","ggCaller",90,4,"stx1a; stx2a"
"SRR15415573","stx_B",2,2,"Complete stx","ggCaller",90,3,"stx1a; stx2a"
"SRR15415573","stx_A",2,2,"Complete stx","ggCaller",100,4,"stx1a; stx2a"
"SRR15415573","stx_B",2,2,"Complete stx","ggCaller",100,3,"stx1a; stx2a"
"SRR15415574","stx_A",1,1,"Complete stx","BAKTA",0,1,"stx2a"
"SRR15415574","stx_B",1,1,"Complete stx","BAKTA",0,1,"stx2a"
"SRR15415574","stx_A",1,1,"Complete stx","BAKTA",100,1,"stx2a"
"SRR15415574","stx_B",1,1,"Complete stx","BAKTA",100,1,"stx2a"
"SRR15415574","stx_A",1,1,"Complete stx","PPanGGOLiN",0,1,"stx2a"
"SRR15415574","stx_B",1,1,"Complete stx","PPanGGOLiN",0,1,"stx2a"
"SRR15415574","stx_A",1,1,"Complete stx","PPanGGOLiN",10,1,"stx2a"
"SRR15415574","stx_B",1,1,"Complete stx","PPanGGOLiN",10,1,"stx2a"
"SRR15415574","stx_A",1,1,"Complete stx","PPanGGOLiN",50,1,"stx2a"
"SRR15415574","stx_B",1,1,"Complete stx","PPanGGOLiN",50,1,"stx2a"
"SRR15415574","stx_A",1,1,"Complete stx","PPanGGOLiN",90,1,"stx2a"
"SRR15415574","stx_B",1,1,"Complete stx","PPanGGOLiN",90,1,"stx2a"
"SRR15415574","stx_A",1,1,"Complete stx","PPanGGOLiN",100,1,"stx2a"
"SRR15415574","stx_B",1,1,"Complete stx","PPanGGOLiN",100,1,"stx2a"
"SRR15415574","stx_A",1,1,"Complete stx","Panaroo",0,1,"stx2a"
"SRR15415574","stx_B",1,1,"Complete stx","Panaroo",0,1,"stx2a"
"SRR15415574","stx_A",1,1,"Complete stx","Panaroo",10,1,"stx2a"
"SRR15415574","stx_B",1,1,"Complete stx","Panaroo",10,1,"stx2a"
"SRR15415574","stx_A",1,1,"Complete stx","Panaroo",50,1,"stx2a"
"SRR15415574","stx_B",1,1,"Complete stx","Panaroo",50,1,"stx2a"
"SRR15415574","stx_A",1,1,"Complete stx","Panaroo",90,1,"stx2a"
"SRR15415574","stx_B",1,1,"Complete stx","Panaroo",90,1,"stx2a"
"SRR15415574","stx_A",1,1,"Complete stx","Panaroo",100,1,"stx2a"
"SRR15415574","stx_B",1,1,"Complete stx","Panaroo",100,1,"stx2a"
"SRR15415574","stx_A",1,1,"Complete stx","Roary",0,1,"stx2a"
"SRR15415574","stx_B",1,1,"Complete stx","Roary",0,1,"stx2a"
"SRR15415574","stx_A",1,1,"Complete stx","Roary",10,1,"stx2a"
"SRR15415574","stx_B",1,1,"Complete stx","Roary",10,1,"stx2a"
"SRR15415574","stx_A",1,1,"Complete stx","Roary",50,1,"stx2a"
"SRR15415574","stx_B",1,1,"Complete stx","Roary",50,1,"stx2a"
"SRR15415574","stx_A",1,1,"Complete stx","Roary",90,1,"stx2a"
"SRR15415574","stx_B",1,1,"Complete stx","Roary",90,1,"stx2a"
"SRR15415574","stx_A",1,1,"Complete stx","Roary",100,1,"stx2a"
"SRR15415574","stx_B",1,1,"Complete stx","Roary",100,1,"stx2a"
"SRR15415574","stx_A",1,1,"Complete stx","ggCaller",0,1,"stx2a"
"SRR15415574","stx_B",1,1,"Complete stx","ggCaller",0,1,"stx2a"
"SRR15415574","stx_A",1,1,"Complete stx","ggCaller",10,1,"stx2a"
"SRR15415574","stx_B",1,1,"Complete stx","ggCaller",10,1,"stx2a"
"SRR15415574","stx_A",1,1,"Complete stx","ggCaller",50,3,"stx2a"
"SRR15415574","stx_B",1,1,"Complete stx","ggCaller",50,1,"stx2a"
"SRR15415574","stx_A",1,1,"Complete stx","ggCaller",90,3,"stx2a"
"SRR15415574","stx_B",1,1,"Complete stx","ggCaller",90,1,"stx2a"
"SRR15415574","stx_A",1,1,"Complete stx","ggCaller",100,3,"stx2a"
"SRR15415574","stx_B",1,1,"Complete stx","ggCaller",100,2,"stx2a"
"SRR15415578","stx_A",1,1,"Complete stx","BAKTA",0,1,"stx2c"
"SRR15415578","stx_B",1,1,"Complete stx","BAKTA",0,1,"stx2c"
"SRR15415578","stx_A",1,1,"Complete stx","BAKTA",100,1,"stx2c"
"SRR15415578","stx_B",1,1,"Complete stx","BAKTA",100,1,"stx2c"
"SRR15415578","stx_A",1,1,"Complete stx","PPanGGOLiN",0,1,"stx2c"
"SRR15415578","stx_B",1,1,"Complete stx","PPanGGOLiN",0,1,"stx2c"
"SRR15415578","stx_A",1,1,"Complete stx","PPanGGOLiN",10,1,"stx2c"
"SRR15415578","stx_B",1,1,"Complete stx","PPanGGOLiN",10,1,"stx2c"
"SRR15415578","stx_A",1,1,"Complete stx","PPanGGOLiN",50,1,"stx2c"
"SRR15415578","stx_B",1,1,"Complete stx","PPanGGOLiN",50,1,"stx2c"
"SRR15415578","stx_A",1,1,"Complete stx","PPanGGOLiN",90,1,"stx2c"
"SRR15415578","stx_B",1,1,"Complete stx","PPanGGOLiN",90,1,"stx2c"
"SRR15415578","stx_A",1,1,"Complete stx","PPanGGOLiN",100,1,"stx2c"
"SRR15415578","stx_B",1,1,"Complete stx","PPanGGOLiN",100,1,"stx2c"
"SRR15415578","stx_A",1,1,"Complete stx","Panaroo",0,1,"stx2c"
"SRR15415578","stx_B",1,1,"Complete stx","Panaroo",0,1,"stx2c"
"SRR15415578","stx_A",1,1,"Complete stx","Panaroo",10,1,"stx2c"
"SRR15415578","stx_B",1,1,"Complete stx","Panaroo",10,1,"stx2c"
"SRR15415578","stx_A",1,1,"Complete stx","Panaroo",50,1,"stx2c"
"SRR15415578","stx_B",1,1,"Complete stx","Panaroo",50,1,"stx2c"
"SRR15415578","stx_A",1,1,"Complete stx","Panaroo",90,1,"stx2c"
"SRR15415578","stx_B",1,1,"Complete stx","Panaroo",90,1,"stx2c"
"SRR15415578","stx_A",1,1,"Complete stx","Panaroo",100,1,"stx2c"
"SRR15415578","stx_B",1,1,"Complete stx","Panaroo",100,1,"stx2c"
"SRR15415578","stx_A",1,1,"Complete stx","Roary",0,1,"stx2c"
"SRR15415578","stx_B",1,1,"Complete stx","Roary",0,1,"stx2c"
"SRR15415578","stx_A",1,1,"Complete stx","Roary",10,1,"stx2c"
"SRR15415578","stx_B",1,1,"Complete stx","Roary",10,1,"stx2c"
"SRR15415578","stx_A",1,1,"Complete stx","Roary",50,1,"stx2c"
"SRR15415578","stx_B",1,1,"Complete stx","Roary",50,1,"stx2c"
"SRR15415578","stx_A",1,1,"Complete stx","Roary",90,1,"stx2c"
"SRR15415578","stx_B",1,1,"Complete stx","Roary",90,1,"stx2c"
"SRR15415578","stx_A",1,1,"Complete stx","Roary",100,1,"stx2c"
"SRR15415578","stx_B",1,1,"Complete stx","Roary",100,1,"stx2c"
"SRR15415578","stx_A",1,1,"Complete stx","ggCaller",0,2,"stx2c"
"SRR15415578","stx_B",1,1,"Complete stx","ggCaller",0,1,"stx2c"
"SRR15415578","stx_A",1,1,"Complete stx","ggCaller",10,2,"stx2c"
"SRR15415578","stx_B",1,1,"Complete stx","ggCaller",10,1,"stx2c"
"SRR15415578","stx_A",1,1,"Complete stx","ggCaller",50,3,"stx2c"
"SRR15415578","stx_B",1,1,"Complete stx","ggCaller",50,1,"stx2c"
"SRR15415578","stx_A",1,1,"Complete stx","ggCaller",90,3,"stx2c"
"SRR15415578","stx_B",1,1,"Complete stx","ggCaller",90,1,"stx2c"
"SRR15415578","stx_A",1,1,"Complete stx","ggCaller",100,3,"stx2c"
"SRR15415578","stx_B",1,1,"Complete stx","ggCaller",100,1,"stx2c"
"SRR15415580","stx_A",1,1,"Complete stx","BAKTA",0,1,"stx2a"
"SRR15415580","stx_B",1,1,"Complete stx","BAKTA",0,1,"stx2a"
"SRR15415580","stx_A",1,1,"Complete stx","BAKTA",100,1,"stx2a"
"SRR15415580","stx_B",1,1,"Complete stx","BAKTA",100,1,"stx2a"
"SRR15415580","stx_A",1,1,"Complete stx","PPanGGOLiN",0,1,"stx2a"
"SRR15415580","stx_B",1,1,"Complete stx","PPanGGOLiN",0,1,"stx2a"
"SRR15415580","stx_A",1,1,"Complete stx","PPanGGOLiN",10,1,"stx2a"
"SRR15415580","stx_B",1,1,"Complete stx","PPanGGOLiN",10,1,"stx2a"
"SRR15415580","stx_A",1,1,"Complete stx","PPanGGOLiN",50,1,"stx2a"
"SRR15415580","stx_B",1,1,"Complete stx","PPanGGOLiN",50,1,"stx2a"
"SRR15415580","stx_A",1,1,"Complete stx","PPanGGOLiN",90,1,"stx2a"
"SRR15415580","stx_B",1,1,"Complete stx","PPanGGOLiN",90,1,"stx2a"
"SRR15415580","stx_A",1,1,"Complete stx","PPanGGOLiN",100,1,"stx2a"
"SRR15415580","stx_B",1,1,"Complete stx","PPanGGOLiN",100,1,"stx2a"
"SRR15415580","stx_A",1,1,"Complete stx","Panaroo",0,1,"stx2a"
"SRR15415580","stx_B",1,1,"Complete stx","Panaroo",0,1,"stx2a"
"SRR15415580","stx_A",1,1,"Complete stx","Panaroo",10,1,"stx2a"
"SRR15415580","stx_B",1,1,"Complete stx","Panaroo",10,1,"stx2a"
"SRR15415580","stx_A",1,1,"Complete stx","Panaroo",50,1,"stx2a"
"SRR15415580","stx_B",1,1,"Complete stx","Panaroo",50,1,"stx2a"
"SRR15415580","stx_A",1,1,"Complete stx","Panaroo",90,1,"stx2a"
"SRR15415580","stx_B",1,1,"Complete stx","Panaroo",90,1,"stx2a"
"SRR15415580","stx_A",1,1,"Complete stx","Panaroo",100,1,"stx2a"
"SRR15415580","stx_B",1,1,"Complete stx","Panaroo",100,1,"stx2a"
"SRR15415580","stx_A",1,1,"Complete stx","Roary",0,1,"stx2a"
"SRR15415580","stx_B",1,1,"Complete stx","Roary",0,1,"stx2a"
"SRR15415580","stx_A",1,1,"Complete stx","Roary",10,1,"stx2a"
"SRR15415580","stx_B",1,1,"Complete stx","Roary",10,1,"stx2a"
"SRR15415580","stx_A",1,1,"Complete stx","Roary",50,1,"stx2a"
"SRR15415580","stx_B",1,1,"Complete stx","Roary",50,1,"stx2a"
"SRR15415580","stx_A",1,1,"Complete stx","Roary",90,1,"stx2a"
"SRR15415580","stx_B",1,1,"Complete stx","Roary",90,1,"stx2a"
"SRR15415580","stx_A",1,1,"Complete stx","Roary",100,1,"stx2a"
"SRR15415580","stx_B",1,1,"Complete stx","Roary",100,1,"stx2a"
"SRR15415580","stx_A",1,1,"Complete stx","ggCaller",0,1,"stx2a"
"SRR15415580","stx_B",1,1,"Complete stx","ggCaller",0,1,"stx2a"
"SRR15415580","stx_A",1,1,"Complete stx","ggCaller",10,1,"stx2a"
"SRR15415580","stx_B",1,1,"Complete stx","ggCaller",10,1,"stx2a"
"SRR15415580","stx_A",1,1,"Complete stx","ggCaller",50,3,"stx2a"
"SRR15415580","stx_B",1,1,"Complete stx","ggCaller",50,2,"stx2a"
"SRR15415580","stx_A",1,1,"Complete stx","ggCaller",90,3,"stx2a"
"SRR15415580","stx_B",1,1,"Complete stx","ggCaller",90,2,"stx2a"
"SRR15415580","stx_A",1,1,"Complete stx","ggCaller",100,3,"stx2a"
"SRR15415580","stx_B",1,1,"Complete stx","ggCaller",100,2,"stx2a"
"SRR15415610","stx_A",1,1,"Complete stx","BAKTA",0,1,"stx2c"
"SRR15415610","stx_B",1,1,"Complete stx","BAKTA",0,1,"stx2c"
"SRR15415610","stx_A",1,1,"Complete stx","BAKTA",100,1,"stx2c"
"SRR15415610","stx_B",1,1,"Complete stx","BAKTA",100,1,"stx2c"
"SRR15415610","stx_A",1,1,"Complete stx","PPanGGOLiN",0,1,"stx2c"
"SRR15415610","stx_B",1,1,"Complete stx","PPanGGOLiN",0,1,"stx2c"
"SRR15415610","stx_A",1,1,"Complete stx","PPanGGOLiN",10,1,"stx2c"
"SRR15415610","stx_B",1,1,"Complete stx","PPanGGOLiN",10,1,"stx2c"
"SRR15415610","stx_A",1,1,"Complete stx","PPanGGOLiN",50,1,"stx2c"
"SRR15415610","stx_B",1,1,"Complete stx","PPanGGOLiN",50,1,"stx2c"
"SRR15415610","stx_A",1,1,"Complete stx","PPanGGOLiN",90,1,"stx2c"
"SRR15415610","stx_B",1,1,"Complete stx","PPanGGOLiN",90,1,"stx2c"
"SRR15415610","stx_A",1,1,"Complete stx","PPanGGOLiN",100,1,"stx2c"
"SRR15415610","stx_B",1,1,"Complete stx","PPanGGOLiN",100,1,"stx2c"
"SRR15415610","stx_A",1,1,"Complete stx","Panaroo",0,1,"stx2c"
"SRR15415610","stx_B",1,1,"Complete stx","Panaroo",0,1,"stx2c"
"SRR15415610","stx_A",1,1,"Complete stx","Panaroo",10,1,"stx2c"
"SRR15415610","stx_B",1,1,"Complete stx","Panaroo",10,1,"stx2c"
"SRR15415610","stx_A",1,1,"Complete stx","Panaroo",50,1,"stx2c"
"SRR15415610","stx_B",1,1,"Complete stx","Panaroo",50,1,"stx2c"
"SRR15415610","stx_A",1,1,"Complete stx","Panaroo",90,1,"stx2c"
"SRR15415610","stx_B",1,1,"Complete stx","Panaroo",90,1,"stx2c"
"SRR15415610","stx_A",1,1,"Complete stx","Panaroo",100,1,"stx2c"
"SRR15415610","stx_B",1,1,"Complete stx","Panaroo",100,1,"stx2c"
"SRR15415610","stx_A",1,1,"Complete stx","Roary",0,1,"stx2c"
"SRR15415610","stx_B",1,1,"Complete stx","Roary",0,1,"stx2c"
"SRR15415610","stx_A",1,1,"Complete stx","Roary",10,1,"stx2c"
"SRR15415610","stx_B",1,1,"Complete stx","Roary",10,1,"stx2c"
"SRR15415610","stx_A",1,1,"Complete stx","Roary",50,1,"stx2c"
"SRR15415610","stx_B",1,1,"Complete stx","Roary",50,1,"stx2c"
"SRR15415610","stx_A",1,1,"Complete stx","Roary",90,1,"stx2c"
"SRR15415610","stx_B",1,1,"Complete stx","Roary",90,1,"stx2c"
"SRR15415610","stx_A",1,1,"Complete stx","Roary",100,1,"stx2c"
"SRR15415610","stx_B",1,1,"Complete stx","Roary",100,1,"stx2c"
"SRR15415610","stx_A",1,1,"Complete stx","ggCaller",0,2,"stx2c"
"SRR15415610","stx_B",1,1,"Complete stx","ggCaller",0,1,"stx2c"
"SRR15415610","stx_A",1,1,"Complete stx","ggCaller",10,2,"stx2c"
"SRR15415610","stx_B",1,1,"Complete stx","ggCaller",10,1,"stx2c"
"SRR15415610","stx_A",1,1,"Complete stx","ggCaller",50,3,"stx2c"
"SRR15415610","stx_B",1,1,"Complete stx","ggCaller",50,1,"stx2c"
"SRR15415610","stx_A",1,1,"Complete stx","ggCaller",90,3,"stx2c"
"SRR15415610","stx_B",1,1,"Complete stx","ggCaller",90,1,"stx2c"
"SRR15415610","stx_A",1,1,"Complete stx","ggCaller",100,3,"stx2c"
"SRR15415610","stx_B",1,1,"Complete stx","ggCaller",100,1,"stx2c"
"SRR15415611","stx_A",1,1,"Complete stx","BAKTA",0,1,"stx2c"
"SRR15415611","stx_B",1,1,"Complete stx","BAKTA",0,1,"stx2c"
"SRR15415611","stx_A",1,1,"Complete stx","BAKTA",100,1,"stx2c"
"SRR15415611","stx_B",1,1,"Complete stx","BAKTA",100,1,"stx2c"
"SRR15415611","stx_A",1,1,"Complete stx","PPanGGOLiN",0,1,"stx2c"
"SRR15415611","stx_B",1,1,"Complete stx","PPanGGOLiN",0,1,"stx2c"
"SRR15415611","stx_A",1,1,"Complete stx","PPanGGOLiN",10,1,"stx2c"
"SRR15415611","stx_B",1,1,"Complete stx","PPanGGOLiN",10,1,"stx2c"
"SRR15415611","stx_A",1,1,"Complete stx","PPanGGOLiN",50,1,"stx2c"
"SRR15415611","stx_B",1,1,"Complete stx","PPanGGOLiN",50,1,"stx2c"
"SRR15415611","stx_A",1,1,"Complete stx","PPanGGOLiN",90,1,"stx2c"
"SRR15415611","stx_B",1,1,"Complete stx","PPanGGOLiN",90,1,"stx2c"
"SRR15415611","stx_A",1,1,"Complete stx","PPanGGOLiN",100,1,"stx2c"
"SRR15415611","stx_B",1,1,"Complete stx","PPanGGOLiN",100,1,"stx2c"
"SRR15415611","stx_A",1,1,"Complete stx","Panaroo",0,1,"stx2c"
"SRR15415611","stx_B",1,1,"Complete stx","Panaroo",0,1,"stx2c"
"SRR15415611","stx_A",1,1,"Complete stx","Panaroo",10,1,"stx2c"
"SRR15415611","stx_B",1,1,"Complete stx","Panaroo",10,1,"stx2c"
"SRR15415611","stx_A",1,1,"Complete stx","Panaroo",50,1,"stx2c"
"SRR15415611","stx_B",1,1,"Complete stx","Panaroo",50,1,"stx2c"
"SRR15415611","stx_A",1,1,"Complete stx","Panaroo",90,1,"stx2c"
"SRR15415611","stx_B",1,1,"Complete stx","Panaroo",90,1,"stx2c"
"SRR15415611","stx_A",1,1,"Complete stx","Panaroo",100,1,"stx2c"
"SRR15415611","stx_B",1,1,"Complete stx","Panaroo",100,1,"stx2c"
"SRR15415611","stx_A",1,1,"Complete stx","Roary",0,1,"stx2c"
"SRR15415611","stx_B",1,1,"Complete stx","Roary",0,1,"stx2c"
"SRR15415611","stx_A",1,1,"Complete stx","Roary",10,1,"stx2c"
"SRR15415611","stx_B",1,1,"Complete stx","Roary",10,1,"stx2c"
"SRR15415611","stx_A",1,1,"Complete stx","Roary",50,1,"stx2c"
"SRR15415611","stx_B",1,1,"Complete stx","Roary",50,1,"stx2c"
"SRR15415611","stx_A",1,1,"Complete stx","Roary",90,1,"stx2c"
"SRR15415611","stx_B",1,1,"Complete stx","Roary",90,1,"stx2c"
"SRR15415611","stx_A",1,1,"Complete stx","Roary",100,1,"stx2c"
"SRR15415611","stx_B",1,1,"Complete stx","Roary",100,1,"stx2c"
"SRR15415611","stx_A",1,1,"Complete stx","ggCaller",0,2,"stx2c"
"SRR15415611","stx_B",1,1,"Complete stx","ggCaller",0,1,"stx2c"
"SRR15415611","stx_A",1,1,"Complete stx","ggCaller",10,2,"stx2c"
"SRR15415611","stx_B",1,1,"Complete stx","ggCaller",10,1,"stx2c"
"SRR15415611","stx_A",1,1,"Complete stx","ggCaller",50,3,"stx2c"
"SRR15415611","stx_B",1,1,"Complete stx","ggCaller",50,1,"stx2c"
"SRR15415611","stx_A",1,1,"Complete stx","ggCaller",90,3,"stx2c"
"SRR15415611","stx_B",1,1,"Complete stx","ggCaller",90,1,"stx2c"
"SRR15415611","stx_A",1,1,"Complete stx","ggCaller",100,3,"stx2c"
"SRR15415611","stx_B",1,1,"Complete stx","ggCaller",100,1,"stx2c"
"SRR15415613","stx_A",2,2,"Complete stx","BAKTA",0,2,"stx1a; stx2a"
"SRR15415613","stx_B",2,2,"Complete stx","BAKTA",0,2,"stx1a; stx2a"
"SRR15415613","stx_A",2,2,"Complete stx","BAKTA",100,2,"stx1a; stx2a"
"SRR15415613","stx_B",2,2,"Complete stx","BAKTA",100,2,"stx1a; stx2a"
"SRR15415613","stx_A",2,2,"Complete stx","PPanGGOLiN",0,2,"stx1a; stx2a"
"SRR15415613","stx_B",2,2,"Complete stx","PPanGGOLiN",0,2,"stx1a; stx2a"
"SRR15415613","stx_A",2,2,"Complete stx","PPanGGOLiN",10,2,"stx1a; stx2a"
"SRR15415613","stx_B",2,2,"Complete stx","PPanGGOLiN",10,2,"stx1a; stx2a"
"SRR15415613","stx_A",2,2,"Complete stx","PPanGGOLiN",50,2,"stx1a; stx2a"
"SRR15415613","stx_B",2,2,"Complete stx","PPanGGOLiN",50,2,"stx1a; stx2a"
"SRR15415613","stx_A",2,2,"Complete stx","PPanGGOLiN",90,2,"stx1a; stx2a"
"SRR15415613","stx_B",2,2,"Complete stx","PPanGGOLiN",90,2,"stx1a; stx2a"
"SRR15415613","stx_A",2,2,"Complete stx","PPanGGOLiN",100,2,"stx1a; stx2a"
"SRR15415613","stx_B",2,2,"Complete stx","PPanGGOLiN",100,2,"stx1a; stx2a"
"SRR15415613","stx_A",2,2,"Complete stx","Panaroo",0,2,"stx1a; stx2a"
"SRR15415613","stx_B",2,2,"Complete stx","Panaroo",0,2,"stx1a; stx2a"
"SRR15415613","stx_A",2,2,"Complete stx","Panaroo",10,2,"stx1a; stx2a"
"SRR15415613","stx_B",2,2,"Complete stx","Panaroo",10,2,"stx1a; stx2a"
"SRR15415613","stx_A",2,2,"Complete stx","Panaroo",50,2,"stx1a; stx2a"
"SRR15415613","stx_B",2,2,"Complete stx","Panaroo",50,2,"stx1a; stx2a"
"SRR15415613","stx_A",2,2,"Complete stx","Panaroo",90,2,"stx1a; stx2a"
"SRR15415613","stx_B",2,2,"Complete stx","Panaroo",90,2,"stx1a; stx2a"
"SRR15415613","stx_A",2,2,"Complete stx","Panaroo",100,2,"stx1a; stx2a"
"SRR15415613","stx_B",2,2,"Complete stx","Panaroo",100,2,"stx1a; stx2a"
"SRR15415613","stx_A",2,2,"Complete stx","Roary",0,1,"stx1a; stx2a"
"SRR15415613","stx_B",2,2,"Complete stx","Roary",0,1,"stx1a; stx2a"
"SRR15415613","stx_A",2,2,"Complete stx","Roary",10,1,"stx1a; stx2a"
"SRR15415613","stx_B",2,2,"Complete stx","Roary",10,1,"stx1a; stx2a"
"SRR15415613","stx_A",2,2,"Complete stx","Roary",50,1,"stx1a; stx2a"
"SRR15415613","stx_B",2,2,"Complete stx","Roary",50,1,"stx1a; stx2a"
"SRR15415613","stx_A",2,2,"Complete stx","Roary",90,1,"stx1a; stx2a"
"SRR15415613","stx_B",2,2,"Complete stx","Roary",90,1,"stx1a; stx2a"
"SRR15415613","stx_A",2,2,"Complete stx","Roary",100,1,"stx1a; stx2a"
"SRR15415613","stx_B",2,2,"Complete stx","Roary",100,1,"stx1a; stx2a"
"SRR15415613","stx_A",2,2,"Complete stx","ggCaller",0,2,"stx1a; stx2a"
"SRR15415613","stx_B",2,2,"Complete stx","ggCaller",0,2,"stx1a; stx2a"
"SRR15415613","stx_A",2,2,"Complete stx","ggCaller",10,2,"stx1a; stx2a"
"SRR15415613","stx_B",2,2,"Complete stx","ggCaller",10,2,"stx1a; stx2a"
"SRR15415613","stx_A",2,2,"Complete stx","ggCaller",50,4,"stx1a; stx2a"
"SRR15415613","stx_B",2,2,"Complete stx","ggCaller",50,2,"stx1a; stx2a"
"SRR15415613","stx_A",2,2,"Complete stx","ggCaller",90,4,"stx1a; stx2a"
"SRR15415613","stx_B",2,2,"Complete stx","ggCaller",90,3,"stx1a; stx2a"
"SRR15415613","stx_A",2,2,"Complete stx","ggCaller",100,4,"stx1a; stx2a"
"SRR15415613","stx_B",2,2,"Complete stx","ggCaller",100,3,"stx1a; stx2a"
"SRR15415621","stx_A",1,1,"Complete stx","BAKTA",0,1,"stx2a"
"SRR15415621","stx_B",1,1,"Complete stx","BAKTA",0,1,"stx2a"
"SRR15415621","stx_A",1,1,"Complete stx","BAKTA",100,1,"stx2a"
"SRR15415621","stx_B",1,1,"Complete stx","BAKTA",100,1,"stx2a"
"SRR15415621","stx_A",1,1,"Complete stx","PPanGGOLiN",0,1,"stx2a"
"SRR15415621","stx_B",1,1,"Complete stx","PPanGGOLiN",0,1,"stx2a"
"SRR15415621","stx_A",1,1,"Complete stx","PPanGGOLiN",10,1,"stx2a"
"SRR15415621","stx_B",1,1,"Complete stx","PPanGGOLiN",10,1,"stx2a"
"SRR15415621","stx_A",1,1,"Complete stx","PPanGGOLiN",50,1,"stx2a"
"SRR15415621","stx_B",1,1,"Complete stx","PPanGGOLiN",50,1,"stx2a"
"SRR15415621","stx_A",1,1,"Complete stx","PPanGGOLiN",90,1,"stx2a"
"SRR15415621","stx_B",1,1,"Complete stx","PPanGGOLiN",90,1,"stx2a"
"SRR15415621","stx_A",1,1,"Complete stx","PPanGGOLiN",100,1,"stx2a"
"SRR15415621","stx_B",1,1,"Complete stx","PPanGGOLiN",100,1,"stx2a"
"SRR15415621","stx_A",1,1,"Complete stx","Panaroo",0,1,"stx2a"
"SRR15415621","stx_B",1,1,"Complete stx","Panaroo",0,1,"stx2a"
"SRR15415621","stx_A",1,1,"Complete stx","Panaroo",10,1,"stx2a"
"SRR15415621","stx_B",1,1,"Complete stx","Panaroo",10,1,"stx2a"
"SRR15415621","stx_A",1,1,"Complete stx","Panaroo",50,1,"stx2a"
"SRR15415621","stx_B",1,1,"Complete stx","Panaroo",50,1,"stx2a"
"SRR15415621","stx_A",1,1,"Complete stx","Panaroo",90,1,"stx2a"
"SRR15415621","stx_B",1,1,"Complete stx","Panaroo",90,1,"stx2a"
"SRR15415621","stx_A",1,1,"Complete stx","Panaroo",100,1,"stx2a"
"SRR15415621","stx_B",1,1,"Complete stx","Panaroo",100,1,"stx2a"
"SRR15415621","stx_A",1,1,"Complete stx","Roary",0,1,"stx2a"
"SRR15415621","stx_B",1,1,"Complete stx","Roary",0,1,"stx2a"
"SRR15415621","stx_A",1,1,"Complete stx","Roary",10,1,"stx2a"
"SRR15415621","stx_B",1,1,"Complete stx","Roary",10,1,"stx2a"
"SRR15415621","stx_A",1,1,"Complete stx","Roary",50,1,"stx2a"
"SRR15415621","stx_B",1,1,"Complete stx","Roary",50,1,"stx2a"
"SRR15415621","stx_A",1,1,"Complete stx","Roary",90,1,"stx2a"
"SRR15415621","stx_B",1,1,"Complete stx","Roary",90,1,"stx2a"
"SRR15415621","stx_A",1,1,"Complete stx","Roary",100,1,"stx2a"
"SRR15415621","stx_B",1,1,"Complete stx","Roary",100,1,"stx2a"
"SRR15415621","stx_A",1,1,"Complete stx","ggCaller",0,1,"stx2a"
"SRR15415621","stx_B",1,1,"Complete stx","ggCaller",0,1,"stx2a"
"SRR15415621","stx_A",1,1,"Complete stx","ggCaller",10,1,"stx2a"
"SRR15415621","stx_B",1,1,"Complete stx","ggCaller",10,1,"stx2a"
"SRR15415621","stx_A",1,1,"Complete stx","ggCaller",50,3,"stx2a"
"SRR15415621","stx_B",1,1,"Complete stx","ggCaller",50,1,"stx2a"
"SRR15415621","stx_A",1,1,"Complete stx","ggCaller",90,3,"stx2a"
"SRR15415621","stx_B",1,1,"Complete stx","ggCaller",90,1,"stx2a"
"SRR15415621","stx_A",1,1,"Complete stx","ggCaller",100,3,"stx2a"
"SRR15415621","stx_B",1,1,"Complete stx","ggCaller",100,1,"stx2a"
"SRR15415622","stx_A",2,2,"Complete stx","BAKTA",0,2,"stx1a; stx2a"
"SRR15415622","stx_B",2,2,"Complete stx","BAKTA",0,2,"stx1a; stx2a"
"SRR15415622","stx_A",2,2,"Complete stx","BAKTA",100,2,"stx1a; stx2a"
"SRR15415622","stx_B",2,2,"Complete stx","BAKTA",100,2,"stx1a; stx2a"
"SRR15415622","stx_A",2,2,"Complete stx","PPanGGOLiN",0,2,"stx1a; stx2a"
"SRR15415622","stx_B",2,2,"Complete stx","PPanGGOLiN",0,2,"stx1a; stx2a"
"SRR15415622","stx_A",2,2,"Complete stx","PPanGGOLiN",10,2,"stx1a; stx2a"
"SRR15415622","stx_B",2,2,"Complete stx","PPanGGOLiN",10,2,"stx1a; stx2a"
"SRR15415622","stx_A",2,2,"Complete stx","PPanGGOLiN",50,2,"stx1a; stx2a"
"SRR15415622","stx_B",2,2,"Complete stx","PPanGGOLiN",50,2,"stx1a; stx2a"
"SRR15415622","stx_A",2,2,"Complete stx","PPanGGOLiN",90,2,"stx1a; stx2a"
"SRR15415622","stx_B",2,2,"Complete stx","PPanGGOLiN",90,2,"stx1a; stx2a"
"SRR15415622","stx_A",2,2,"Complete stx","PPanGGOLiN",100,2,"stx1a; stx2a"
"SRR15415622","stx_B",2,2,"Complete stx","PPanGGOLiN",100,2,"stx1a; stx2a"
"SRR15415622","stx_A",2,2,"Complete stx","Panaroo",0,2,"stx1a; stx2a"
"SRR15415622","stx_B",2,2,"Complete stx","Panaroo",0,2,"stx1a; stx2a"
"SRR15415622","stx_A",2,2,"Complete stx","Panaroo",10,2,"stx1a; stx2a"
"SRR15415622","stx_B",2,2,"Complete stx","Panaroo",10,2,"stx1a; stx2a"
"SRR15415622","stx_A",2,2,"Complete stx","Panaroo",50,2,"stx1a; stx2a"
"SRR15415622","stx_B",2,2,"Complete stx","Panaroo",50,2,"stx1a; stx2a"
"SRR15415622","stx_A",2,2,"Complete stx","Panaroo",90,2,"stx1a; stx2a"
"SRR15415622","stx_B",2,2,"Complete stx","Panaroo",90,2,"stx1a; stx2a"
"SRR15415622","stx_A",2,2,"Complete stx","Panaroo",100,2,"stx1a; stx2a"
"SRR15415622","stx_B",2,2,"Complete stx","Panaroo",100,2,"stx1a; stx2a"
"SRR15415622","stx_A",2,2,"Complete stx","Roary",0,1,"stx1a; stx2a"
"SRR15415622","stx_B",2,2,"Complete stx","Roary",0,1,"stx1a; stx2a"
"SRR15415622","stx_A",2,2,"Complete stx","Roary",10,1,"stx1a; stx2a"
"SRR15415622","stx_B",2,2,"Complete stx","Roary",10,1,"stx1a; stx2a"
"SRR15415622","stx_A",2,2,"Complete stx","Roary",50,1,"stx1a; stx2a"
"SRR15415622","stx_B",2,2,"Complete stx","Roary",50,1,"stx1a; stx2a"
"SRR15415622","stx_A",2,2,"Complete stx","Roary",90,1,"stx1a; stx2a"
"SRR15415622","stx_B",2,2,"Complete stx","Roary",90,1,"stx1a; stx2a"
"SRR15415622","stx_A",2,2,"Complete stx","Roary",100,1,"stx1a; stx2a"
"SRR15415622","stx_B",2,2,"Complete stx","Roary",100,1,"stx1a; stx2a"
"SRR15415622","stx_A",2,2,"Complete stx","ggCaller",0,2,"stx1a; stx2a"
"SRR15415622","stx_B",2,2,"Complete stx","ggCaller",0,2,"stx1a; stx2a"
"SRR15415622","stx_A",2,2,"Complete stx","ggCaller",10,2,"stx1a; stx2a"
"SRR15415622","stx_B",2,2,"Complete stx","ggCaller",10,2,"stx1a; stx2a"
"SRR15415622","stx_A",2,2,"Complete stx","ggCaller",50,4,"stx1a; stx2a"
"SRR15415622","stx_B",2,2,"Complete stx","ggCaller",50,2,"stx1a; stx2a"
"SRR15415622","stx_A",2,2,"Complete stx","ggCaller",90,4,"stx1a; stx2a"
"SRR15415622","stx_B",2,2,"Complete stx","ggCaller",90,2,"stx1a; stx2a"
"SRR15415622","stx_A",2,2,"Complete stx","ggCaller",100,4,"stx1a; stx2a"
"SRR15415622","stx_B",2,2,"Complete stx","ggCaller",100,2,"stx1a; stx2a"
"SRR15415624","stx_A",2,6,"Fragmented stx","BAKTA",0,0,"stx2a; stx2c"
"SRR15415624","stx_B",2,4,"Fragmented stx","BAKTA",0,0,"stx2a; stx2c"
"SRR15415624","stx_A",2,6,"Fragmented stx","BAKTA",100,2,"stx2a; stx2c"
"SRR15415624","stx_B",2,4,"Fragmented stx","BAKTA",100,2,"stx2a; stx2c"
"SRR15415624","stx_A",2,6,"Fragmented stx","PPanGGOLiN",0,0,"stx2a; stx2c"
"SRR15415624","stx_B",2,4,"Fragmented stx","PPanGGOLiN",0,0,"stx2a; stx2c"
"SRR15415624","stx_A",2,6,"Fragmented stx","PPanGGOLiN",10,0,"stx2a; stx2c"
"SRR15415624","stx_B",2,4,"Fragmented stx","PPanGGOLiN",10,0,"stx2a; stx2c"
"SRR15415624","stx_A",2,6,"Fragmented stx","PPanGGOLiN",50,1,"stx2a; stx2c"
"SRR15415624","stx_B",2,4,"Fragmented stx","PPanGGOLiN",50,1,"stx2a; stx2c"
"SRR15415624","stx_A",2,6,"Fragmented stx","PPanGGOLiN",90,1,"stx2a; stx2c"
"SRR15415624","stx_B",2,4,"Fragmented stx","PPanGGOLiN",90,1,"stx2a; stx2c"
"SRR15415624","stx_A",2,6,"Fragmented stx","PPanGGOLiN",100,1,"stx2a; stx2c"
"SRR15415624","stx_B",2,4,"Fragmented stx","PPanGGOLiN",100,1,"stx2a; stx2c"
"SRR15415624","stx_A",2,6,"Fragmented stx","Panaroo",0,0,"stx2a; stx2c"
"SRR15415624","stx_B",2,4,"Fragmented stx","Panaroo",0,0,"stx2a; stx2c"
"SRR15415624","stx_A",2,6,"Fragmented stx","Panaroo",10,0,"stx2a; stx2c"
"SRR15415624","stx_B",2,4,"Fragmented stx","Panaroo",10,0,"stx2a; stx2c"
"SRR15415624","stx_A",2,6,"Fragmented stx","Panaroo",50,1,"stx2a; stx2c"
"SRR15415624","stx_B",2,4,"Fragmented stx","Panaroo",50,2,"stx2a; stx2c"
"SRR15415624","stx_A",2,6,"Fragmented stx","Panaroo",90,1,"stx2a; stx2c"
"SRR15415624","stx_B",2,4,"Fragmented stx","Panaroo",90,2,"stx2a; stx2c"
"SRR15415624","stx_A",2,6,"Fragmented stx","Panaroo",100,1,"stx2a; stx2c"
"SRR15415624","stx_B",2,4,"Fragmented stx","Panaroo",100,2,"stx2a; stx2c"
"SRR15415624","stx_A",2,6,"Fragmented stx","Roary",0,0,"stx2a; stx2c"
"SRR15415624","stx_B",2,4,"Fragmented stx","Roary",0,0,"stx2a; stx2c"
"SRR15415624","stx_A",2,6,"Fragmented stx","Roary",10,0,"stx2a; stx2c"
"SRR15415624","stx_B",2,4,"Fragmented stx","Roary",10,0,"stx2a; stx2c"
"SRR15415624","stx_A",2,6,"Fragmented stx","Roary",50,2,"stx2a; stx2c"
"SRR15415624","stx_B",2,4,"Fragmented stx","Roary",50,1,"stx2a; stx2c"
"SRR15415624","stx_A",2,6,"Fragmented stx","Roary",90,2,"stx2a; stx2c"
"SRR15415624","stx_B",2,4,"Fragmented stx","Roary",90,1,"stx2a; stx2c"
"SRR15415624","stx_A",2,6,"Fragmented stx","Roary",100,2,"stx2a; stx2c"
"SRR15415624","stx_B",2,4,"Fragmented stx","Roary",100,1,"stx2a; stx2c"
"SRR15415624","stx_A",2,6,"Fragmented stx","ggCaller",0,0,"stx2a; stx2c"
"SRR15415624","stx_B",2,4,"Fragmented stx","ggCaller",0,0,"stx2a; stx2c"
"SRR15415624","stx_A",2,6,"Fragmented stx","ggCaller",10,0,"stx2a; stx2c"
"SRR15415624","stx_B",2,4,"Fragmented stx","ggCaller",10,0,"stx2a; stx2c"
"SRR15415624","stx_A",2,6,"Fragmented stx","ggCaller",50,3,"stx2a; stx2c"
"SRR15415624","stx_B",2,4,"Fragmented stx","ggCaller",50,2,"stx2a; stx2c"
"SRR15415624","stx_A",2,6,"Fragmented stx","ggCaller",90,3,"stx2a; stx2c"
"SRR15415624","stx_B",2,4,"Fragmented stx","ggCaller",90,2,"stx2a; stx2c"
"SRR15415624","stx_A",2,6,"Fragmented stx","ggCaller",100,3,"stx2a; stx2c"
"SRR15415624","stx_B",2,4,"Fragmented stx","ggCaller",100,2,"stx2a; stx2c"
"SRR15674630","stx_A",2,2,"Complete stx","BAKTA",0,2,"stx1a; stx2c"
"SRR15674630","stx_B",2,2,"Complete stx","BAKTA",0,2,"stx1a; stx2c"
"SRR15674630","stx_A",2,2,"Complete stx","BAKTA",100,2,"stx1a; stx2c"
"SRR15674630","stx_B",2,2,"Complete stx","BAKTA",100,2,"stx1a; stx2c"
"SRR15674630","stx_A",2,2,"Complete stx","PPanGGOLiN",0,2,"stx1a; stx2c"
"SRR15674630","stx_B",2,2,"Complete stx","PPanGGOLiN",0,2,"stx1a; stx2c"
"SRR15674630","stx_A",2,2,"Complete stx","PPanGGOLiN",10,2,"stx1a; stx2c"
"SRR15674630","stx_B",2,2,"Complete stx","PPanGGOLiN",10,2,"stx1a; stx2c"
"SRR15674630","stx_A",2,2,"Complete stx","PPanGGOLiN",50,2,"stx1a; stx2c"
"SRR15674630","stx_B",2,2,"Complete stx","PPanGGOLiN",50,2,"stx1a; stx2c"
"SRR15674630","stx_A",2,2,"Complete stx","PPanGGOLiN",90,2,"stx1a; stx2c"
"SRR15674630","stx_B",2,2,"Complete stx","PPanGGOLiN",90,2,"stx1a; stx2c"
"SRR15674630","stx_A",2,2,"Complete stx","PPanGGOLiN",100,2,"stx1a; stx2c"
"SRR15674630","stx_B",2,2,"Complete stx","PPanGGOLiN",100,2,"stx1a; stx2c"
"SRR15674630","stx_A",2,2,"Complete stx","Panaroo",0,2,"stx1a; stx2c"
"SRR15674630","stx_B",2,2,"Complete stx","Panaroo",0,2,"stx1a; stx2c"
"SRR15674630","stx_A",2,2,"Complete stx","Panaroo",10,2,"stx1a; stx2c"
"SRR15674630","stx_B",2,2,"Complete stx","Panaroo",10,2,"stx1a; stx2c"
"SRR15674630","stx_A",2,2,"Complete stx","Panaroo",50,2,"stx1a; stx2c"
"SRR15674630","stx_B",2,2,"Complete stx","Panaroo",50,2,"stx1a; stx2c"
"SRR15674630","stx_A",2,2,"Complete stx","Panaroo",90,2,"stx1a; stx2c"
"SRR15674630","stx_B",2,2,"Complete stx","Panaroo",90,2,"stx1a; stx2c"
"SRR15674630","stx_A",2,2,"Complete stx","Panaroo",100,2,"stx1a; stx2c"
"SRR15674630","stx_B",2,2,"Complete stx","Panaroo",100,2,"stx1a; stx2c"
"SRR15674630","stx_A",2,2,"Complete stx","Roary",0,1,"stx1a; stx2c"
"SRR15674630","stx_B",2,2,"Complete stx","Roary",0,1,"stx1a; stx2c"
"SRR15674630","stx_A",2,2,"Complete stx","Roary",10,1,"stx1a; stx2c"
"SRR15674630","stx_B",2,2,"Complete stx","Roary",10,1,"stx1a; stx2c"
"SRR15674630","stx_A",2,2,"Complete stx","Roary",50,1,"stx1a; stx2c"
"SRR15674630","stx_B",2,2,"Complete stx","Roary",50,1,"stx1a; stx2c"
"SRR15674630","stx_A",2,2,"Complete stx","Roary",90,1,"stx1a; stx2c"
"SRR15674630","stx_B",2,2,"Complete stx","Roary",90,1,"stx1a; stx2c"
"SRR15674630","stx_A",2,2,"Complete stx","Roary",100,1,"stx1a; stx2c"
"SRR15674630","stx_B",2,2,"Complete stx","Roary",100,1,"stx1a; stx2c"
"SRR15674630","stx_A",2,2,"Complete stx","ggCaller",0,3,"stx1a; stx2c"
"SRR15674630","stx_B",2,2,"Complete stx","ggCaller",0,2,"stx1a; stx2c"
"SRR15674630","stx_A",2,2,"Complete stx","ggCaller",10,3,"stx1a; stx2c"
"SRR15674630","stx_B",2,2,"Complete stx","ggCaller",10,2,"stx1a; stx2c"
"SRR15674630","stx_A",2,2,"Complete stx","ggCaller",50,4,"stx1a; stx2c"
"SRR15674630","stx_B",2,2,"Complete stx","ggCaller",50,2,"stx1a; stx2c"
"SRR15674630","stx_A",2,2,"Complete stx","ggCaller",90,4,"stx1a; stx2c"
"SRR15674630","stx_B",2,2,"Complete stx","ggCaller",90,2,"stx1a; stx2c"
"SRR15674630","stx_A",2,2,"Complete stx","ggCaller",100,4,"stx1a; stx2c"
"SRR15674630","stx_B",2,2,"Complete stx","ggCaller",100,2,"stx1a; stx2c"
"SRR1714120","stx_A",1,1,"Complete stx","BAKTA",0,1,"stx2a"
"SRR1714120","stx_B",1,1,"Complete stx","BAKTA",0,1,"stx2a"
"SRR1714120","stx_A",1,1,"Complete stx","BAKTA",100,1,"stx2a"
"SRR1714120","stx_B",1,1,"Complete stx","BAKTA",100,1,"stx2a"
"SRR1714120","stx_A",1,1,"Complete stx","PPanGGOLiN",0,1,"stx2a"
"SRR1714120","stx_B",1,1,"Complete stx","PPanGGOLiN",0,1,"stx2a"
"SRR1714120","stx_A",1,1,"Complete stx","PPanGGOLiN",10,1,"stx2a"
"SRR1714120","stx_B",1,1,"Complete stx","PPanGGOLiN",10,1,"stx2a"
"SRR1714120","stx_A",1,1,"Complete stx","PPanGGOLiN",50,1,"stx2a"
"SRR1714120","stx_B",1,1,"Complete stx","PPanGGOLiN",50,1,"stx2a"
"SRR1714120","stx_A",1,1,"Complete stx","PPanGGOLiN",90,1,"stx2a"
"SRR1714120","stx_B",1,1,"Complete stx","PPanGGOLiN",90,1,"stx2a"
"SRR1714120","stx_A",1,1,"Complete stx","PPanGGOLiN",100,1,"stx2a"
"SRR1714120","stx_B",1,1,"Complete stx","PPanGGOLiN",100,1,"stx2a"
"SRR1714120","stx_A",1,1,"Complete stx","Panaroo",0,1,"stx2a"
"SRR1714120","stx_B",1,1,"Complete stx","Panaroo",0,1,"stx2a"
"SRR1714120","stx_A",1,1,"Complete stx","Panaroo",10,1,"stx2a"
"SRR1714120","stx_B",1,1,"Complete stx","Panaroo",10,1,"stx2a"
"SRR1714120","stx_A",1,1,"Complete stx","Panaroo",50,1,"stx2a"
"SRR1714120","stx_B",1,1,"Complete stx","Panaroo",50,1,"stx2a"
"SRR1714120","stx_A",1,1,"Complete stx","Panaroo",90,1,"stx2a"
"SRR1714120","stx_B",1,1,"Complete stx","Panaroo",90,1,"stx2a"
"SRR1714120","stx_A",1,1,"Complete stx","Panaroo",100,1,"stx2a"
"SRR1714120","stx_B",1,1,"Complete stx","Panaroo",100,1,"stx2a"
"SRR1714120","stx_A",1,1,"Complete stx","Roary",0,1,"stx2a"
"SRR1714120","stx_B",1,1,"Complete stx","Roary",0,1,"stx2a"
"SRR1714120","stx_A",1,1,"Complete stx","Roary",10,1,"stx2a"
"SRR1714120","stx_B",1,1,"Complete stx","Roary",10,1,"stx2a"
"SRR1714120","stx_A",1,1,"Complete stx","Roary",50,1,"stx2a"
"SRR1714120","stx_B",1,1,"Complete stx","Roary",50,1,"stx2a"
"SRR1714120","stx_A",1,1,"Complete stx","Roary",90,1,"stx2a"
"SRR1714120","stx_B",1,1,"Complete stx","Roary",90,1,"stx2a"
"SRR1714120","stx_A",1,1,"Complete stx","Roary",100,1,"stx2a"
"SRR1714120","stx_B",1,1,"Complete stx","Roary",100,1,"stx2a"
"SRR1714120","stx_A",1,1,"Complete stx","ggCaller",0,1,"stx2a"
"SRR1714120","stx_B",1,1,"Complete stx","ggCaller",0,1,"stx2a"
"SRR1714120","stx_A",1,1,"Complete stx","ggCaller",10,1,"stx2a"
"SRR1714120","stx_B",1,1,"Complete stx","ggCaller",10,1,"stx2a"
"SRR1714120","stx_A",1,1,"Complete stx","ggCaller",50,3,"stx2a"
"SRR1714120","stx_B",1,1,"Complete stx","ggCaller",50,2,"stx2a"
"SRR1714120","stx_A",1,1,"Complete stx","ggCaller",90,3,"stx2a"
"SRR1714120","stx_B",1,1,"Complete stx","ggCaller",90,2,"stx2a"
"SRR1714120","stx_A",1,1,"Complete stx","ggCaller",100,3,"stx2a"
"SRR1714120","stx_B",1,1,"Complete stx","ggCaller",100,2,"stx2a"
"SRR23929852","stx_A",1,1,"Complete stx","BAKTA",0,1,"stx1a"
"SRR23929852","stx_B",1,1,"Complete stx","BAKTA",0,1,"stx1a"
"SRR23929852","stx_A",1,1,"Complete stx","BAKTA",100,1,"stx1a"
"SRR23929852","stx_B",1,1,"Complete stx","BAKTA",100,1,"stx1a"
"SRR23929852","stx_A",1,1,"Complete stx","PPanGGOLiN",0,1,"stx1a"
"SRR23929852","stx_B",1,1,"Complete stx","PPanGGOLiN",0,1,"stx1a"
"SRR23929852","stx_A",1,1,"Complete stx","PPanGGOLiN",10,1,"stx1a"
"SRR23929852","stx_B",1,1,"Complete stx","PPanGGOLiN",10,1,"stx1a"
"SRR23929852","stx_A",1,1,"Complete stx","PPanGGOLiN",50,1,"stx1a"
"SRR23929852","stx_B",1,1,"Complete stx","PPanGGOLiN",50,1,"stx1a"
"SRR23929852","stx_A",1,1,"Complete stx","PPanGGOLiN",90,1,"stx1a"
"SRR23929852","stx_B",1,1,"Complete stx","PPanGGOLiN",90,1,"stx1a"
"SRR23929852","stx_A",1,1,"Complete stx","PPanGGOLiN",100,1,"stx1a"
"SRR23929852","stx_B",1,1,"Complete stx","PPanGGOLiN",100,1,"stx1a"
"SRR23929852","stx_A",1,1,"Complete stx","Panaroo",0,1,"stx1a"
"SRR23929852","stx_B",1,1,"Complete stx","Panaroo",0,1,"stx1a"
"SRR23929852","stx_A",1,1,"Complete stx","Panaroo",10,1,"stx1a"
"SRR23929852","stx_B",1,1,"Complete stx","Panaroo",10,1,"stx1a"
"SRR23929852","stx_A",1,1,"Complete stx","Panaroo",50,1,"stx1a"
"SRR23929852","stx_B",1,1,"Complete stx","Panaroo",50,1,"stx1a"
"SRR23929852","stx_A",1,1,"Complete stx","Panaroo",90,1,"stx1a"
"SRR23929852","stx_B",1,1,"Complete stx","Panaroo",90,1,"stx1a"
"SRR23929852","stx_A",1,1,"Complete stx","Panaroo",100,1,"stx1a"
"SRR23929852","stx_B",1,1,"Complete stx","Panaroo",100,1,"stx1a"
"SRR23929852","stx_A",1,1,"Complete stx","Roary",0,1,"stx1a"
"SRR23929852","stx_B",1,1,"Complete stx","Roary",0,1,"stx1a"
"SRR23929852","stx_A",1,1,"Complete stx","Roary",10,1,"stx1a"
"SRR23929852","stx_B",1,1,"Complete stx","Roary",10,1,"stx1a"
"SRR23929852","stx_A",1,1,"Complete stx","Roary",50,1,"stx1a"
"SRR23929852","stx_B",1,1,"Complete stx","Roary",50,1,"stx1a"
"SRR23929852","stx_A",1,1,"Complete stx","Roary",90,1,"stx1a"
"SRR23929852","stx_B",1,1,"Complete stx","Roary",90,1,"stx1a"
"SRR23929852","stx_A",1,1,"Complete stx","Roary",100,1,"stx1a"
"SRR23929852","stx_B",1,1,"Complete stx","Roary",100,1,"stx1a"
"SRR23929852","stx_A",1,1,"Complete stx","ggCaller",0,1,"stx1a"
"SRR23929852","stx_B",1,1,"Complete stx","ggCaller",0,1,"stx1a"
"SRR23929852","stx_A",1,1,"Complete stx","ggCaller",10,1,"stx1a"
"SRR23929852","stx_B",1,1,"Complete stx","ggCaller",10,1,"stx1a"
"SRR23929852","stx_A",1,1,"Complete stx","ggCaller",50,1,"stx1a"
"SRR23929852","stx_B",1,1,"Complete stx","ggCaller",50,1,"stx1a"
"SRR23929852","stx_A",1,1,"Complete stx","ggCaller",90,1,"stx1a"
"SRR23929852","stx_B",1,1,"Complete stx","ggCaller",90,1,"stx1a"
"SRR23929852","stx_A",1,1,"Complete stx","ggCaller",100,1,"stx1a"
"SRR23929852","stx_B",1,1,"Complete stx","ggCaller",100,1,"stx1a"
"SRR25510170","stx_A",4,2,"Collapsed stx","BAKTA",0,2,"stx1a; stx1a; stx2a; stx2a"
"SRR25510170","stx_B",4,2,"Collapsed stx","BAKTA",0,2,"stx1a; stx1a; stx2a; stx2a"
"SRR25510170","stx_A",4,2,"Collapsed stx","BAKTA",100,4,"stx1a; stx1a; stx2a; stx2a"
"SRR25510170","stx_B",4,2,"Collapsed stx","BAKTA",100,4,"stx1a; stx1a; stx2a; stx2a"
"SRR25510170","stx_A",4,2,"Collapsed stx","PPanGGOLiN",0,2,"stx1a; stx1a; stx2a; stx2a"
"SRR25510170","stx_B",4,2,"Collapsed stx","PPanGGOLiN",0,2,"stx1a; stx1a; stx2a; stx2a"
"SRR25510170","stx_A",4,2,"Collapsed stx","PPanGGOLiN",10,2,"stx1a; stx1a; stx2a; stx2a"
"SRR25510170","stx_B",4,2,"Collapsed stx","PPanGGOLiN",10,2,"stx1a; stx1a; stx2a; stx2a"
"SRR25510170","stx_A",4,2,"Collapsed stx","PPanGGOLiN",50,2,"stx1a; stx1a; stx2a; stx2a"
"SRR25510170","stx_B",4,2,"Collapsed stx","PPanGGOLiN",50,2,"stx1a; stx1a; stx2a; stx2a"
"SRR25510170","stx_A",4,2,"Collapsed stx","PPanGGOLiN",90,2,"stx1a; stx1a; stx2a; stx2a"
"SRR25510170","stx_B",4,2,"Collapsed stx","PPanGGOLiN",90,2,"stx1a; stx1a; stx2a; stx2a"
"SRR25510170","stx_A",4,2,"Collapsed stx","PPanGGOLiN",100,2,"stx1a; stx1a; stx2a; stx2a"
"SRR25510170","stx_B",4,2,"Collapsed stx","PPanGGOLiN",100,2,"stx1a; stx1a; stx2a; stx2a"
"SRR25510170","stx_A",4,2,"Collapsed stx","Panaroo",0,2,"stx1a; stx1a; stx2a; stx2a"
"SRR25510170","stx_B",4,2,"Collapsed stx","Panaroo",0,2,"stx1a; stx1a; stx2a; stx2a"
"SRR25510170","stx_A",4,2,"Collapsed stx","Panaroo",10,2,"stx1a; stx1a; stx2a; stx2a"
"SRR25510170","stx_B",4,2,"Collapsed stx","Panaroo",10,2,"stx1a; stx1a; stx2a; stx2a"
"SRR25510170","stx_A",4,2,"Collapsed stx","Panaroo",50,2,"stx1a; stx1a; stx2a; stx2a"
"SRR25510170","stx_B",4,2,"Collapsed stx","Panaroo",50,2,"stx1a; stx1a; stx2a; stx2a"
"SRR25510170","stx_A",4,2,"Collapsed stx","Panaroo",90,2,"stx1a; stx1a; stx2a; stx2a"
"SRR25510170","stx_B",4,2,"Collapsed stx","Panaroo",90,2,"stx1a; stx1a; stx2a; stx2a"
"SRR25510170","stx_A",4,2,"Collapsed stx","Panaroo",100,2,"stx1a; stx1a; stx2a; stx2a"
"SRR25510170","stx_B",4,2,"Collapsed stx","Panaroo",100,2,"stx1a; stx1a; stx2a; stx2a"
"SRR25510170","stx_A",4,2,"Collapsed stx","Roary",0,1,"stx1a; stx1a; stx2a; stx2a"
"SRR25510170","stx_B",4,2,"Collapsed stx","Roary",0,1,"stx1a; stx1a; stx2a; stx2a"
"SRR25510170","stx_A",4,2,"Collapsed stx","Roary",10,1,"stx1a; stx1a; stx2a; stx2a"
"SRR25510170","stx_B",4,2,"Collapsed stx","Roary",10,1,"stx1a; stx1a; stx2a; stx2a"
"SRR25510170","stx_A",4,2,"Collapsed stx","Roary",50,2,"stx1a; stx1a; stx2a; stx2a"
"SRR25510170","stx_B",4,2,"Collapsed stx","Roary",50,2,"stx1a; stx1a; stx2a; stx2a"
"SRR25510170","stx_A",4,2,"Collapsed stx","Roary",90,2,"stx1a; stx1a; stx2a; stx2a"
"SRR25510170","stx_B",4,2,"Collapsed stx","Roary",90,2,"stx1a; stx1a; stx2a; stx2a"
"SRR25510170","stx_A",4,2,"Collapsed stx","Roary",100,2,"stx1a; stx1a; stx2a; stx2a"
"SRR25510170","stx_B",4,2,"Collapsed stx","Roary",100,2,"stx1a; stx1a; stx2a; stx2a"
"SRR25510170","stx_A",4,2,"Collapsed stx","ggCaller",0,2,"stx1a; stx1a; stx2a; stx2a"
"SRR25510170","stx_B",4,2,"Collapsed stx","ggCaller",0,2,"stx1a; stx1a; stx2a; stx2a"
"SRR25510170","stx_A",4,2,"Collapsed stx","ggCaller",10,2,"stx1a; stx1a; stx2a; stx2a"
"SRR25510170","stx_B",4,2,"Collapsed stx","ggCaller",10,2,"stx1a; stx1a; stx2a; stx2a"
"SRR25510170","stx_A",4,2,"Collapsed stx","ggCaller",50,4,"stx1a; stx1a; stx2a; stx2a"
"SRR25510170","stx_B",4,2,"Collapsed stx","ggCaller",50,2,"stx1a; stx1a; stx2a; stx2a"
"SRR25510170","stx_A",4,2,"Collapsed stx","ggCaller",90,4,"stx1a; stx1a; stx2a; stx2a"
"SRR25510170","stx_B",4,2,"Collapsed stx","ggCaller",90,2,"stx1a; stx1a; stx2a; stx2a"
"SRR25510170","stx_A",4,2,"Collapsed stx","ggCaller",100,4,"stx1a; stx1a; stx2a; stx2a"
"SRR25510170","stx_B",4,2,"Collapsed stx","ggCaller",100,2,"stx1a; stx1a; stx2a; stx2a"
"SRR25523643","stx_A",2,2,"Complete stx","BAKTA",0,2,"stx1a; stx2a"
"SRR25523643","stx_B",2,2,"Complete stx","BAKTA",0,2,"stx1a; stx2a"
"SRR25523643","stx_A",2,2,"Complete stx","BAKTA",100,2,"stx1a; stx2a"
"SRR25523643","stx_B",2,2,"Complete stx","BAKTA",100,2,"stx1a; stx2a"
"SRR25523643","stx_A",2,2,"Complete stx","PPanGGOLiN",0,2,"stx1a; stx2a"
"SRR25523643","stx_B",2,2,"Complete stx","PPanGGOLiN",0,2,"stx1a; stx2a"
"SRR25523643","stx_A",2,2,"Complete stx","PPanGGOLiN",10,2,"stx1a; stx2a"
"SRR25523643","stx_B",2,2,"Complete stx","PPanGGOLiN",10,2,"stx1a; stx2a"
"SRR25523643","stx_A",2,2,"Complete stx","PPanGGOLiN",50,2,"stx1a; stx2a"
"SRR25523643","stx_B",2,2,"Complete stx","PPanGGOLiN",50,2,"stx1a; stx2a"
"SRR25523643","stx_A",2,2,"Complete stx","PPanGGOLiN",90,2,"stx1a; stx2a"
"SRR25523643","stx_B",2,2,"Complete stx","PPanGGOLiN",90,2,"stx1a; stx2a"
"SRR25523643","stx_A",2,2,"Complete stx","PPanGGOLiN",100,2,"stx1a; stx2a"
"SRR25523643","stx_B",2,2,"Complete stx","PPanGGOLiN",100,2,"stx1a; stx2a"
"SRR25523643","stx_A",2,2,"Complete stx","Panaroo",0,2,"stx1a; stx2a"
"SRR25523643","stx_B",2,2,"Complete stx","Panaroo",0,2,"stx1a; stx2a"
"SRR25523643","stx_A",2,2,"Complete stx","Panaroo",10,2,"stx1a; stx2a"
"SRR25523643","stx_B",2,2,"Complete stx","Panaroo",10,2,"stx1a; stx2a"
"SRR25523643","stx_A",2,2,"Complete stx","Panaroo",50,2,"stx1a; stx2a"
"SRR25523643","stx_B",2,2,"Complete stx","Panaroo",50,2,"stx1a; stx2a"
"SRR25523643","stx_A",2,2,"Complete stx","Panaroo",90,2,"stx1a; stx2a"
"SRR25523643","stx_B",2,2,"Complete stx","Panaroo",90,2,"stx1a; stx2a"
"SRR25523643","stx_A",2,2,"Complete stx","Panaroo",100,2,"stx1a; stx2a"
"SRR25523643","stx_B",2,2,"Complete stx","Panaroo",100,2,"stx1a; stx2a"
"SRR25523643","stx_A",2,2,"Complete stx","Roary",0,1,"stx1a; stx2a"
"SRR25523643","stx_B",2,2,"Complete stx","Roary",0,1,"stx1a; stx2a"
"SRR25523643","stx_A",2,2,"Complete stx","Roary",10,1,"stx1a; stx2a"
"SRR25523643","stx_B",2,2,"Complete stx","Roary",10,1,"stx1a; stx2a"
"SRR25523643","stx_A",2,2,"Complete stx","Roary",50,1,"stx1a; stx2a"
"SRR25523643","stx_B",2,2,"Complete stx","Roary",50,1,"stx1a; stx2a"
"SRR25523643","stx_A",2,2,"Complete stx","Roary",90,1,"stx1a; stx2a"
"SRR25523643","stx_B",2,2,"Complete stx","Roary",90,1,"stx1a; stx2a"
"SRR25523643","stx_A",2,2,"Complete stx","Roary",100,1,"stx1a; stx2a"
"SRR25523643","stx_B",2,2,"Complete stx","Roary",100,1,"stx1a; stx2a"
"SRR25523643","stx_A",2,2,"Complete stx","ggCaller",0,2,"stx1a; stx2a"
"SRR25523643","stx_B",2,2,"Complete stx","ggCaller",0,2,"stx1a; stx2a"
"SRR25523643","stx_A",2,2,"Complete stx","ggCaller",10,2,"stx1a; stx2a"
"SRR25523643","stx_B",2,2,"Complete stx","ggCaller",10,2,"stx1a; stx2a"
"SRR25523643","stx_A",2,2,"Complete stx","ggCaller",50,4,"stx1a; stx2a"
"SRR25523643","stx_B",2,2,"Complete stx","ggCaller",50,2,"stx1a; stx2a"
"SRR25523643","stx_A",2,2,"Complete stx","ggCaller",90,4,"stx1a; stx2a"
"SRR25523643","stx_B",2,2,"Complete stx","ggCaller",90,2,"stx1a; stx2a"
"SRR25523643","stx_A",2,2,"Complete stx","ggCaller",100,4,"stx1a; stx2a"
"SRR25523643","stx_B",2,2,"Complete stx","ggCaller",100,2,"stx1a; stx2a"
"SRR25523645","stx_A",2,2,"Complete stx","BAKTA",0,2,"stx1a; stx2a"
"SRR25523645","stx_B",2,2,"Complete stx","BAKTA",0,2,"stx1a; stx2a"
"SRR25523645","stx_A",2,2,"Complete stx","BAKTA",100,2,"stx1a; stx2a"
"SRR25523645","stx_B",2,2,"Complete stx","BAKTA",100,2,"stx1a; stx2a"
"SRR25523645","stx_A",2,2,"Complete stx","PPanGGOLiN",0,2,"stx1a; stx2a"
"SRR25523645","stx_B",2,2,"Complete stx","PPanGGOLiN",0,2,"stx1a; stx2a"
"SRR25523645","stx_A",2,2,"Complete stx","PPanGGOLiN",10,2,"stx1a; stx2a"
"SRR25523645","stx_B",2,2,"Complete stx","PPanGGOLiN",10,2,"stx1a; stx2a"
"SRR25523645","stx_A",2,2,"Complete stx","PPanGGOLiN",50,2,"stx1a; stx2a"
"SRR25523645","stx_B",2,2,"Complete stx","PPanGGOLiN",50,2,"stx1a; stx2a"
"SRR25523645","stx_A",2,2,"Complete stx","PPanGGOLiN",90,2,"stx1a; stx2a"
"SRR25523645","stx_B",2,2,"Complete stx","PPanGGOLiN",90,2,"stx1a; stx2a"
"SRR25523645","stx_A",2,2,"Complete stx","PPanGGOLiN",100,2,"stx1a; stx2a"
"SRR25523645","stx_B",2,2,"Complete stx","PPanGGOLiN",100,2,"stx1a; stx2a"
"SRR25523645","stx_A",2,2,"Complete stx","Panaroo",0,2,"stx1a; stx2a"
"SRR25523645","stx_B",2,2,"Complete stx","Panaroo",0,2,"stx1a; stx2a"
"SRR25523645","stx_A",2,2,"Complete stx","Panaroo",10,2,"stx1a; stx2a"
"SRR25523645","stx_B",2,2,"Complete stx","Panaroo",10,2,"stx1a; stx2a"
"SRR25523645","stx_A",2,2,"Complete stx","Panaroo",50,2,"stx1a; stx2a"
"SRR25523645","stx_B",2,2,"Complete stx","Panaroo",50,2,"stx1a; stx2a"
"SRR25523645","stx_A",2,2,"Complete stx","Panaroo",90,2,"stx1a; stx2a"
"SRR25523645","stx_B",2,2,"Complete stx","Panaroo",90,2,"stx1a; stx2a"
"SRR25523645","stx_A",2,2,"Complete stx","Panaroo",100,2,"stx1a; stx2a"
"SRR25523645","stx_B",2,2,"Complete stx","Panaroo",100,2,"stx1a; stx2a"
"SRR25523645","stx_A",2,2,"Complete stx","Roary",0,1,"stx1a; stx2a"
"SRR25523645","stx_B",2,2,"Complete stx","Roary",0,1,"stx1a; stx2a"
"SRR25523645","stx_A",2,2,"Complete stx","Roary",10,1,"stx1a; stx2a"
"SRR25523645","stx_B",2,2,"Complete stx","Roary",10,1,"stx1a; stx2a"
"SRR25523645","stx_A",2,2,"Complete stx","Roary",50,1,"stx1a; stx2a"
"SRR25523645","stx_B",2,2,"Complete stx","Roary",50,1,"stx1a; stx2a"
"SRR25523645","stx_A",2,2,"Complete stx","Roary",90,1,"stx1a; stx2a"
"SRR25523645","stx_B",2,2,"Complete stx","Roary",90,1,"stx1a; stx2a"
"SRR25523645","stx_A",2,2,"Complete stx","Roary",100,1,"stx1a; stx2a"
"SRR25523645","stx_B",2,2,"Complete stx","Roary",100,1,"stx1a; stx2a"
"SRR25523645","stx_A",2,2,"Complete stx","ggCaller",0,2,"stx1a; stx2a"
"SRR25523645","stx_B",2,2,"Complete stx","ggCaller",0,2,"stx1a; stx2a"
"SRR25523645","stx_A",2,2,"Complete stx","ggCaller",10,2,"stx1a; stx2a"
"SRR25523645","stx_B",2,2,"Complete stx","ggCaller",10,2,"stx1a; stx2a"
"SRR25523645","stx_A",2,2,"Complete stx","ggCaller",50,4,"stx1a; stx2a"
"SRR25523645","stx_B",2,2,"Complete stx","ggCaller",50,3,"stx1a; stx2a"
"SRR25523645","stx_A",2,2,"Complete stx","ggCaller",90,4,"stx1a; stx2a"
"SRR25523645","stx_B",2,2,"Complete stx","ggCaller",90,2,"stx1a; stx2a"
"SRR25523645","stx_A",2,2,"Complete stx","ggCaller",100,4,"stx1a; stx2a"
"SRR25523645","stx_B",2,2,"Complete stx","ggCaller",100,2,"stx1a; stx2a"
"SRR25551086","stx_A",2,2,"Complete stx","BAKTA",0,2,"stx1a; stx2a"
"SRR25551086","stx_B",2,2,"Complete stx","BAKTA",0,2,"stx1a; stx2a"
"SRR25551086","stx_A",2,2,"Complete stx","BAKTA",100,2,"stx1a; stx2a"
"SRR25551086","stx_B",2,2,"Complete stx","BAKTA",100,2,"stx1a; stx2a"
"SRR25551086","stx_A",2,2,"Complete stx","PPanGGOLiN",0,2,"stx1a; stx2a"
"SRR25551086","stx_B",2,2,"Complete stx","PPanGGOLiN",0,2,"stx1a; stx2a"
"SRR25551086","stx_A",2,2,"Complete stx","PPanGGOLiN",10,2,"stx1a; stx2a"
"SRR25551086","stx_B",2,2,"Complete stx","PPanGGOLiN",10,2,"stx1a; stx2a"
"SRR25551086","stx_A",2,2,"Complete stx","PPanGGOLiN",50,2,"stx1a; stx2a"
"SRR25551086","stx_B",2,2,"Complete stx","PPanGGOLiN",50,2,"stx1a; stx2a"
"SRR25551086","stx_A",2,2,"Complete stx","PPanGGOLiN",90,2,"stx1a; stx2a"
"SRR25551086","stx_B",2,2,"Complete stx","PPanGGOLiN",90,2,"stx1a; stx2a"
"SRR25551086","stx_A",2,2,"Complete stx","PPanGGOLiN",100,2,"stx1a; stx2a"
"SRR25551086","stx_B",2,2,"Complete stx","PPanGGOLiN",100,2,"stx1a; stx2a"
"SRR25551086","stx_A",2,2,"Complete stx","Panaroo",0,2,"stx1a; stx2a"
"SRR25551086","stx_B",2,2,"Complete stx","Panaroo",0,2,"stx1a; stx2a"
"SRR25551086","stx_A",2,2,"Complete stx","Panaroo",10,2,"stx1a; stx2a"
"SRR25551086","stx_B",2,2,"Complete stx","Panaroo",10,2,"stx1a; stx2a"
"SRR25551086","stx_A",2,2,"Complete stx","Panaroo",50,2,"stx1a; stx2a"
"SRR25551086","stx_B",2,2,"Complete stx","Panaroo",50,2,"stx1a; stx2a"
"SRR25551086","stx_A",2,2,"Complete stx","Panaroo",90,2,"stx1a; stx2a"
"SRR25551086","stx_B",2,2,"Complete stx","Panaroo",90,2,"stx1a; stx2a"
"SRR25551086","stx_A",2,2,"Complete stx","Panaroo",100,2,"stx1a; stx2a"
"SRR25551086","stx_B",2,2,"Complete stx","Panaroo",100,2,"stx1a; stx2a"
"SRR25551086","stx_A",2,2,"Complete stx","Roary",0,1,"stx1a; stx2a"
"SRR25551086","stx_B",2,2,"Complete stx","Roary",0,1,"stx1a; stx2a"
"SRR25551086","stx_A",2,2,"Complete stx","Roary",10,1,"stx1a; stx2a"
"SRR25551086","stx_B",2,2,"Complete stx","Roary",10,1,"stx1a; stx2a"
"SRR25551086","stx_A",2,2,"Complete stx","Roary",50,1,"stx1a; stx2a"
"SRR25551086","stx_B",2,2,"Complete stx","Roary",50,1,"stx1a; stx2a"
"SRR25551086","stx_A",2,2,"Complete stx","Roary",90,1,"stx1a; stx2a"
"SRR25551086","stx_B",2,2,"Complete stx","Roary",90,1,"stx1a; stx2a"
"SRR25551086","stx_A",2,2,"Complete stx","Roary",100,1,"stx1a; stx2a"
"SRR25551086","stx_B",2,2,"Complete stx","Roary",100,1,"stx1a; stx2a"
"SRR25551086","stx_A",2,2,"Complete stx","ggCaller",0,2,"stx1a; stx2a"
"SRR25551086","stx_B",2,2,"Complete stx","ggCaller",0,2,"stx1a; stx2a"
"SRR25551086","stx_A",2,2,"Complete stx","ggCaller",10,2,"stx1a; stx2a"
"SRR25551086","stx_B",2,2,"Complete stx","ggCaller",10,2,"stx1a; stx2a"
"SRR25551086","stx_A",2,2,"Complete stx","ggCaller",50,4,"stx1a; stx2a"
"SRR25551086","stx_B",2,2,"Complete stx","ggCaller",50,2,"stx1a; stx2a"
"SRR25551086","stx_A",2,2,"Complete stx","ggCaller",90,4,"stx1a; stx2a"
"SRR25551086","stx_B",2,2,"Complete stx","ggCaller",90,2,"stx1a; stx2a"
"SRR25551086","stx_A",2,2,"Complete stx","ggCaller",100,4,"stx1a; stx2a"
"SRR25551086","stx_B",2,2,"Complete stx","ggCaller",100,2,"stx1a; stx2a"
"SRR25603927","stx_A",2,2,"Complete stx","BAKTA",0,2,"stx1a; stx2a"
"SRR25603927","stx_B",2,2,"Complete stx","BAKTA",0,2,"stx1a; stx2a"
"SRR25603927","stx_A",2,2,"Complete stx","BAKTA",100,2,"stx1a; stx2a"
"SRR25603927","stx_B",2,2,"Complete stx","BAKTA",100,2,"stx1a; stx2a"
"SRR25603927","stx_A",2,2,"Complete stx","PPanGGOLiN",0,2,"stx1a; stx2a"
"SRR25603927","stx_B",2,2,"Complete stx","PPanGGOLiN",0,2,"stx1a; stx2a"
"SRR25603927","stx_A",2,2,"Complete stx","PPanGGOLiN",10,2,"stx1a; stx2a"
"SRR25603927","stx_B",2,2,"Complete stx","PPanGGOLiN",10,2,"stx1a; stx2a"
"SRR25603927","stx_A",2,2,"Complete stx","PPanGGOLiN",50,2,"stx1a; stx2a"
"SRR25603927","stx_B",2,2,"Complete stx","PPanGGOLiN",50,2,"stx1a; stx2a"
"SRR25603927","stx_A",2,2,"Complete stx","PPanGGOLiN",90,2,"stx1a; stx2a"
"SRR25603927","stx_B",2,2,"Complete stx","PPanGGOLiN",90,2,"stx1a; stx2a"
"SRR25603927","stx_A",2,2,"Complete stx","PPanGGOLiN",100,2,"stx1a; stx2a"
"SRR25603927","stx_B",2,2,"Complete stx","PPanGGOLiN",100,2,"stx1a; stx2a"
"SRR25603927","stx_A",2,2,"Complete stx","Panaroo",0,2,"stx1a; stx2a"
"SRR25603927","stx_B",2,2,"Complete stx","Panaroo",0,2,"stx1a; stx2a"
"SRR25603927","stx_A",2,2,"Complete stx","Panaroo",10,2,"stx1a; stx2a"
"SRR25603927","stx_B",2,2,"Complete stx","Panaroo",10,2,"stx1a; stx2a"
"SRR25603927","stx_A",2,2,"Complete stx","Panaroo",50,2,"stx1a; stx2a"
"SRR25603927","stx_B",2,2,"Complete stx","Panaroo",50,2,"stx1a; stx2a"
"SRR25603927","stx_A",2,2,"Complete stx","Panaroo",90,2,"stx1a; stx2a"
"SRR25603927","stx_B",2,2,"Complete stx","Panaroo",90,2,"stx1a; stx2a"
"SRR25603927","stx_A",2,2,"Complete stx","Panaroo",100,2,"stx1a; stx2a"
"SRR25603927","stx_B",2,2,"Complete stx","Panaroo",100,2,"stx1a; stx2a"
"SRR25603927","stx_A",2,2,"Complete stx","Roary",0,1,"stx1a; stx2a"
"SRR25603927","stx_B",2,2,"Complete stx","Roary",0,1,"stx1a; stx2a"
"SRR25603927","stx_A",2,2,"Complete stx","Roary",10,1,"stx1a; stx2a"
"SRR25603927","stx_B",2,2,"Complete stx","Roary",10,1,"stx1a; stx2a"
"SRR25603927","stx_A",2,2,"Complete stx","Roary",50,1,"stx1a; stx2a"
"SRR25603927","stx_B",2,2,"Complete stx","Roary",50,1,"stx1a; stx2a"
"SRR25603927","stx_A",2,2,"Complete stx","Roary",90,1,"stx1a; stx2a"
"SRR25603927","stx_B",2,2,"Complete stx","Roary",90,1,"stx1a; stx2a"
"SRR25603927","stx_A",2,2,"Complete stx","Roary",100,1,"stx1a; stx2a"
"SRR25603927","stx_B",2,2,"Complete stx","Roary",100,1,"stx1a; stx2a"
"SRR25603927","stx_A",2,2,"Complete stx","ggCaller",0,2,"stx1a; stx2a"
"SRR25603927","stx_B",2,2,"Complete stx","ggCaller",0,2,"stx1a; stx2a"
"SRR25603927","stx_A",2,2,"Complete stx","ggCaller",10,2,"stx1a; stx2a"
"SRR25603927","stx_B",2,2,"Complete stx","ggCaller",10,2,"stx1a; stx2a"
"SRR25603927","stx_A",2,2,"Complete stx","ggCaller",50,4,"stx1a; stx2a"
"SRR25603927","stx_B",2,2,"Complete stx","ggCaller",50,2,"stx1a; stx2a"
"SRR25603927","stx_A",2,2,"Complete stx","ggCaller",90,4,"stx1a; stx2a"
"SRR25603927","stx_B",2,2,"Complete stx","ggCaller",90,2,"stx1a; stx2a"
"SRR25603927","stx_A",2,2,"Complete stx","ggCaller",100,4,"stx1a; stx2a"
"SRR25603927","stx_B",2,2,"Complete stx","ggCaller",100,2,"stx1a; stx2a"
"SRR25603929","stx_A",2,2,"Complete stx","BAKTA",0,2,"stx1a; stx2a"
"SRR25603929","stx_B",2,2,"Complete stx","BAKTA",0,2,"stx1a; stx2a"
"SRR25603929","stx_A",2,2,"Complete stx","BAKTA",100,2,"stx1a; stx2a"
"SRR25603929","stx_B",2,2,"Complete stx","BAKTA",100,2,"stx1a; stx2a"
"SRR25603929","stx_A",2,2,"Complete stx","PPanGGOLiN",0,2,"stx1a; stx2a"
"SRR25603929","stx_B",2,2,"Complete stx","PPanGGOLiN",0,2,"stx1a; stx2a"
"SRR25603929","stx_A",2,2,"Complete stx","PPanGGOLiN",10,2,"stx1a; stx2a"
"SRR25603929","stx_B",2,2,"Complete stx","PPanGGOLiN",10,2,"stx1a; stx2a"
"SRR25603929","stx_A",2,2,"Complete stx","PPanGGOLiN",50,2,"stx1a; stx2a"
"SRR25603929","stx_B",2,2,"Complete stx","PPanGGOLiN",50,2,"stx1a; stx2a"
"SRR25603929","stx_A",2,2,"Complete stx","PPanGGOLiN",90,2,"stx1a; stx2a"
"SRR25603929","stx_B",2,2,"Complete stx","PPanGGOLiN",90,2,"stx1a; stx2a"
"SRR25603929","stx_A",2,2,"Complete stx","PPanGGOLiN",100,2,"stx1a; stx2a"
"SRR25603929","stx_B",2,2,"Complete stx","PPanGGOLiN",100,2,"stx1a; stx2a"
"SRR25603929","stx_A",2,2,"Complete stx","Panaroo",0,2,"stx1a; stx2a"
"SRR25603929","stx_B",2,2,"Complete stx","Panaroo",0,2,"stx1a; stx2a"
"SRR25603929","stx_A",2,2,"Complete stx","Panaroo",10,2,"stx1a; stx2a"
"SRR25603929","stx_B",2,2,"Complete stx","Panaroo",10,2,"stx1a; stx2a"
"SRR25603929","stx_A",2,2,"Complete stx","Panaroo",50,2,"stx1a; stx2a"
"SRR25603929","stx_B",2,2,"Complete stx","Panaroo",50,2,"stx1a; stx2a"
"SRR25603929","stx_A",2,2,"Complete stx","Panaroo",90,2,"stx1a; stx2a"
"SRR25603929","stx_B",2,2,"Complete stx","Panaroo",90,2,"stx1a; stx2a"
"SRR25603929","stx_A",2,2,"Complete stx","Panaroo",100,2,"stx1a; stx2a"
"SRR25603929","stx_B",2,2,"Complete stx","Panaroo",100,2,"stx1a; stx2a"
"SRR25603929","stx_A",2,2,"Complete stx","Roary",0,1,"stx1a; stx2a"
"SRR25603929","stx_B",2,2,"Complete stx","Roary",0,1,"stx1a; stx2a"
"SRR25603929","stx_A",2,2,"Complete stx","Roary",10,1,"stx1a; stx2a"
"SRR25603929","stx_B",2,2,"Complete stx","Roary",10,1,"stx1a; stx2a"
"SRR25603929","stx_A",2,2,"Complete stx","Roary",50,1,"stx1a; stx2a"
"SRR25603929","stx_B",2,2,"Complete stx","Roary",50,1,"stx1a; stx2a"
"SRR25603929","stx_A",2,2,"Complete stx","Roary",90,1,"stx1a; stx2a"
"SRR25603929","stx_B",2,2,"Complete stx","Roary",90,1,"stx1a; stx2a"
"SRR25603929","stx_A",2,2,"Complete stx","Roary",100,1,"stx1a; stx2a"
"SRR25603929","stx_B",2,2,"Complete stx","Roary",100,1,"stx1a; stx2a"
"SRR25603929","stx_A",2,2,"Complete stx","ggCaller",0,2,"stx1a; stx2a"
"SRR25603929","stx_B",2,2,"Complete stx","ggCaller",0,2,"stx1a; stx2a"
"SRR25603929","stx_A",2,2,"Complete stx","ggCaller",10,2,"stx1a; stx2a"
"SRR25603929","stx_B",2,2,"Complete stx","ggCaller",10,2,"stx1a; stx2a"
"SRR25603929","stx_A",2,2,"Complete stx","ggCaller",50,4,"stx1a; stx2a"
"SRR25603929","stx_B",2,2,"Complete stx","ggCaller",50,2,"stx1a; stx2a"
"SRR25603929","stx_A",2,2,"Complete stx","ggCaller",90,4,"stx1a; stx2a"
"SRR25603929","stx_B",2,2,"Complete stx","ggCaller",90,2,"stx1a; stx2a"
"SRR25603929","stx_A",2,2,"Complete stx","ggCaller",100,4,"stx1a; stx2a"
"SRR25603929","stx_B",2,2,"Complete stx","ggCaller",100,2,"stx1a; stx2a"
"SRR25603930","stx_A",2,2,"Complete stx","BAKTA",0,2,"stx1a; stx2a"
"SRR25603930","stx_B",2,2,"Complete stx","BAKTA",0,2,"stx1a; stx2a"
"SRR25603930","stx_A",2,2,"Complete stx","BAKTA",100,2,"stx1a; stx2a"
"SRR25603930","stx_B",2,2,"Complete stx","BAKTA",100,2,"stx1a; stx2a"
"SRR25603930","stx_A",2,2,"Complete stx","PPanGGOLiN",0,2,"stx1a; stx2a"
"SRR25603930","stx_B",2,2,"Complete stx","PPanGGOLiN",0,2,"stx1a; stx2a"
"SRR25603930","stx_A",2,2,"Complete stx","PPanGGOLiN",10,2,"stx1a; stx2a"
"SRR25603930","stx_B",2,2,"Complete stx","PPanGGOLiN",10,2,"stx1a; stx2a"
"SRR25603930","stx_A",2,2,"Complete stx","PPanGGOLiN",50,2,"stx1a; stx2a"
"SRR25603930","stx_B",2,2,"Complete stx","PPanGGOLiN",50,2,"stx1a; stx2a"
"SRR25603930","stx_A",2,2,"Complete stx","PPanGGOLiN",90,2,"stx1a; stx2a"
"SRR25603930","stx_B",2,2,"Complete stx","PPanGGOLiN",90,2,"stx1a; stx2a"
"SRR25603930","stx_A",2,2,"Complete stx","PPanGGOLiN",100,2,"stx1a; stx2a"
"SRR25603930","stx_B",2,2,"Complete stx","PPanGGOLiN",100,2,"stx1a; stx2a"
"SRR25603930","stx_A",2,2,"Complete stx","Panaroo",0,2,"stx1a; stx2a"
"SRR25603930","stx_B",2,2,"Complete stx","Panaroo",0,2,"stx1a; stx2a"
"SRR25603930","stx_A",2,2,"Complete stx","Panaroo",10,2,"stx1a; stx2a"
"SRR25603930","stx_B",2,2,"Complete stx","Panaroo",10,2,"stx1a; stx2a"
"SRR25603930","stx_A",2,2,"Complete stx","Panaroo",50,2,"stx1a; stx2a"
"SRR25603930","stx_B",2,2,"Complete stx","Panaroo",50,2,"stx1a; stx2a"
"SRR25603930","stx_A",2,2,"Complete stx","Panaroo",90,2,"stx1a; stx2a"
"SRR25603930","stx_B",2,2,"Complete stx","Panaroo",90,2,"stx1a; stx2a"
"SRR25603930","stx_A",2,2,"Complete stx","Panaroo",100,2,"stx1a; stx2a"
"SRR25603930","stx_B",2,2,"Complete stx","Panaroo",100,2,"stx1a; stx2a"
"SRR25603930","stx_A",2,2,"Complete stx","Roary",0,1,"stx1a; stx2a"
"SRR25603930","stx_B",2,2,"Complete stx","Roary",0,1,"stx1a; stx2a"
"SRR25603930","stx_A",2,2,"Complete stx","Roary",10,1,"stx1a; stx2a"
"SRR25603930","stx_B",2,2,"Complete stx","Roary",10,1,"stx1a; stx2a"
"SRR25603930","stx_A",2,2,"Complete stx","Roary",50,1,"stx1a; stx2a"
"SRR25603930","stx_B",2,2,"Complete stx","Roary",50,1,"stx1a; stx2a"
"SRR25603930","stx_A",2,2,"Complete stx","Roary",90,1,"stx1a; stx2a"
"SRR25603930","stx_B",2,2,"Complete stx","Roary",90,1,"stx1a; stx2a"
"SRR25603930","stx_A",2,2,"Complete stx","Roary",100,1,"stx1a; stx2a"
"SRR25603930","stx_B",2,2,"Complete stx","Roary",100,1,"stx1a; stx2a"
"SRR25603930","stx_A",2,2,"Complete stx","ggCaller",0,2,"stx1a; stx2a"
"SRR25603930","stx_B",2,2,"Complete stx","ggCaller",0,2,"stx1a; stx2a"
"SRR25603930","stx_A",2,2,"Complete stx","ggCaller",10,2,"stx1a; stx2a"
"SRR25603930","stx_B",2,2,"Complete stx","ggCaller",10,2,"stx1a; stx2a"
"SRR25603930","stx_A",2,2,"Complete stx","ggCaller",50,4,"stx1a; stx2a"
"SRR25603930","stx_B",2,2,"Complete stx","ggCaller",50,2,"stx1a; stx2a"
"SRR25603930","stx_A",2,2,"Complete stx","ggCaller",90,4,"stx1a; stx2a"
"SRR25603930","stx_B",2,2,"Complete stx","ggCaller",90,2,"stx1a; stx2a"
"SRR25603930","stx_A",2,2,"Complete stx","ggCaller",100,4,"stx1a; stx2a"
"SRR25603930","stx_B",2,2,"Complete stx","ggCaller",100,2,"stx1a; stx2a"
"SRR2914453","stx_A",2,2,"Complete stx","BAKTA",0,2,"stx1a; stx2c"
"SRR2914453","stx_B",2,2,"Complete stx","BAKTA",0,2,"stx1a; stx2c"
"SRR2914453","stx_A",2,2,"Complete stx","BAKTA",100,2,"stx1a; stx2c"
"SRR2914453","stx_B",2,2,"Complete stx","BAKTA",100,2,"stx1a; stx2c"
"SRR2914453","stx_A",2,2,"Complete stx","PPanGGOLiN",0,2,"stx1a; stx2c"
"SRR2914453","stx_B",2,2,"Complete stx","PPanGGOLiN",0,2,"stx1a; stx2c"
"SRR2914453","stx_A",2,2,"Complete stx","PPanGGOLiN",10,2,"stx1a; stx2c"
"SRR2914453","stx_B",2,2,"Complete stx","PPanGGOLiN",10,2,"stx1a; stx2c"
"SRR2914453","stx_A",2,2,"Complete stx","PPanGGOLiN",50,2,"stx1a; stx2c"
"SRR2914453","stx_B",2,2,"Complete stx","PPanGGOLiN",50,2,"stx1a; stx2c"
"SRR2914453","stx_A",2,2,"Complete stx","PPanGGOLiN",90,2,"stx1a; stx2c"
"SRR2914453","stx_B",2,2,"Complete stx","PPanGGOLiN",90,2,"stx1a; stx2c"
"SRR2914453","stx_A",2,2,"Complete stx","PPanGGOLiN",100,2,"stx1a; stx2c"
"SRR2914453","stx_B",2,2,"Complete stx","PPanGGOLiN",100,2,"stx1a; stx2c"
"SRR2914453","stx_A",2,2,"Complete stx","Panaroo",0,2,"stx1a; stx2c"
"SRR2914453","stx_B",2,2,"Complete stx","Panaroo",0,2,"stx1a; stx2c"
"SRR2914453","stx_A",2,2,"Complete stx","Panaroo",10,2,"stx1a; stx2c"
"SRR2914453","stx_B",2,2,"Complete stx","Panaroo",10,2,"stx1a; stx2c"
"SRR2914453","stx_A",2,2,"Complete stx","Panaroo",50,2,"stx1a; stx2c"
"SRR2914453","stx_B",2,2,"Complete stx","Panaroo",50,2,"stx1a; stx2c"
"SRR2914453","stx_A",2,2,"Complete stx","Panaroo",90,2,"stx1a; stx2c"
"SRR2914453","stx_B",2,2,"Complete stx","Panaroo",90,2,"stx1a; stx2c"
"SRR2914453","stx_A",2,2,"Complete stx","Panaroo",100,2,"stx1a; stx2c"
"SRR2914453","stx_B",2,2,"Complete stx","Panaroo",100,2,"stx1a; stx2c"
"SRR2914453","stx_A",2,2,"Complete stx","Roary",0,1,"stx1a; stx2c"
"SRR2914453","stx_B",2,2,"Complete stx","Roary",0,1,"stx1a; stx2c"
"SRR2914453","stx_A",2,2,"Complete stx","Roary",10,1,"stx1a; stx2c"
"SRR2914453","stx_B",2,2,"Complete stx","Roary",10,1,"stx1a; stx2c"
"SRR2914453","stx_A",2,2,"Complete stx","Roary",50,1,"stx1a; stx2c"
"SRR2914453","stx_B",2,2,"Complete stx","Roary",50,1,"stx1a; stx2c"
"SRR2914453","stx_A",2,2,"Complete stx","Roary",90,1,"stx1a; stx2c"
"SRR2914453","stx_B",2,2,"Complete stx","Roary",90,1,"stx1a; stx2c"
"SRR2914453","stx_A",2,2,"Complete stx","Roary",100,1,"stx1a; stx2c"
"SRR2914453","stx_B",2,2,"Complete stx","Roary",100,1,"stx1a; stx2c"
"SRR2914453","stx_A",2,2,"Complete stx","ggCaller",0,3,"stx1a; stx2c"
"SRR2914453","stx_B",2,2,"Complete stx","ggCaller",0,2,"stx1a; stx2c"
"SRR2914453","stx_A",2,2,"Complete stx","ggCaller",10,3,"stx1a; stx2c"
"SRR2914453","stx_B",2,2,"Complete stx","ggCaller",10,2,"stx1a; stx2c"
"SRR2914453","stx_A",2,2,"Complete stx","ggCaller",50,4,"stx1a; stx2c"
"SRR2914453","stx_B",2,2,"Complete stx","ggCaller",50,2,"stx1a; stx2c"
"SRR2914453","stx_A",2,2,"Complete stx","ggCaller",90,4,"stx1a; stx2c"
"SRR2914453","stx_B",2,2,"Complete stx","ggCaller",90,2,"stx1a; stx2c"
"SRR2914453","stx_A",2,2,"Complete stx","ggCaller",100,4,"stx1a; stx2c"
"SRR2914453","stx_B",2,2,"Complete stx","ggCaller",100,2,"stx1a; stx2c"
"SRR2914455","stx_A",2,2,"Complete stx","BAKTA",0,2,"stx1a; stx2c"
"SRR2914455","stx_B",2,2,"Complete stx","BAKTA",0,2,"stx1a; stx2c"
"SRR2914455","stx_A",2,2,"Complete stx","BAKTA",100,2,"stx1a; stx2c"
"SRR2914455","stx_B",2,2,"Complete stx","BAKTA",100,2,"stx1a; stx2c"
"SRR2914455","stx_A",2,2,"Complete stx","PPanGGOLiN",0,2,"stx1a; stx2c"
"SRR2914455","stx_B",2,2,"Complete stx","PPanGGOLiN",0,2,"stx1a; stx2c"
"SRR2914455","stx_A",2,2,"Complete stx","PPanGGOLiN",10,2,"stx1a; stx2c"
"SRR2914455","stx_B",2,2,"Complete stx","PPanGGOLiN",10,2,"stx1a; stx2c"
"SRR2914455","stx_A",2,2,"Complete stx","PPanGGOLiN",50,2,"stx1a; stx2c"
"SRR2914455","stx_B",2,2,"Complete stx","PPanGGOLiN",50,2,"stx1a; stx2c"
"SRR2914455","stx_A",2,2,"Complete stx","PPanGGOLiN",90,2,"stx1a; stx2c"
"SRR2914455","stx_B",2,2,"Complete stx","PPanGGOLiN",90,2,"stx1a; stx2c"
"SRR2914455","stx_A",2,2,"Complete stx","PPanGGOLiN",100,2,"stx1a; stx2c"
"SRR2914455","stx_B",2,2,"Complete stx","PPanGGOLiN",100,2,"stx1a; stx2c"
"SRR2914455","stx_A",2,2,"Complete stx","Panaroo",0,2,"stx1a; stx2c"
"SRR2914455","stx_B",2,2,"Complete stx","Panaroo",0,2,"stx1a; stx2c"
"SRR2914455","stx_A",2,2,"Complete stx","Panaroo",10,2,"stx1a; stx2c"
"SRR2914455","stx_B",2,2,"Complete stx","Panaroo",10,2,"stx1a; stx2c"
"SRR2914455","stx_A",2,2,"Complete stx","Panaroo",50,2,"stx1a; stx2c"
"SRR2914455","stx_B",2,2,"Complete stx","Panaroo",50,2,"stx1a; stx2c"
"SRR2914455","stx_A",2,2,"Complete stx","Panaroo",90,2,"stx1a; stx2c"
"SRR2914455","stx_B",2,2,"Complete stx","Panaroo",90,2,"stx1a; stx2c"
"SRR2914455","stx_A",2,2,"Complete stx","Panaroo",100,2,"stx1a; stx2c"
"SRR2914455","stx_B",2,2,"Complete stx","Panaroo",100,2,"stx1a; stx2c"
"SRR2914455","stx_A",2,2,"Complete stx","Roary",0,1,"stx1a; stx2c"
"SRR2914455","stx_B",2,2,"Complete stx","Roary",0,1,"stx1a; stx2c"
"SRR2914455","stx_A",2,2,"Complete stx","Roary",10,1,"stx1a; stx2c"
"SRR2914455","stx_B",2,2,"Complete stx","Roary",10,1,"stx1a; stx2c"
"SRR2914455","stx_A",2,2,"Complete stx","Roary",50,1,"stx1a; stx2c"
"SRR2914455","stx_B",2,2,"Complete stx","Roary",50,1,"stx1a; stx2c"
"SRR2914455","stx_A",2,2,"Complete stx","Roary",90,1,"stx1a; stx2c"
"SRR2914455","stx_B",2,2,"Complete stx","Roary",90,1,"stx1a; stx2c"
"SRR2914455","stx_A",2,2,"Complete stx","Roary",100,1,"stx1a; stx2c"
"SRR2914455","stx_B",2,2,"Complete stx","Roary",100,1,"stx1a; stx2c"
"SRR2914455","stx_A",2,2,"Complete stx","ggCaller",0,3,"stx1a; stx2c"
"SRR2914455","stx_B",2,2,"Complete stx","ggCaller",0,2,"stx1a; stx2c"
"SRR2914455","stx_A",2,2,"Complete stx","ggCaller",10,3,"stx1a; stx2c"
"SRR2914455","stx_B",2,2,"Complete stx","ggCaller",10,2,"stx1a; stx2c"
"SRR2914455","stx_A",2,2,"Complete stx","ggCaller",50,4,"stx1a; stx2c"
"SRR2914455","stx_B",2,2,"Complete stx","ggCaller",50,2,"stx1a; stx2c"
"SRR2914455","stx_A",2,2,"Complete stx","ggCaller",90,4,"stx1a; stx2c"
"SRR2914455","stx_B",2,2,"Complete stx","ggCaller",90,2,"stx1a; stx2c"
"SRR2914455","stx_A",2,2,"Complete stx","ggCaller",100,4,"stx1a; stx2c"
"SRR2914455","stx_B",2,2,"Complete stx","ggCaller",100,2,"stx1a; stx2c"
"SRR3180501","stx_A",2,4,"Fragmented stx","BAKTA",0,1,"stx2a; stx2c"
"SRR3180501","stx_B",2,4,"Fragmented stx","BAKTA",0,0,"stx2a; stx2c"
"SRR3180501","stx_A",2,4,"Fragmented stx","BAKTA",100,2,"stx2a; stx2c"
"SRR3180501","stx_B",2,4,"Fragmented stx","BAKTA",100,2,"stx2a; stx2c"
"SRR3180501","stx_A",2,4,"Fragmented stx","PPanGGOLiN",0,1,"stx2a; stx2c"
"SRR3180501","stx_B",2,4,"Fragmented stx","PPanGGOLiN",0,0,"stx2a; stx2c"
"SRR3180501","stx_A",2,4,"Fragmented stx","PPanGGOLiN",10,1,"stx2a; stx2c"
"SRR3180501","stx_B",2,4,"Fragmented stx","PPanGGOLiN",10,0,"stx2a; stx2c"
"SRR3180501","stx_A",2,4,"Fragmented stx","PPanGGOLiN",50,1,"stx2a; stx2c"
"SRR3180501","stx_B",2,4,"Fragmented stx","PPanGGOLiN",50,0,"stx2a; stx2c"
"SRR3180501","stx_A",2,4,"Fragmented stx","PPanGGOLiN",90,1,"stx2a; stx2c"
"SRR3180501","stx_B",2,4,"Fragmented stx","PPanGGOLiN",90,1,"stx2a; stx2c"
"SRR3180501","stx_A",2,4,"Fragmented stx","PPanGGOLiN",100,1,"stx2a; stx2c"
"SRR3180501","stx_B",2,4,"Fragmented stx","PPanGGOLiN",100,1,"stx2a; stx2c"
"SRR3180501","stx_A",2,4,"Fragmented stx","Panaroo",0,1,"stx2a; stx2c"
"SRR3180501","stx_B",2,4,"Fragmented stx","Panaroo",0,0,"stx2a; stx2c"
"SRR3180501","stx_A",2,4,"Fragmented stx","Panaroo",10,1,"stx2a; stx2c"
"SRR3180501","stx_B",2,4,"Fragmented stx","Panaroo",10,0,"stx2a; stx2c"
"SRR3180501","stx_A",2,4,"Fragmented stx","Panaroo",50,1,"stx2a; stx2c"
"SRR3180501","stx_B",2,4,"Fragmented stx","Panaroo",50,0,"stx2a; stx2c"
"SRR3180501","stx_A",2,4,"Fragmented stx","Panaroo",90,1,"stx2a; stx2c"
"SRR3180501","stx_B",2,4,"Fragmented stx","Panaroo",90,2,"stx2a; stx2c"
"SRR3180501","stx_A",2,4,"Fragmented stx","Panaroo",100,1,"stx2a; stx2c"
"SRR3180501","stx_B",2,4,"Fragmented stx","Panaroo",100,2,"stx2a; stx2c"
"SRR3180501","stx_A",2,4,"Fragmented stx","Roary",0,1,"stx2a; stx2c"
"SRR3180501","stx_B",2,4,"Fragmented stx","Roary",0,0,"stx2a; stx2c"
"SRR3180501","stx_A",2,4,"Fragmented stx","Roary",10,1,"stx2a; stx2c"
"SRR3180501","stx_B",2,4,"Fragmented stx","Roary",10,0,"stx2a; stx2c"
"SRR3180501","stx_A",2,4,"Fragmented stx","Roary",50,1,"stx2a; stx2c"
"SRR3180501","stx_B",2,4,"Fragmented stx","Roary",50,0,"stx2a; stx2c"
"SRR3180501","stx_A",2,4,"Fragmented stx","Roary",90,2,"stx2a; stx2c"
"SRR3180501","stx_B",2,4,"Fragmented stx","Roary",90,1,"stx2a; stx2c"
"SRR3180501","stx_A",2,4,"Fragmented stx","Roary",100,2,"stx2a; stx2c"
"SRR3180501","stx_B",2,4,"Fragmented stx","Roary",100,1,"stx2a; stx2c"
"SRR3180501","stx_A",2,4,"Fragmented stx","ggCaller",0,1,"stx2a; stx2c"
"SRR3180501","stx_B",2,4,"Fragmented stx","ggCaller",0,0,"stx2a; stx2c"
"SRR3180501","stx_A",2,4,"Fragmented stx","ggCaller",10,1,"stx2a; stx2c"
"SRR3180501","stx_B",2,4,"Fragmented stx","ggCaller",10,0,"stx2a; stx2c"
"SRR3180501","stx_A",2,4,"Fragmented stx","ggCaller",50,1,"stx2a; stx2c"
"SRR3180501","stx_B",2,4,"Fragmented stx","ggCaller",50,0,"stx2a; stx2c"
"SRR3180501","stx_A",2,4,"Fragmented stx","ggCaller",90,3,"stx2a; stx2c"
"SRR3180501","stx_B",2,4,"Fragmented stx","ggCaller",90,2,"stx2a; stx2c"
"SRR3180501","stx_A",2,4,"Fragmented stx","ggCaller",100,3,"stx2a; stx2c"
"SRR3180501","stx_B",2,4,"Fragmented stx","ggCaller",100,2,"stx2a; stx2c"
"SRR3180502","stx_A",1,1,"Complete stx","BAKTA",0,1,"stx2a"
"SRR3180502","stx_B",1,1,"Complete stx","BAKTA",0,1,"stx2a"
"SRR3180502","stx_A",1,1,"Complete stx","BAKTA",100,1,"stx2a"
"SRR3180502","stx_B",1,1,"Complete stx","BAKTA",100,1,"stx2a"
"SRR3180502","stx_A",1,1,"Complete stx","PPanGGOLiN",0,1,"stx2a"
"SRR3180502","stx_B",1,1,"Complete stx","PPanGGOLiN",0,1,"stx2a"
"SRR3180502","stx_A",1,1,"Complete stx","PPanGGOLiN",10,1,"stx2a"
"SRR3180502","stx_B",1,1,"Complete stx","PPanGGOLiN",10,1,"stx2a"
"SRR3180502","stx_A",1,1,"Complete stx","PPanGGOLiN",50,1,"stx2a"
"SRR3180502","stx_B",1,1,"Complete stx","PPanGGOLiN",50,1,"stx2a"
"SRR3180502","stx_A",1,1,"Complete stx","PPanGGOLiN",90,1,"stx2a"
"SRR3180502","stx_B",1,1,"Complete stx","PPanGGOLiN",90,1,"stx2a"
"SRR3180502","stx_A",1,1,"Complete stx","PPanGGOLiN",100,1,"stx2a"
"SRR3180502","stx_B",1,1,"Complete stx","PPanGGOLiN",100,1,"stx2a"
"SRR3180502","stx_A",1,1,"Complete stx","Panaroo",0,1,"stx2a"
"SRR3180502","stx_B",1,1,"Complete stx","Panaroo",0,1,"stx2a"
"SRR3180502","stx_A",1,1,"Complete stx","Panaroo",10,1,"stx2a"
"SRR3180502","stx_B",1,1,"Complete stx","Panaroo",10,1,"stx2a"
"SRR3180502","stx_A",1,1,"Complete stx","Panaroo",50,1,"stx2a"
"SRR3180502","stx_B",1,1,"Complete stx","Panaroo",50,1,"stx2a"
"SRR3180502","stx_A",1,1,"Complete stx","Panaroo",90,1,"stx2a"
"SRR3180502","stx_B",1,1,"Complete stx","Panaroo",90,1,"stx2a"
"SRR3180502","stx_A",1,1,"Complete stx","Panaroo",100,1,"stx2a"
"SRR3180502","stx_B",1,1,"Complete stx","Panaroo",100,1,"stx2a"
"SRR3180502","stx_A",1,1,"Complete stx","Roary",0,1,"stx2a"
"SRR3180502","stx_B",1,1,"Complete stx","Roary",0,1,"stx2a"
"SRR3180502","stx_A",1,1,"Complete stx","Roary",10,1,"stx2a"
"SRR3180502","stx_B",1,1,"Complete stx","Roary",10,1,"stx2a"
"SRR3180502","stx_A",1,1,"Complete stx","Roary",50,1,"stx2a"
"SRR3180502","stx_B",1,1,"Complete stx","Roary",50,1,"stx2a"
"SRR3180502","stx_A",1,1,"Complete stx","Roary",90,1,"stx2a"
"SRR3180502","stx_B",1,1,"Complete stx","Roary",90,1,"stx2a"
"SRR3180502","stx_A",1,1,"Complete stx","Roary",100,1,"stx2a"
"SRR3180502","stx_B",1,1,"Complete stx","Roary",100,1,"stx2a"
"SRR3180502","stx_A",1,1,"Complete stx","ggCaller",0,1,"stx2a"
"SRR3180502","stx_B",1,1,"Complete stx","ggCaller",0,1,"stx2a"
"SRR3180502","stx_A",1,1,"Complete stx","ggCaller",10,1,"stx2a"
"SRR3180502","stx_B",1,1,"Complete stx","ggCaller",10,1,"stx2a"
"SRR3180502","stx_A",1,1,"Complete stx","ggCaller",50,3,"stx2a"
"SRR3180502","stx_B",1,1,"Complete stx","ggCaller",50,1,"stx2a"
"SRR3180502","stx_A",1,1,"Complete stx","ggCaller",90,3,"stx2a"
"SRR3180502","stx_B",1,1,"Complete stx","ggCaller",90,2,"stx2a"
"SRR3180502","stx_A",1,1,"Complete stx","ggCaller",100,3,"stx2a"
"SRR3180502","stx_B",1,1,"Complete stx","ggCaller",100,2,"stx2a"
"SRR3180707","stx_A",2,3,"Fragmented stx","BAKTA",0,2,"stx2a; stx2c"
"SRR3180707","stx_B",2,2,"Complete stx","BAKTA",0,2,"stx2a; stx2c"
"SRR3180707","stx_A",2,3,"Fragmented stx","BAKTA",100,2,"stx2a; stx2c"
"SRR3180707","stx_B",2,2,"Complete stx","BAKTA",100,2,"stx2a; stx2c"
"SRR3180707","stx_A",2,3,"Fragmented stx","PPanGGOLiN",0,1,"stx2a; stx2c"
"SRR3180707","stx_B",2,2,"Complete stx","PPanGGOLiN",0,1,"stx2a; stx2c"
"SRR3180707","stx_A",2,3,"Fragmented stx","PPanGGOLiN",10,1,"stx2a; stx2c"
"SRR3180707","stx_B",2,2,"Complete stx","PPanGGOLiN",10,1,"stx2a; stx2c"
"SRR3180707","stx_A",2,3,"Fragmented stx","PPanGGOLiN",50,1,"stx2a; stx2c"
"SRR3180707","stx_B",2,2,"Complete stx","PPanGGOLiN",50,1,"stx2a; stx2c"
"SRR3180707","stx_A",2,3,"Fragmented stx","PPanGGOLiN",90,1,"stx2a; stx2c"
"SRR3180707","stx_B",2,2,"Complete stx","PPanGGOLiN",90,1,"stx2a; stx2c"
"SRR3180707","stx_A",2,3,"Fragmented stx","PPanGGOLiN",100,1,"stx2a; stx2c"
"SRR3180707","stx_B",2,2,"Complete stx","PPanGGOLiN",100,1,"stx2a; stx2c"
"SRR3180707","stx_A",2,3,"Fragmented stx","Panaroo",0,1,"stx2a; stx2c"
"SRR3180707","stx_B",2,2,"Complete stx","Panaroo",0,2,"stx2a; stx2c"
"SRR3180707","stx_A",2,3,"Fragmented stx","Panaroo",10,1,"stx2a; stx2c"
"SRR3180707","stx_B",2,2,"Complete stx","Panaroo",10,2,"stx2a; stx2c"
"SRR3180707","stx_A",2,3,"Fragmented stx","Panaroo",50,1,"stx2a; stx2c"
"SRR3180707","stx_B",2,2,"Complete stx","Panaroo",50,2,"stx2a; stx2c"
"SRR3180707","stx_A",2,3,"Fragmented stx","Panaroo",90,1,"stx2a; stx2c"
"SRR3180707","stx_B",2,2,"Complete stx","Panaroo",90,2,"stx2a; stx2c"
"SRR3180707","stx_A",2,3,"Fragmented stx","Panaroo",100,1,"stx2a; stx2c"
"SRR3180707","stx_B",2,2,"Complete stx","Panaroo",100,2,"stx2a; stx2c"
"SRR3180707","stx_A",2,3,"Fragmented stx","Roary",0,2,"stx2a; stx2c"
"SRR3180707","stx_B",2,2,"Complete stx","Roary",0,1,"stx2a; stx2c"
"SRR3180707","stx_A",2,3,"Fragmented stx","Roary",10,2,"stx2a; stx2c"
"SRR3180707","stx_B",2,2,"Complete stx","Roary",10,1,"stx2a; stx2c"
"SRR3180707","stx_A",2,3,"Fragmented stx","Roary",50,2,"stx2a; stx2c"
"SRR3180707","stx_B",2,2,"Complete stx","Roary",50,1,"stx2a; stx2c"
"SRR3180707","stx_A",2,3,"Fragmented stx","Roary",90,2,"stx2a; stx2c"
"SRR3180707","stx_B",2,2,"Complete stx","Roary",90,1,"stx2a; stx2c"
"SRR3180707","stx_A",2,3,"Fragmented stx","Roary",100,2,"stx2a; stx2c"
"SRR3180707","stx_B",2,2,"Complete stx","Roary",100,1,"stx2a; stx2c"
"SRR3180707","stx_A",2,3,"Fragmented stx","ggCaller",0,2,"stx2a; stx2c"
"SRR3180707","stx_B",2,2,"Complete stx","ggCaller",0,2,"stx2a; stx2c"
"SRR3180707","stx_A",2,3,"Fragmented stx","ggCaller",10,2,"stx2a; stx2c"
"SRR3180707","stx_B",2,2,"Complete stx","ggCaller",10,2,"stx2a; stx2c"
"SRR3180707","stx_A",2,3,"Fragmented stx","ggCaller",50,3,"stx2a; stx2c"
"SRR3180707","stx_B",2,2,"Complete stx","ggCaller",50,2,"stx2a; stx2c"
"SRR3180707","stx_A",2,3,"Fragmented stx","ggCaller",90,3,"stx2a; stx2c"
"SRR3180707","stx_B",2,2,"Complete stx","ggCaller",90,2,"stx2a; stx2c"
"SRR3180707","stx_A",2,3,"Fragmented stx","ggCaller",100,3,"stx2a; stx2c"
"SRR3180707","stx_B",2,2,"Complete stx","ggCaller",100,2,"stx2a; stx2c"
"SRR3191403","stx_A",2,2,"Complete stx","BAKTA",0,2,"stx1a; stx2c"
"SRR3191403","stx_B",2,2,"Complete stx","BAKTA",0,2,"stx1a; stx2c"
"SRR3191403","stx_A",2,2,"Complete stx","BAKTA",100,2,"stx1a; stx2c"
"SRR3191403","stx_B",2,2,"Complete stx","BAKTA",100,2,"stx1a; stx2c"
"SRR3191403","stx_A",2,2,"Complete stx","PPanGGOLiN",0,2,"stx1a; stx2c"
"SRR3191403","stx_B",2,2,"Complete stx","PPanGGOLiN",0,2,"stx1a; stx2c"
"SRR3191403","stx_A",2,2,"Complete stx","PPanGGOLiN",10,2,"stx1a; stx2c"
"SRR3191403","stx_B",2,2,"Complete stx","PPanGGOLiN",10,2,"stx1a; stx2c"
"SRR3191403","stx_A",2,2,"Complete stx","PPanGGOLiN",50,2,"stx1a; stx2c"
"SRR3191403","stx_B",2,2,"Complete stx","PPanGGOLiN",50,2,"stx1a; stx2c"
"SRR3191403","stx_A",2,2,"Complete stx","PPanGGOLiN",90,2,"stx1a; stx2c"
"SRR3191403","stx_B",2,2,"Complete stx","PPanGGOLiN",90,2,"stx1a; stx2c"
"SRR3191403","stx_A",2,2,"Complete stx","PPanGGOLiN",100,2,"stx1a; stx2c"
"SRR3191403","stx_B",2,2,"Complete stx","PPanGGOLiN",100,2,"stx1a; stx2c"
"SRR3191403","stx_A",2,2,"Complete stx","Panaroo",0,2,"stx1a; stx2c"
"SRR3191403","stx_B",2,2,"Complete stx","Panaroo",0,2,"stx1a; stx2c"
"SRR3191403","stx_A",2,2,"Complete stx","Panaroo",10,2,"stx1a; stx2c"
"SRR3191403","stx_B",2,2,"Complete stx","Panaroo",10,2,"stx1a; stx2c"
"SRR3191403","stx_A",2,2,"Complete stx","Panaroo",50,2,"stx1a; stx2c"
"SRR3191403","stx_B",2,2,"Complete stx","Panaroo",50,2,"stx1a; stx2c"
"SRR3191403","stx_A",2,2,"Complete stx","Panaroo",90,2,"stx1a; stx2c"
"SRR3191403","stx_B",2,2,"Complete stx","Panaroo",90,2,"stx1a; stx2c"
"SRR3191403","stx_A",2,2,"Complete stx","Panaroo",100,2,"stx1a; stx2c"
"SRR3191403","stx_B",2,2,"Complete stx","Panaroo",100,2,"stx1a; stx2c"
"SRR3191403","stx_A",2,2,"Complete stx","Roary",0,1,"stx1a; stx2c"
"SRR3191403","stx_B",2,2,"Complete stx","Roary",0,1,"stx1a; stx2c"
"SRR3191403","stx_A",2,2,"Complete stx","Roary",10,1,"stx1a; stx2c"
"SRR3191403","stx_B",2,2,"Complete stx","Roary",10,1,"stx1a; stx2c"
"SRR3191403","stx_A",2,2,"Complete stx","Roary",50,1,"stx1a; stx2c"
"SRR3191403","stx_B",2,2,"Complete stx","Roary",50,1,"stx1a; stx2c"
"SRR3191403","stx_A",2,2,"Complete stx","Roary",90,1,"stx1a; stx2c"
"SRR3191403","stx_B",2,2,"Complete stx","Roary",90,1,"stx1a; stx2c"
"SRR3191403","stx_A",2,2,"Complete stx","Roary",100,1,"stx1a; stx2c"
"SRR3191403","stx_B",2,2,"Complete stx","Roary",100,1,"stx1a; stx2c"
"SRR3191403","stx_A",2,2,"Complete stx","ggCaller",0,3,"stx1a; stx2c"
"SRR3191403","stx_B",2,2,"Complete stx","ggCaller",0,2,"stx1a; stx2c"
"SRR3191403","stx_A",2,2,"Complete stx","ggCaller",10,3,"stx1a; stx2c"
"SRR3191403","stx_B",2,2,"Complete stx","ggCaller",10,2,"stx1a; stx2c"
"SRR3191403","stx_A",2,2,"Complete stx","ggCaller",50,4,"stx1a; stx2c"
"SRR3191403","stx_B",2,2,"Complete stx","ggCaller",50,2,"stx1a; stx2c"
"SRR3191403","stx_A",2,2,"Complete stx","ggCaller",90,4,"stx1a; stx2c"
"SRR3191403","stx_B",2,2,"Complete stx","ggCaller",90,2,"stx1a; stx2c"
"SRR3191403","stx_A",2,2,"Complete stx","ggCaller",100,4,"stx1a; stx2c"
"SRR3191403","stx_B",2,2,"Complete stx","ggCaller",100,2,"stx1a; stx2c"
"SRR3195765","stx_A",2,2,"Complete stx","BAKTA",0,2,"stx1a; stx2a"
"SRR3195765","stx_B",2,2,"Complete stx","BAKTA",0,2,"stx1a; stx2a"
"SRR3195765","stx_A",2,2,"Complete stx","BAKTA",100,2,"stx1a; stx2a"
"SRR3195765","stx_B",2,2,"Complete stx","BAKTA",100,2,"stx1a; stx2a"
"SRR3195765","stx_A",2,2,"Complete stx","PPanGGOLiN",0,2,"stx1a; stx2a"
"SRR3195765","stx_B",2,2,"Complete stx","PPanGGOLiN",0,2,"stx1a; stx2a"
"SRR3195765","stx_A",2,2,"Complete stx","PPanGGOLiN",10,2,"stx1a; stx2a"
"SRR3195765","stx_B",2,2,"Complete stx","PPanGGOLiN",10,2,"stx1a; stx2a"
"SRR3195765","stx_A",2,2,"Complete stx","PPanGGOLiN",50,2,"stx1a; stx2a"
"SRR3195765","stx_B",2,2,"Complete stx","PPanGGOLiN",50,2,"stx1a; stx2a"
"SRR3195765","stx_A",2,2,"Complete stx","PPanGGOLiN",90,2,"stx1a; stx2a"
"SRR3195765","stx_B",2,2,"Complete stx","PPanGGOLiN",90,2,"stx1a; stx2a"
"SRR3195765","stx_A",2,2,"Complete stx","PPanGGOLiN",100,2,"stx1a; stx2a"
"SRR3195765","stx_B",2,2,"Complete stx","PPanGGOLiN",100,2,"stx1a; stx2a"
"SRR3195765","stx_A",2,2,"Complete stx","Panaroo",0,2,"stx1a; stx2a"
"SRR3195765","stx_B",2,2,"Complete stx","Panaroo",0,2,"stx1a; stx2a"
"SRR3195765","stx_A",2,2,"Complete stx","Panaroo",10,2,"stx1a; stx2a"
"SRR3195765","stx_B",2,2,"Complete stx","Panaroo",10,2,"stx1a; stx2a"
"SRR3195765","stx_A",2,2,"Complete stx","Panaroo",50,2,"stx1a; stx2a"
"SRR3195765","stx_B",2,2,"Complete stx","Panaroo",50,2,"stx1a; stx2a"
"SRR3195765","stx_A",2,2,"Complete stx","Panaroo",90,2,"stx1a; stx2a"
"SRR3195765","stx_B",2,2,"Complete stx","Panaroo",90,2,"stx1a; stx2a"
"SRR3195765","stx_A",2,2,"Complete stx","Panaroo",100,2,"stx1a; stx2a"
"SRR3195765","stx_B",2,2,"Complete stx","Panaroo",100,2,"stx1a; stx2a"
"SRR3195765","stx_A",2,2,"Complete stx","Roary",0,1,"stx1a; stx2a"
"SRR3195765","stx_B",2,2,"Complete stx","Roary",0,1,"stx1a; stx2a"
"SRR3195765","stx_A",2,2,"Complete stx","Roary",10,1,"stx1a; stx2a"
"SRR3195765","stx_B",2,2,"Complete stx","Roary",10,1,"stx1a; stx2a"
"SRR3195765","stx_A",2,2,"Complete stx","Roary",50,1,"stx1a; stx2a"
"SRR3195765","stx_B",2,2,"Complete stx","Roary",50,1,"stx1a; stx2a"
"SRR3195765","stx_A",2,2,"Complete stx","Roary",90,1,"stx1a; stx2a"
"SRR3195765","stx_B",2,2,"Complete stx","Roary",90,1,"stx1a; stx2a"
"SRR3195765","stx_A",2,2,"Complete stx","Roary",100,1,"stx1a; stx2a"
"SRR3195765","stx_B",2,2,"Complete stx","Roary",100,1,"stx1a; stx2a"
"SRR3195765","stx_A",2,2,"Complete stx","ggCaller",0,2,"stx1a; stx2a"
"SRR3195765","stx_B",2,2,"Complete stx","ggCaller",0,2,"stx1a; stx2a"
"SRR3195765","stx_A",2,2,"Complete stx","ggCaller",10,2,"stx1a; stx2a"
"SRR3195765","stx_B",2,2,"Complete stx","ggCaller",10,2,"stx1a; stx2a"
"SRR3195765","stx_A",2,2,"Complete stx","ggCaller",50,4,"stx1a; stx2a"
"SRR3195765","stx_B",2,2,"Complete stx","ggCaller",50,2,"stx1a; stx2a"
"SRR3195765","stx_A",2,2,"Complete stx","ggCaller",90,4,"stx1a; stx2a"
"SRR3195765","stx_B",2,2,"Complete stx","ggCaller",90,2,"stx1a; stx2a"
"SRR3195765","stx_A",2,2,"Complete stx","ggCaller",100,4,"stx1a; stx2a"
"SRR3195765","stx_B",2,2,"Complete stx","ggCaller",100,2,"stx1a; stx2a"
"SRR3195836","stx_A",1,1,"Complete stx","BAKTA",0,1,"stx2c"
"SRR3195836","stx_B",1,1,"Complete stx","BAKTA",0,1,"stx2c"
"SRR3195836","stx_A",1,1,"Complete stx","BAKTA",100,1,"stx2c"
"SRR3195836","stx_B",1,1,"Complete stx","BAKTA",100,1,"stx2c"
"SRR3195836","stx_A",1,1,"Complete stx","PPanGGOLiN",0,1,"stx2c"
"SRR3195836","stx_B",1,1,"Complete stx","PPanGGOLiN",0,1,"stx2c"
"SRR3195836","stx_A",1,1,"Complete stx","PPanGGOLiN",10,1,"stx2c"
"SRR3195836","stx_B",1,1,"Complete stx","PPanGGOLiN",10,1,"stx2c"
"SRR3195836","stx_A",1,1,"Complete stx","PPanGGOLiN",50,1,"stx2c"
"SRR3195836","stx_B",1,1,"Complete stx","PPanGGOLiN",50,1,"stx2c"
"SRR3195836","stx_A",1,1,"Complete stx","PPanGGOLiN",90,1,"stx2c"
"SRR3195836","stx_B",1,1,"Complete stx","PPanGGOLiN",90,1,"stx2c"
"SRR3195836","stx_A",1,1,"Complete stx","PPanGGOLiN",100,1,"stx2c"
"SRR3195836","stx_B",1,1,"Complete stx","PPanGGOLiN",100,1,"stx2c"
"SRR3195836","stx_A",1,1,"Complete stx","Panaroo",0,1,"stx2c"
"SRR3195836","stx_B",1,1,"Complete stx","Panaroo",0,1,"stx2c"
"SRR3195836","stx_A",1,1,"Complete stx","Panaroo",10,1,"stx2c"
"SRR3195836","stx_B",1,1,"Complete stx","Panaroo",10,1,"stx2c"
"SRR3195836","stx_A",1,1,"Complete stx","Panaroo",50,1,"stx2c"
"SRR3195836","stx_B",1,1,"Complete stx","Panaroo",50,1,"stx2c"
"SRR3195836","stx_A",1,1,"Complete stx","Panaroo",90,1,"stx2c"
"SRR3195836","stx_B",1,1,"Complete stx","Panaroo",90,1,"stx2c"
"SRR3195836","stx_A",1,1,"Complete stx","Panaroo",100,1,"stx2c"
"SRR3195836","stx_B",1,1,"Complete stx","Panaroo",100,1,"stx2c"
"SRR3195836","stx_A",1,1,"Complete stx","Roary",0,1,"stx2c"
"SRR3195836","stx_B",1,1,"Complete stx","Roary",0,1,"stx2c"
"SRR3195836","stx_A",1,1,"Complete stx","Roary",10,1,"stx2c"
"SRR3195836","stx_B",1,1,"Complete stx","Roary",10,1,"stx2c"
"SRR3195836","stx_A",1,1,"Complete stx","Roary",50,1,"stx2c"
"SRR3195836","stx_B",1,1,"Complete stx","Roary",50,1,"stx2c"
"SRR3195836","stx_A",1,1,"Complete stx","Roary",90,1,"stx2c"
"SRR3195836","stx_B",1,1,"Complete stx","Roary",90,1,"stx2c"
"SRR3195836","stx_A",1,1,"Complete stx","Roary",100,1,"stx2c"
"SRR3195836","stx_B",1,1,"Complete stx","Roary",100,1,"stx2c"
"SRR3195836","stx_A",1,1,"Complete stx","ggCaller",0,2,"stx2c"
"SRR3195836","stx_B",1,1,"Complete stx","ggCaller",0,1,"stx2c"
"SRR3195836","stx_A",1,1,"Complete stx","ggCaller",10,2,"stx2c"
"SRR3195836","stx_B",1,1,"Complete stx","ggCaller",10,1,"stx2c"
"SRR3195836","stx_A",1,1,"Complete stx","ggCaller",50,3,"stx2c"
"SRR3195836","stx_B",1,1,"Complete stx","ggCaller",50,1,"stx2c"
"SRR3195836","stx_A",1,1,"Complete stx","ggCaller",90,3,"stx2c"
"SRR3195836","stx_B",1,1,"Complete stx","ggCaller",90,1,"stx2c"
"SRR3195836","stx_A",1,1,"Complete stx","ggCaller",100,3,"stx2c"
"SRR3195836","stx_B",1,1,"Complete stx","ggCaller",100,1,"stx2c"
"SRR3195839","stx_A",1,1,"Complete stx","BAKTA",0,1,"stx2c"
"SRR3195839","stx_B",1,1,"Complete stx","BAKTA",0,1,"stx2c"
"SRR3195839","stx_A",1,1,"Complete stx","BAKTA",100,1,"stx2c"
"SRR3195839","stx_B",1,1,"Complete stx","BAKTA",100,1,"stx2c"
"SRR3195839","stx_A",1,1,"Complete stx","PPanGGOLiN",0,1,"stx2c"
"SRR3195839","stx_B",1,1,"Complete stx","PPanGGOLiN",0,1,"stx2c"
"SRR3195839","stx_A",1,1,"Complete stx","PPanGGOLiN",10,1,"stx2c"
"SRR3195839","stx_B",1,1,"Complete stx","PPanGGOLiN",10,1,"stx2c"
"SRR3195839","stx_A",1,1,"Complete stx","PPanGGOLiN",50,1,"stx2c"
"SRR3195839","stx_B",1,1,"Complete stx","PPanGGOLiN",50,1,"stx2c"
"SRR3195839","stx_A",1,1,"Complete stx","PPanGGOLiN",90,1,"stx2c"
"SRR3195839","stx_B",1,1,"Complete stx","PPanGGOLiN",90,1,"stx2c"
"SRR3195839","stx_A",1,1,"Complete stx","PPanGGOLiN",100,1,"stx2c"
"SRR3195839","stx_B",1,1,"Complete stx","PPanGGOLiN",100,1,"stx2c"
"SRR3195839","stx_A",1,1,"Complete stx","Panaroo",0,1,"stx2c"
"SRR3195839","stx_B",1,1,"Complete stx","Panaroo",0,1,"stx2c"
"SRR3195839","stx_A",1,1,"Complete stx","Panaroo",10,1,"stx2c"
"SRR3195839","stx_B",1,1,"Complete stx","Panaroo",10,1,"stx2c"
"SRR3195839","stx_A",1,1,"Complete stx","Panaroo",50,1,"stx2c"
"SRR3195839","stx_B",1,1,"Complete stx","Panaroo",50,1,"stx2c"
"SRR3195839","stx_A",1,1,"Complete stx","Panaroo",90,1,"stx2c"
"SRR3195839","stx_B",1,1,"Complete stx","Panaroo",90,1,"stx2c"
"SRR3195839","stx_A",1,1,"Complete stx","Panaroo",100,1,"stx2c"
"SRR3195839","stx_B",1,1,"Complete stx","Panaroo",100,1,"stx2c"
"SRR3195839","stx_A",1,1,"Complete stx","Roary",0,1,"stx2c"
"SRR3195839","stx_B",1,1,"Complete stx","Roary",0,1,"stx2c"
"SRR3195839","stx_A",1,1,"Complete stx","Roary",10,1,"stx2c"
"SRR3195839","stx_B",1,1,"Complete stx","Roary",10,1,"stx2c"
"SRR3195839","stx_A",1,1,"Complete stx","Roary",50,1,"stx2c"
"SRR3195839","stx_B",1,1,"Complete stx","Roary",50,1,"stx2c"
"SRR3195839","stx_A",1,1,"Complete stx","Roary",90,1,"stx2c"
"SRR3195839","stx_B",1,1,"Complete stx","Roary",90,1,"stx2c"
"SRR3195839","stx_A",1,1,"Complete stx","Roary",100,1,"stx2c"
"SRR3195839","stx_B",1,1,"Complete stx","Roary",100,1,"stx2c"
"SRR3195839","stx_A",1,1,"Complete stx","ggCaller",0,2,"stx2c"
"SRR3195839","stx_B",1,1,"Complete stx","ggCaller",0,1,"stx2c"
"SRR3195839","stx_A",1,1,"Complete stx","ggCaller",10,2,"stx2c"
"SRR3195839","stx_B",1,1,"Complete stx","ggCaller",10,1,"stx2c"
"SRR3195839","stx_A",1,1,"Complete stx","ggCaller",50,3,"stx2c"
"SRR3195839","stx_B",1,1,"Complete stx","ggCaller",50,1,"stx2c"
"SRR3195839","stx_A",1,1,"Complete stx","ggCaller",90,3,"stx2c"
"SRR3195839","stx_B",1,1,"Complete stx","ggCaller",90,1,"stx2c"
"SRR3195839","stx_A",1,1,"Complete stx","ggCaller",100,3,"stx2c"
"SRR3195839","stx_B",1,1,"Complete stx","ggCaller",100,1,"stx2c"
"SRR3195840","stx_A",2,2,"Complete stx","BAKTA",0,2,"stx1a; stx2a"
"SRR3195840","stx_B",2,2,"Complete stx","BAKTA",0,2,"stx1a; stx2a"
"SRR3195840","stx_A",2,2,"Complete stx","BAKTA",100,2,"stx1a; stx2a"
"SRR3195840","stx_B",2,2,"Complete stx","BAKTA",100,2,"stx1a; stx2a"
"SRR3195840","stx_A",2,2,"Complete stx","PPanGGOLiN",0,2,"stx1a; stx2a"
"SRR3195840","stx_B",2,2,"Complete stx","PPanGGOLiN",0,2,"stx1a; stx2a"
"SRR3195840","stx_A",2,2,"Complete stx","PPanGGOLiN",10,2,"stx1a; stx2a"
"SRR3195840","stx_B",2,2,"Complete stx","PPanGGOLiN",10,2,"stx1a; stx2a"
"SRR3195840","stx_A",2,2,"Complete stx","PPanGGOLiN",50,2,"stx1a; stx2a"
"SRR3195840","stx_B",2,2,"Complete stx","PPanGGOLiN",50,2,"stx1a; stx2a"
"SRR3195840","stx_A",2,2,"Complete stx","PPanGGOLiN",90,2,"stx1a; stx2a"
"SRR3195840","stx_B",2,2,"Complete stx","PPanGGOLiN",90,2,"stx1a; stx2a"
"SRR3195840","stx_A",2,2,"Complete stx","PPanGGOLiN",100,2,"stx1a; stx2a"
"SRR3195840","stx_B",2,2,"Complete stx","PPanGGOLiN",100,2,"stx1a; stx2a"
"SRR3195840","stx_A",2,2,"Complete stx","Panaroo",0,2,"stx1a; stx2a"
"SRR3195840","stx_B",2,2,"Complete stx","Panaroo",0,2,"stx1a; stx2a"
"SRR3195840","stx_A",2,2,"Complete stx","Panaroo",10,2,"stx1a; stx2a"
"SRR3195840","stx_B",2,2,"Complete stx","Panaroo",10,2,"stx1a; stx2a"
"SRR3195840","stx_A",2,2,"Complete stx","Panaroo",50,2,"stx1a; stx2a"
"SRR3195840","stx_B",2,2,"Complete stx","Panaroo",50,2,"stx1a; stx2a"
"SRR3195840","stx_A",2,2,"Complete stx","Panaroo",90,2,"stx1a; stx2a"
"SRR3195840","stx_B",2,2,"Complete stx","Panaroo",90,2,"stx1a; stx2a"
"SRR3195840","stx_A",2,2,"Complete stx","Panaroo",100,2,"stx1a; stx2a"
"SRR3195840","stx_B",2,2,"Complete stx","Panaroo",100,2,"stx1a; stx2a"
"SRR3195840","stx_A",2,2,"Complete stx","Roary",0,1,"stx1a; stx2a"
"SRR3195840","stx_B",2,2,"Complete stx","Roary",0,1,"stx1a; stx2a"
"SRR3195840","stx_A",2,2,"Complete stx","Roary",10,1,"stx1a; stx2a"
"SRR3195840","stx_B",2,2,"Complete stx","Roary",10,1,"stx1a; stx2a"
"SRR3195840","stx_A",2,2,"Complete stx","Roary",50,1,"stx1a; stx2a"
"SRR3195840","stx_B",2,2,"Complete stx","Roary",50,1,"stx1a; stx2a"
"SRR3195840","stx_A",2,2,"Complete stx","Roary",90,1,"stx1a; stx2a"
"SRR3195840","stx_B",2,2,"Complete stx","Roary",90,1,"stx1a; stx2a"
"SRR3195840","stx_A",2,2,"Complete stx","Roary",100,1,"stx1a; stx2a"
"SRR3195840","stx_B",2,2,"Complete stx","Roary",100,1,"stx1a; stx2a"
"SRR3195840","stx_A",2,2,"Complete stx","ggCaller",0,2,"stx1a; stx2a"
"SRR3195840","stx_B",2,2,"Complete stx","ggCaller",0,2,"stx1a; stx2a"
"SRR3195840","stx_A",2,2,"Complete stx","ggCaller",10,2,"stx1a; stx2a"
"SRR3195840","stx_B",2,2,"Complete stx","ggCaller",10,2,"stx1a; stx2a"
"SRR3195840","stx_A",2,2,"Complete stx","ggCaller",50,4,"stx1a; stx2a"
"SRR3195840","stx_B",2,2,"Complete stx","ggCaller",50,2,"stx1a; stx2a"
"SRR3195840","stx_A",2,2,"Complete stx","ggCaller",90,4,"stx1a; stx2a"
"SRR3195840","stx_B",2,2,"Complete stx","ggCaller",90,2,"stx1a; stx2a"
"SRR3195840","stx_A",2,2,"Complete stx","ggCaller",100,4,"stx1a; stx2a"
"SRR3195840","stx_B",2,2,"Complete stx","ggCaller",100,2,"stx1a; stx2a"
"SRR3195841","stx_A",1,1,"Complete stx","BAKTA",0,1,"stx2c"
"SRR3195841","stx_B",1,1,"Complete stx","BAKTA",0,1,"stx2c"
"SRR3195841","stx_A",1,1,"Complete stx","BAKTA",100,1,"stx2c"
"SRR3195841","stx_B",1,1,"Complete stx","BAKTA",100,1,"stx2c"
"SRR3195841","stx_A",1,1,"Complete stx","PPanGGOLiN",0,1,"stx2c"
"SRR3195841","stx_B",1,1,"Complete stx","PPanGGOLiN",0,1,"stx2c"
"SRR3195841","stx_A",1,1,"Complete stx","PPanGGOLiN",10,1,"stx2c"
"SRR3195841","stx_B",1,1,"Complete stx","PPanGGOLiN",10,1,"stx2c"
"SRR3195841","stx_A",1,1,"Complete stx","PPanGGOLiN",50,1,"stx2c"
"SRR3195841","stx_B",1,1,"Complete stx","PPanGGOLiN",50,1,"stx2c"
"SRR3195841","stx_A",1,1,"Complete stx","PPanGGOLiN",90,1,"stx2c"
"SRR3195841","stx_B",1,1,"Complete stx","PPanGGOLiN",90,1,"stx2c"
"SRR3195841","stx_A",1,1,"Complete stx","PPanGGOLiN",100,1,"stx2c"
"SRR3195841","stx_B",1,1,"Complete stx","PPanGGOLiN",100,1,"stx2c"
"SRR3195841","stx_A",1,1,"Complete stx","Panaroo",0,1,"stx2c"
"SRR3195841","stx_B",1,1,"Complete stx","Panaroo",0,1,"stx2c"
"SRR3195841","stx_A",1,1,"Complete stx","Panaroo",10,1,"stx2c"
"SRR3195841","stx_B",1,1,"Complete stx","Panaroo",10,1,"stx2c"
"SRR3195841","stx_A",1,1,"Complete stx","Panaroo",50,1,"stx2c"
"SRR3195841","stx_B",1,1,"Complete stx","Panaroo",50,1,"stx2c"
"SRR3195841","stx_A",1,1,"Complete stx","Panaroo",90,1,"stx2c"
"SRR3195841","stx_B",1,1,"Complete stx","Panaroo",90,1,"stx2c"
"SRR3195841","stx_A",1,1,"Complete stx","Panaroo",100,1,"stx2c"
"SRR3195841","stx_B",1,1,"Complete stx","Panaroo",100,1,"stx2c"
"SRR3195841","stx_A",1,1,"Complete stx","Roary",0,1,"stx2c"
"SRR3195841","stx_B",1,1,"Complete stx","Roary",0,1,"stx2c"
"SRR3195841","stx_A",1,1,"Complete stx","Roary",10,1,"stx2c"
"SRR3195841","stx_B",1,1,"Complete stx","Roary",10,1,"stx2c"
"SRR3195841","stx_A",1,1,"Complete stx","Roary",50,1,"stx2c"
"SRR3195841","stx_B",1,1,"Complete stx","Roary",50,1,"stx2c"
"SRR3195841","stx_A",1,1,"Complete stx","Roary",90,1,"stx2c"
"SRR3195841","stx_B",1,1,"Complete stx","Roary",90,1,"stx2c"
"SRR3195841","stx_A",1,1,"Complete stx","Roary",100,1,"stx2c"
"SRR3195841","stx_B",1,1,"Complete stx","Roary",100,1,"stx2c"
"SRR3195841","stx_A",1,1,"Complete stx","ggCaller",0,2,"stx2c"
"SRR3195841","stx_B",1,1,"Complete stx","ggCaller",0,1,"stx2c"
"SRR3195841","stx_A",1,1,"Complete stx","ggCaller",10,2,"stx2c"
"SRR3195841","stx_B",1,1,"Complete stx","ggCaller",10,1,"stx2c"
"SRR3195841","stx_A",1,1,"Complete stx","ggCaller",50,3,"stx2c"
"SRR3195841","stx_B",1,1,"Complete stx","ggCaller",50,1,"stx2c"
"SRR3195841","stx_A",1,1,"Complete stx","ggCaller",90,3,"stx2c"
"SRR3195841","stx_B",1,1,"Complete stx","ggCaller",90,1,"stx2c"
"SRR3195841","stx_A",1,1,"Complete stx","ggCaller",100,3,"stx2c"
"SRR3195841","stx_B",1,1,"Complete stx","ggCaller",100,1,"stx2c"
"SRR3195851","stx_A",1,1,"Complete stx","BAKTA",0,1,"stx2c"
"SRR3195851","stx_B",1,1,"Complete stx","BAKTA",0,1,"stx2c"
"SRR3195851","stx_A",1,1,"Complete stx","BAKTA",100,1,"stx2c"
"SRR3195851","stx_B",1,1,"Complete stx","BAKTA",100,1,"stx2c"
"SRR3195851","stx_A",1,1,"Complete stx","PPanGGOLiN",0,1,"stx2c"
"SRR3195851","stx_B",1,1,"Complete stx","PPanGGOLiN",0,1,"stx2c"
"SRR3195851","stx_A",1,1,"Complete stx","PPanGGOLiN",10,1,"stx2c"
"SRR3195851","stx_B",1,1,"Complete stx","PPanGGOLiN",10,1,"stx2c"
"SRR3195851","stx_A",1,1,"Complete stx","PPanGGOLiN",50,1,"stx2c"
"SRR3195851","stx_B",1,1,"Complete stx","PPanGGOLiN",50,1,"stx2c"
"SRR3195851","stx_A",1,1,"Complete stx","PPanGGOLiN",90,1,"stx2c"
"SRR3195851","stx_B",1,1,"Complete stx","PPanGGOLiN",90,1,"stx2c"
"SRR3195851","stx_A",1,1,"Complete stx","PPanGGOLiN",100,1,"stx2c"
"SRR3195851","stx_B",1,1,"Complete stx","PPanGGOLiN",100,1,"stx2c"
"SRR3195851","stx_A",1,1,"Complete stx","Panaroo",0,1,"stx2c"
"SRR3195851","stx_B",1,1,"Complete stx","Panaroo",0,1,"stx2c"
"SRR3195851","stx_A",1,1,"Complete stx","Panaroo",10,1,"stx2c"
"SRR3195851","stx_B",1,1,"Complete stx","Panaroo",10,1,"stx2c"
"SRR3195851","stx_A",1,1,"Complete stx","Panaroo",50,1,"stx2c"
"SRR3195851","stx_B",1,1,"Complete stx","Panaroo",50,1,"stx2c"
"SRR3195851","stx_A",1,1,"Complete stx","Panaroo",90,1,"stx2c"
"SRR3195851","stx_B",1,1,"Complete stx","Panaroo",90,1,"stx2c"
"SRR3195851","stx_A",1,1,"Complete stx","Panaroo",100,1,"stx2c"
"SRR3195851","stx_B",1,1,"Complete stx","Panaroo",100,1,"stx2c"
"SRR3195851","stx_A",1,1,"Complete stx","Roary",0,1,"stx2c"
"SRR3195851","stx_B",1,1,"Complete stx","Roary",0,1,"stx2c"
"SRR3195851","stx_A",1,1,"Complete stx","Roary",10,1,"stx2c"
"SRR3195851","stx_B",1,1,"Complete stx","Roary",10,1,"stx2c"
"SRR3195851","stx_A",1,1,"Complete stx","Roary",50,1,"stx2c"
"SRR3195851","stx_B",1,1,"Complete stx","Roary",50,1,"stx2c"
"SRR3195851","stx_A",1,1,"Complete stx","Roary",90,1,"stx2c"
"SRR3195851","stx_B",1,1,"Complete stx","Roary",90,1,"stx2c"
"SRR3195851","stx_A",1,1,"Complete stx","Roary",100,1,"stx2c"
"SRR3195851","stx_B",1,1,"Complete stx","Roary",100,1,"stx2c"
"SRR3195851","stx_A",1,1,"Complete stx","ggCaller",0,2,"stx2c"
"SRR3195851","stx_B",1,1,"Complete stx","ggCaller",0,1,"stx2c"
"SRR3195851","stx_A",1,1,"Complete stx","ggCaller",10,2,"stx2c"
"SRR3195851","stx_B",1,1,"Complete stx","ggCaller",10,1,"stx2c"
"SRR3195851","stx_A",1,1,"Complete stx","ggCaller",50,3,"stx2c"
"SRR3195851","stx_B",1,1,"Complete stx","ggCaller",50,1,"stx2c"
"SRR3195851","stx_A",1,1,"Complete stx","ggCaller",90,3,"stx2c"
"SRR3195851","stx_B",1,1,"Complete stx","ggCaller",90,1,"stx2c"
"SRR3195851","stx_A",1,1,"Complete stx","ggCaller",100,3,"stx2c"
"SRR3195851","stx_B",1,1,"Complete stx","ggCaller",100,1,"stx2c"
"SRR3195852","stx_A",1,1,"Complete stx","BAKTA",0,1,"stx2c"
"SRR3195852","stx_B",1,1,"Complete stx","BAKTA",0,1,"stx2c"
"SRR3195852","stx_A",1,1,"Complete stx","BAKTA",100,1,"stx2c"
"SRR3195852","stx_B",1,1,"Complete stx","BAKTA",100,1,"stx2c"
"SRR3195852","stx_A",1,1,"Complete stx","PPanGGOLiN",0,1,"stx2c"
"SRR3195852","stx_B",1,1,"Complete stx","PPanGGOLiN",0,1,"stx2c"
"SRR3195852","stx_A",1,1,"Complete stx","PPanGGOLiN",10,1,"stx2c"
"SRR3195852","stx_B",1,1,"Complete stx","PPanGGOLiN",10,1,"stx2c"
"SRR3195852","stx_A",1,1,"Complete stx","PPanGGOLiN",50,1,"stx2c"
"SRR3195852","stx_B",1,1,"Complete stx","PPanGGOLiN",50,1,"stx2c"
"SRR3195852","stx_A",1,1,"Complete stx","PPanGGOLiN",90,1,"stx2c"
"SRR3195852","stx_B",1,1,"Complete stx","PPanGGOLiN",90,1,"stx2c"
"SRR3195852","stx_A",1,1,"Complete stx","PPanGGOLiN",100,1,"stx2c"
"SRR3195852","stx_B",1,1,"Complete stx","PPanGGOLiN",100,1,"stx2c"
"SRR3195852","stx_A",1,1,"Complete stx","Panaroo",0,1,"stx2c"
"SRR3195852","stx_B",1,1,"Complete stx","Panaroo",0,1,"stx2c"
"SRR3195852","stx_A",1,1,"Complete stx","Panaroo",10,1,"stx2c"
"SRR3195852","stx_B",1,1,"Complete stx","Panaroo",10,1,"stx2c"
"SRR3195852","stx_A",1,1,"Complete stx","Panaroo",50,1,"stx2c"
"SRR3195852","stx_B",1,1,"Complete stx","Panaroo",50,1,"stx2c"
"SRR3195852","stx_A",1,1,"Complete stx","Panaroo",90,1,"stx2c"
"SRR3195852","stx_B",1,1,"Complete stx","Panaroo",90,1,"stx2c"
"SRR3195852","stx_A",1,1,"Complete stx","Panaroo",100,1,"stx2c"
"SRR3195852","stx_B",1,1,"Complete stx","Panaroo",100,1,"stx2c"
"SRR3195852","stx_A",1,1,"Complete stx","Roary",0,1,"stx2c"
"SRR3195852","stx_B",1,1,"Complete stx","Roary",0,1,"stx2c"
"SRR3195852","stx_A",1,1,"Complete stx","Roary",10,1,"stx2c"
"SRR3195852","stx_B",1,1,"Complete stx","Roary",10,1,"stx2c"
"SRR3195852","stx_A",1,1,"Complete stx","Roary",50,1,"stx2c"
"SRR3195852","stx_B",1,1,"Complete stx","Roary",50,1,"stx2c"
"SRR3195852","stx_A",1,1,"Complete stx","Roary",90,1,"stx2c"
"SRR3195852","stx_B",1,1,"Complete stx","Roary",90,1,"stx2c"
"SRR3195852","stx_A",1,1,"Complete stx","Roary",100,1,"stx2c"
"SRR3195852","stx_B",1,1,"Complete stx","Roary",100,1,"stx2c"
"SRR3195852","stx_A",1,1,"Complete stx","ggCaller",0,2,"stx2c"
"SRR3195852","stx_B",1,1,"Complete stx","ggCaller",0,1,"stx2c"
"SRR3195852","stx_A",1,1,"Complete stx","ggCaller",10,2,"stx2c"
"SRR3195852","stx_B",1,1,"Complete stx","ggCaller",10,1,"stx2c"
"SRR3195852","stx_A",1,1,"Complete stx","ggCaller",50,3,"stx2c"
"SRR3195852","stx_B",1,1,"Complete stx","ggCaller",50,1,"stx2c"
"SRR3195852","stx_A",1,1,"Complete stx","ggCaller",90,3,"stx2c"
"SRR3195852","stx_B",1,1,"Complete stx","ggCaller",90,1,"stx2c"
"SRR3195852","stx_A",1,1,"Complete stx","ggCaller",100,3,"stx2c"
"SRR3195852","stx_B",1,1,"Complete stx","ggCaller",100,1,"stx2c"
"SRR3205742","stx_A",2,2,"Complete stx","BAKTA",0,2,"stx1a; stx2a"
"SRR3205742","stx_B",2,2,"Complete stx","BAKTA",0,2,"stx1a; stx2a"
"SRR3205742","stx_A",2,2,"Complete stx","BAKTA",100,2,"stx1a; stx2a"
"SRR3205742","stx_B",2,2,"Complete stx","BAKTA",100,2,"stx1a; stx2a"
"SRR3205742","stx_A",2,2,"Complete stx","PPanGGOLiN",0,2,"stx1a; stx2a"
"SRR3205742","stx_B",2,2,"Complete stx","PPanGGOLiN",0,2,"stx1a; stx2a"
"SRR3205742","stx_A",2,2,"Complete stx","PPanGGOLiN",10,2,"stx1a; stx2a"
"SRR3205742","stx_B",2,2,"Complete stx","PPanGGOLiN",10,2,"stx1a; stx2a"
"SRR3205742","stx_A",2,2,"Complete stx","PPanGGOLiN",50,2,"stx1a; stx2a"
"SRR3205742","stx_B",2,2,"Complete stx","PPanGGOLiN",50,2,"stx1a; stx2a"
"SRR3205742","stx_A",2,2,"Complete stx","PPanGGOLiN",90,2,"stx1a; stx2a"
"SRR3205742","stx_B",2,2,"Complete stx","PPanGGOLiN",90,2,"stx1a; stx2a"
"SRR3205742","stx_A",2,2,"Complete stx","PPanGGOLiN",100,2,"stx1a; stx2a"
"SRR3205742","stx_B",2,2,"Complete stx","PPanGGOLiN",100,2,"stx1a; stx2a"
"SRR3205742","stx_A",2,2,"Complete stx","Panaroo",0,2,"stx1a; stx2a"
"SRR3205742","stx_B",2,2,"Complete stx","Panaroo",0,2,"stx1a; stx2a"
"SRR3205742","stx_A",2,2,"Complete stx","Panaroo",10,2,"stx1a; stx2a"
"SRR3205742","stx_B",2,2,"Complete stx","Panaroo",10,2,"stx1a; stx2a"
"SRR3205742","stx_A",2,2,"Complete stx","Panaroo",50,2,"stx1a; stx2a"
"SRR3205742","stx_B",2,2,"Complete stx","Panaroo",50,2,"stx1a; stx2a"
"SRR3205742","stx_A",2,2,"Complete stx","Panaroo",90,2,"stx1a; stx2a"
"SRR3205742","stx_B",2,2,"Complete stx","Panaroo",90,2,"stx1a; stx2a"
"SRR3205742","stx_A",2,2,"Complete stx","Panaroo",100,2,"stx1a; stx2a"
"SRR3205742","stx_B",2,2,"Complete stx","Panaroo",100,2,"stx1a; stx2a"
"SRR3205742","stx_A",2,2,"Complete stx","Roary",0,1,"stx1a; stx2a"
"SRR3205742","stx_B",2,2,"Complete stx","Roary",0,1,"stx1a; stx2a"
"SRR3205742","stx_A",2,2,"Complete stx","Roary",10,1,"stx1a; stx2a"
"SRR3205742","stx_B",2,2,"Complete stx","Roary",10,1,"stx1a; stx2a"
"SRR3205742","stx_A",2,2,"Complete stx","Roary",50,1,"stx1a; stx2a"
"SRR3205742","stx_B",2,2,"Complete stx","Roary",50,1,"stx1a; stx2a"
"SRR3205742","stx_A",2,2,"Complete stx","Roary",90,1,"stx1a; stx2a"
"SRR3205742","stx_B",2,2,"Complete stx","Roary",90,1,"stx1a; stx2a"
"SRR3205742","stx_A",2,2,"Complete stx","Roary",100,1,"stx1a; stx2a"
"SRR3205742","stx_B",2,2,"Complete stx","Roary",100,1,"stx1a; stx2a"
"SRR3205742","stx_A",2,2,"Complete stx","ggCaller",0,2,"stx1a; stx2a"
"SRR3205742","stx_B",2,2,"Complete stx","ggCaller",0,2,"stx1a; stx2a"
"SRR3205742","stx_A",2,2,"Complete stx","ggCaller",10,2,"stx1a; stx2a"
"SRR3205742","stx_B",2,2,"Complete stx","ggCaller",10,2,"stx1a; stx2a"
"SRR3205742","stx_A",2,2,"Complete stx","ggCaller",50,4,"stx1a; stx2a"
"SRR3205742","stx_B",2,2,"Complete stx","ggCaller",50,2,"stx1a; stx2a"
"SRR3205742","stx_A",2,2,"Complete stx","ggCaller",90,4,"stx1a; stx2a"
"SRR3205742","stx_B",2,2,"Complete stx","ggCaller",90,2,"stx1a; stx2a"
"SRR3205742","stx_A",2,2,"Complete stx","ggCaller",100,4,"stx1a; stx2a"
"SRR3205742","stx_B",2,2,"Complete stx","ggCaller",100,2,"stx1a; stx2a"
"SRR3205757","stx_A",2,6,"Fragmented stx","BAKTA",0,0,"stx2a; stx2c"
"SRR3205757","stx_B",2,4,"Fragmented stx","BAKTA",0,0,"stx2a; stx2c"
"SRR3205757","stx_A",2,6,"Fragmented stx","BAKTA",100,2,"stx2a; stx2c"
"SRR3205757","stx_B",2,4,"Fragmented stx","BAKTA",100,2,"stx2a; stx2c"
"SRR3205757","stx_A",2,6,"Fragmented stx","PPanGGOLiN",0,0,"stx2a; stx2c"
"SRR3205757","stx_B",2,4,"Fragmented stx","PPanGGOLiN",0,0,"stx2a; stx2c"
"SRR3205757","stx_A",2,6,"Fragmented stx","PPanGGOLiN",10,0,"stx2a; stx2c"
"SRR3205757","stx_B",2,4,"Fragmented stx","PPanGGOLiN",10,0,"stx2a; stx2c"
"SRR3205757","stx_A",2,6,"Fragmented stx","PPanGGOLiN",50,1,"stx2a; stx2c"
"SRR3205757","stx_B",2,4,"Fragmented stx","PPanGGOLiN",50,1,"stx2a; stx2c"
"SRR3205757","stx_A",2,6,"Fragmented stx","PPanGGOLiN",90,1,"stx2a; stx2c"
"SRR3205757","stx_B",2,4,"Fragmented stx","PPanGGOLiN",90,1,"stx2a; stx2c"
"SRR3205757","stx_A",2,6,"Fragmented stx","PPanGGOLiN",100,1,"stx2a; stx2c"
"SRR3205757","stx_B",2,4,"Fragmented stx","PPanGGOLiN",100,1,"stx2a; stx2c"
"SRR3205757","stx_A",2,6,"Fragmented stx","Panaroo",0,0,"stx2a; stx2c"
"SRR3205757","stx_B",2,4,"Fragmented stx","Panaroo",0,0,"stx2a; stx2c"
"SRR3205757","stx_A",2,6,"Fragmented stx","Panaroo",10,0,"stx2a; stx2c"
"SRR3205757","stx_B",2,4,"Fragmented stx","Panaroo",10,0,"stx2a; stx2c"
"SRR3205757","stx_A",2,6,"Fragmented stx","Panaroo",50,1,"stx2a; stx2c"
"SRR3205757","stx_B",2,4,"Fragmented stx","Panaroo",50,2,"stx2a; stx2c"
"SRR3205757","stx_A",2,6,"Fragmented stx","Panaroo",90,1,"stx2a; stx2c"
"SRR3205757","stx_B",2,4,"Fragmented stx","Panaroo",90,2,"stx2a; stx2c"
"SRR3205757","stx_A",2,6,"Fragmented stx","Panaroo",100,1,"stx2a; stx2c"
"SRR3205757","stx_B",2,4,"Fragmented stx","Panaroo",100,2,"stx2a; stx2c"
"SRR3205757","stx_A",2,6,"Fragmented stx","Roary",0,0,"stx2a; stx2c"
"SRR3205757","stx_B",2,4,"Fragmented stx","Roary",0,0,"stx2a; stx2c"
"SRR3205757","stx_A",2,6,"Fragmented stx","Roary",10,0,"stx2a; stx2c"
"SRR3205757","stx_B",2,4,"Fragmented stx","Roary",10,0,"stx2a; stx2c"
"SRR3205757","stx_A",2,6,"Fragmented stx","Roary",50,2,"stx2a; stx2c"
"SRR3205757","stx_B",2,4,"Fragmented stx","Roary",50,1,"stx2a; stx2c"
"SRR3205757","stx_A",2,6,"Fragmented stx","Roary",90,2,"stx2a; stx2c"
"SRR3205757","stx_B",2,4,"Fragmented stx","Roary",90,1,"stx2a; stx2c"
"SRR3205757","stx_A",2,6,"Fragmented stx","Roary",100,2,"stx2a; stx2c"
"SRR3205757","stx_B",2,4,"Fragmented stx","Roary",100,1,"stx2a; stx2c"
"SRR3205757","stx_A",2,6,"Fragmented stx","ggCaller",0,0,"stx2a; stx2c"
"SRR3205757","stx_B",2,4,"Fragmented stx","ggCaller",0,0,"stx2a; stx2c"
"SRR3205757","stx_A",2,6,"Fragmented stx","ggCaller",10,0,"stx2a; stx2c"
"SRR3205757","stx_B",2,4,"Fragmented stx","ggCaller",10,0,"stx2a; stx2c"
"SRR3205757","stx_A",2,6,"Fragmented stx","ggCaller",50,3,"stx2a; stx2c"
"SRR3205757","stx_B",2,4,"Fragmented stx","ggCaller",50,2,"stx2a; stx2c"
"SRR3205757","stx_A",2,6,"Fragmented stx","ggCaller",90,3,"stx2a; stx2c"
"SRR3205757","stx_B",2,4,"Fragmented stx","ggCaller",90,2,"stx2a; stx2c"
"SRR3205757","stx_A",2,6,"Fragmented stx","ggCaller",100,3,"stx2a; stx2c"
"SRR3205757","stx_B",2,4,"Fragmented stx","ggCaller",100,2,"stx2a; stx2c"
"SRR3224568","stx_A",1,2,"Fragmented stx","BAKTA",0,1,"stx2c"
"SRR3224568","stx_B",1,2,"Fragmented stx","BAKTA",0,0,"stx2c"
"SRR3224568","stx_A",1,2,"Fragmented stx","BAKTA",100,1,"stx2c"
"SRR3224568","stx_B",1,2,"Fragmented stx","BAKTA",100,1,"stx2c"
"SRR3224568","stx_A",1,2,"Fragmented stx","PPanGGOLiN",0,1,"stx2c"
"SRR3224568","stx_B",1,2,"Fragmented stx","PPanGGOLiN",0,0,"stx2c"
"SRR3224568","stx_A",1,2,"Fragmented stx","PPanGGOLiN",10,1,"stx2c"
"SRR3224568","stx_B",1,2,"Fragmented stx","PPanGGOLiN",10,0,"stx2c"
"SRR3224568","stx_A",1,2,"Fragmented stx","PPanGGOLiN",50,1,"stx2c"
"SRR3224568","stx_B",1,2,"Fragmented stx","PPanGGOLiN",50,0,"stx2c"
"SRR3224568","stx_A",1,2,"Fragmented stx","PPanGGOLiN",90,1,"stx2c"
"SRR3224568","stx_B",1,2,"Fragmented stx","PPanGGOLiN",90,1,"stx2c"
"SRR3224568","stx_A",1,2,"Fragmented stx","PPanGGOLiN",100,1,"stx2c"
"SRR3224568","stx_B",1,2,"Fragmented stx","PPanGGOLiN",100,1,"stx2c"
"SRR3224568","stx_A",1,2,"Fragmented stx","Panaroo",0,1,"stx2c"
"SRR3224568","stx_B",1,2,"Fragmented stx","Panaroo",0,0,"stx2c"
"SRR3224568","stx_A",1,2,"Fragmented stx","Panaroo",10,1,"stx2c"
"SRR3224568","stx_B",1,2,"Fragmented stx","Panaroo",10,0,"stx2c"
"SRR3224568","stx_A",1,2,"Fragmented stx","Panaroo",50,1,"stx2c"
"SRR3224568","stx_B",1,2,"Fragmented stx","Panaroo",50,0,"stx2c"
"SRR3224568","stx_A",1,2,"Fragmented stx","Panaroo",90,1,"stx2c"
"SRR3224568","stx_B",1,2,"Fragmented stx","Panaroo",90,1,"stx2c"
"SRR3224568","stx_A",1,2,"Fragmented stx","Panaroo",100,1,"stx2c"
"SRR3224568","stx_B",1,2,"Fragmented stx","Panaroo",100,1,"stx2c"
"SRR3224568","stx_A",1,2,"Fragmented stx","Roary",0,1,"stx2c"
"SRR3224568","stx_B",1,2,"Fragmented stx","Roary",0,0,"stx2c"
"SRR3224568","stx_A",1,2,"Fragmented stx","Roary",10,1,"stx2c"
"SRR3224568","stx_B",1,2,"Fragmented stx","Roary",10,0,"stx2c"
"SRR3224568","stx_A",1,2,"Fragmented stx","Roary",50,1,"stx2c"
"SRR3224568","stx_B",1,2,"Fragmented stx","Roary",50,0,"stx2c"
"SRR3224568","stx_A",1,2,"Fragmented stx","Roary",90,1,"stx2c"
"SRR3224568","stx_B",1,2,"Fragmented stx","Roary",90,1,"stx2c"
"SRR3224568","stx_A",1,2,"Fragmented stx","Roary",100,1,"stx2c"
"SRR3224568","stx_B",1,2,"Fragmented stx","Roary",100,1,"stx2c"
"SRR3224568","stx_A",1,2,"Fragmented stx","ggCaller",0,1,"stx2c"
"SRR3224568","stx_B",1,2,"Fragmented stx","ggCaller",0,0,"stx2c"
"SRR3224568","stx_A",1,2,"Fragmented stx","ggCaller",10,1,"stx2c"
"SRR3224568","stx_B",1,2,"Fragmented stx","ggCaller",10,0,"stx2c"
"SRR3224568","stx_A",1,2,"Fragmented stx","ggCaller",50,1,"stx2c"
"SRR3224568","stx_B",1,2,"Fragmented stx","ggCaller",50,0,"stx2c"
"SRR3224568","stx_A",1,2,"Fragmented stx","ggCaller",90,3,"stx2c"
"SRR3224568","stx_B",1,2,"Fragmented stx","ggCaller",90,1,"stx2c"
"SRR3224568","stx_A",1,2,"Fragmented stx","ggCaller",100,3,"stx2c"
"SRR3224568","stx_B",1,2,"Fragmented stx","ggCaller",100,1,"stx2c"
"SRR3224814","stx_A",2,2,"Complete stx","BAKTA",0,2,"stx1a; stx2a"
"SRR3224814","stx_B",2,2,"Complete stx","BAKTA",0,2,"stx1a; stx2a"
"SRR3224814","stx_A",2,2,"Complete stx","BAKTA",100,2,"stx1a; stx2a"
"SRR3224814","stx_B",2,2,"Complete stx","BAKTA",100,2,"stx1a; stx2a"
"SRR3224814","stx_A",2,2,"Complete stx","PPanGGOLiN",0,2,"stx1a; stx2a"
"SRR3224814","stx_B",2,2,"Complete stx","PPanGGOLiN",0,2,"stx1a; stx2a"
"SRR3224814","stx_A",2,2,"Complete stx","PPanGGOLiN",10,2,"stx1a; stx2a"
"SRR3224814","stx_B",2,2,"Complete stx","PPanGGOLiN",10,2,"stx1a; stx2a"
"SRR3224814","stx_A",2,2,"Complete stx","PPanGGOLiN",50,2,"stx1a; stx2a"
"SRR3224814","stx_B",2,2,"Complete stx","PPanGGOLiN",50,2,"stx1a; stx2a"
"SRR3224814","stx_A",2,2,"Complete stx","PPanGGOLiN",90,2,"stx1a; stx2a"
"SRR3224814","stx_B",2,2,"Complete stx","PPanGGOLiN",90,2,"stx1a; stx2a"
"SRR3224814","stx_A",2,2,"Complete stx","PPanGGOLiN",100,2,"stx1a; stx2a"
"SRR3224814","stx_B",2,2,"Complete stx","PPanGGOLiN",100,2,"stx1a; stx2a"
"SRR3224814","stx_A",2,2,"Complete stx","Panaroo",0,2,"stx1a; stx2a"
"SRR3224814","stx_B",2,2,"Complete stx","Panaroo",0,2,"stx1a; stx2a"
"SRR3224814","stx_A",2,2,"Complete stx","Panaroo",10,2,"stx1a; stx2a"
"SRR3224814","stx_B",2,2,"Complete stx","Panaroo",10,2,"stx1a; stx2a"
"SRR3224814","stx_A",2,2,"Complete stx","Panaroo",50,2,"stx1a; stx2a"
"SRR3224814","stx_B",2,2,"Complete stx","Panaroo",50,2,"stx1a; stx2a"
"SRR3224814","stx_A",2,2,"Complete stx","Panaroo",90,2,"stx1a; stx2a"
"SRR3224814","stx_B",2,2,"Complete stx","Panaroo",90,2,"stx1a; stx2a"
"SRR3224814","stx_A",2,2,"Complete stx","Panaroo",100,2,"stx1a; stx2a"
"SRR3224814","stx_B",2,2,"Complete stx","Panaroo",100,2,"stx1a; stx2a"
"SRR3224814","stx_A",2,2,"Complete stx","Roary",0,1,"stx1a; stx2a"
"SRR3224814","stx_B",2,2,"Complete stx","Roary",0,1,"stx1a; stx2a"
"SRR3224814","stx_A",2,2,"Complete stx","Roary",10,1,"stx1a; stx2a"
"SRR3224814","stx_B",2,2,"Complete stx","Roary",10,1,"stx1a; stx2a"
"SRR3224814","stx_A",2,2,"Complete stx","Roary",50,1,"stx1a; stx2a"
"SRR3224814","stx_B",2,2,"Complete stx","Roary",50,1,"stx1a; stx2a"
"SRR3224814","stx_A",2,2,"Complete stx","Roary",90,1,"stx1a; stx2a"
"SRR3224814","stx_B",2,2,"Complete stx","Roary",90,1,"stx1a; stx2a"
"SRR3224814","stx_A",2,2,"Complete stx","Roary",100,1,"stx1a; stx2a"
"SRR3224814","stx_B",2,2,"Complete stx","Roary",100,1,"stx1a; stx2a"
"SRR3224814","stx_A",2,2,"Complete stx","ggCaller",0,2,"stx1a; stx2a"
"SRR3224814","stx_B",2,2,"Complete stx","ggCaller",0,2,"stx1a; stx2a"
"SRR3224814","stx_A",2,2,"Complete stx","ggCaller",10,2,"stx1a; stx2a"
"SRR3224814","stx_B",2,2,"Complete stx","ggCaller",10,2,"stx1a; stx2a"
"SRR3224814","stx_A",2,2,"Complete stx","ggCaller",50,4,"stx1a; stx2a"
"SRR3224814","stx_B",2,2,"Complete stx","ggCaller",50,3,"stx1a; stx2a"
"SRR3224814","stx_A",2,2,"Complete stx","ggCaller",90,4,"stx1a; stx2a"
"SRR3224814","stx_B",2,2,"Complete stx","ggCaller",90,3,"stx1a; stx2a"
"SRR3224814","stx_A",2,2,"Complete stx","ggCaller",100,4,"stx1a; stx2a"
"SRR3224814","stx_B",2,2,"Complete stx","ggCaller",100,3,"stx1a; stx2a"
"SRR4301494","stx_A",1,1,"Complete stx","BAKTA",0,1,"stx2c"
"SRR4301494","stx_B",1,1,"Complete stx","BAKTA",0,1,"stx2c"
"SRR4301494","stx_A",1,1,"Complete stx","BAKTA",100,1,"stx2c"
"SRR4301494","stx_B",1,1,"Complete stx","BAKTA",100,1,"stx2c"
"SRR4301494","stx_A",1,1,"Complete stx","PPanGGOLiN",0,1,"stx2c"
"SRR4301494","stx_B",1,1,"Complete stx","PPanGGOLiN",0,1,"stx2c"
"SRR4301494","stx_A",1,1,"Complete stx","PPanGGOLiN",10,1,"stx2c"
"SRR4301494","stx_B",1,1,"Complete stx","PPanGGOLiN",10,1,"stx2c"
"SRR4301494","stx_A",1,1,"Complete stx","PPanGGOLiN",50,1,"stx2c"
"SRR4301494","stx_B",1,1,"Complete stx","PPanGGOLiN",50,1,"stx2c"
"SRR4301494","stx_A",1,1,"Complete stx","PPanGGOLiN",90,1,"stx2c"
"SRR4301494","stx_B",1,1,"Complete stx","PPanGGOLiN",90,1,"stx2c"
"SRR4301494","stx_A",1,1,"Complete stx","PPanGGOLiN",100,1,"stx2c"
"SRR4301494","stx_B",1,1,"Complete stx","PPanGGOLiN",100,1,"stx2c"
"SRR4301494","stx_A",1,1,"Complete stx","Panaroo",0,1,"stx2c"
"SRR4301494","stx_B",1,1,"Complete stx","Panaroo",0,1,"stx2c"
"SRR4301494","stx_A",1,1,"Complete stx","Panaroo",10,1,"stx2c"
"SRR4301494","stx_B",1,1,"Complete stx","Panaroo",10,1,"stx2c"
"SRR4301494","stx_A",1,1,"Complete stx","Panaroo",50,1,"stx2c"
"SRR4301494","stx_B",1,1,"Complete stx","Panaroo",50,1,"stx2c"
"SRR4301494","stx_A",1,1,"Complete stx","Panaroo",90,1,"stx2c"
"SRR4301494","stx_B",1,1,"Complete stx","Panaroo",90,1,"stx2c"
"SRR4301494","stx_A",1,1,"Complete stx","Panaroo",100,1,"stx2c"
"SRR4301494","stx_B",1,1,"Complete stx","Panaroo",100,1,"stx2c"
"SRR4301494","stx_A",1,1,"Complete stx","Roary",0,1,"stx2c"
"SRR4301494","stx_B",1,1,"Complete stx","Roary",0,1,"stx2c"
"SRR4301494","stx_A",1,1,"Complete stx","Roary",10,1,"stx2c"
"SRR4301494","stx_B",1,1,"Complete stx","Roary",10,1,"stx2c"
"SRR4301494","stx_A",1,1,"Complete stx","Roary",50,1,"stx2c"
"SRR4301494","stx_B",1,1,"Complete stx","Roary",50,1,"stx2c"
"SRR4301494","stx_A",1,1,"Complete stx","Roary",90,1,"stx2c"
"SRR4301494","stx_B",1,1,"Complete stx","Roary",90,1,"stx2c"
"SRR4301494","stx_A",1,1,"Complete stx","Roary",100,1,"stx2c"
"SRR4301494","stx_B",1,1,"Complete stx","Roary",100,1,"stx2c"
"SRR4301494","stx_A",1,1,"Complete stx","ggCaller",0,2,"stx2c"
"SRR4301494","stx_B",1,1,"Complete stx","ggCaller",0,1,"stx2c"
"SRR4301494","stx_A",1,1,"Complete stx","ggCaller",10,2,"stx2c"
"SRR4301494","stx_B",1,1,"Complete stx","ggCaller",10,1,"stx2c"
"SRR4301494","stx_A",1,1,"Complete stx","ggCaller",50,3,"stx2c"
"SRR4301494","stx_B",1,1,"Complete stx","ggCaller",50,1,"stx2c"
"SRR4301494","stx_A",1,1,"Complete stx","ggCaller",90,3,"stx2c"
"SRR4301494","stx_B",1,1,"Complete stx","ggCaller",90,1,"stx2c"
"SRR4301494","stx_A",1,1,"Complete stx","ggCaller",100,3,"stx2c"
"SRR4301494","stx_B",1,1,"Complete stx","ggCaller",100,1,"stx2c"
"SRR4301497","stx_A",2,6,"Fragmented stx","BAKTA",0,0,"stx2a; stx2c"
"SRR4301497","stx_B",2,4,"Fragmented stx","BAKTA",0,0,"stx2a; stx2c"
"SRR4301497","stx_A",2,6,"Fragmented stx","BAKTA",100,2,"stx2a; stx2c"
"SRR4301497","stx_B",2,4,"Fragmented stx","BAKTA",100,2,"stx2a; stx2c"
"SRR4301497","stx_A",2,6,"Fragmented stx","PPanGGOLiN",0,0,"stx2a; stx2c"
"SRR4301497","stx_B",2,4,"Fragmented stx","PPanGGOLiN",0,0,"stx2a; stx2c"
"SRR4301497","stx_A",2,6,"Fragmented stx","PPanGGOLiN",10,0,"stx2a; stx2c"
"SRR4301497","stx_B",2,4,"Fragmented stx","PPanGGOLiN",10,0,"stx2a; stx2c"
"SRR4301497","stx_A",2,6,"Fragmented stx","PPanGGOLiN",50,0,"stx2a; stx2c"
"SRR4301497","stx_B",2,4,"Fragmented stx","PPanGGOLiN",50,0,"stx2a; stx2c"
"SRR4301497","stx_A",2,6,"Fragmented stx","PPanGGOLiN",90,1,"stx2a; stx2c"
"SRR4301497","stx_B",2,4,"Fragmented stx","PPanGGOLiN",90,1,"stx2a; stx2c"
"SRR4301497","stx_A",2,6,"Fragmented stx","PPanGGOLiN",100,1,"stx2a; stx2c"
"SRR4301497","stx_B",2,4,"Fragmented stx","PPanGGOLiN",100,1,"stx2a; stx2c"
"SRR4301497","stx_A",2,6,"Fragmented stx","Panaroo",0,0,"stx2a; stx2c"
"SRR4301497","stx_B",2,4,"Fragmented stx","Panaroo",0,0,"stx2a; stx2c"
"SRR4301497","stx_A",2,6,"Fragmented stx","Panaroo",10,0,"stx2a; stx2c"
"SRR4301497","stx_B",2,4,"Fragmented stx","Panaroo",10,0,"stx2a; stx2c"
"SRR4301497","stx_A",2,6,"Fragmented stx","Panaroo",50,0,"stx2a; stx2c"
"SRR4301497","stx_B",2,4,"Fragmented stx","Panaroo",50,0,"stx2a; stx2c"
"SRR4301497","stx_A",2,6,"Fragmented stx","Panaroo",90,1,"stx2a; stx2c"
"SRR4301497","stx_B",2,4,"Fragmented stx","Panaroo",90,2,"stx2a; stx2c"
"SRR4301497","stx_A",2,6,"Fragmented stx","Panaroo",100,1,"stx2a; stx2c"
"SRR4301497","stx_B",2,4,"Fragmented stx","Panaroo",100,2,"stx2a; stx2c"
"SRR4301497","stx_A",2,6,"Fragmented stx","Roary",0,0,"stx2a; stx2c"
"SRR4301497","stx_B",2,4,"Fragmented stx","Roary",0,0,"stx2a; stx2c"
"SRR4301497","stx_A",2,6,"Fragmented stx","Roary",10,0,"stx2a; stx2c"
"SRR4301497","stx_B",2,4,"Fragmented stx","Roary",10,0,"stx2a; stx2c"
"SRR4301497","stx_A",2,6,"Fragmented stx","Roary",50,0,"stx2a; stx2c"
"SRR4301497","stx_B",2,4,"Fragmented stx","Roary",50,0,"stx2a; stx2c"
"SRR4301497","stx_A",2,6,"Fragmented stx","Roary",90,2,"stx2a; stx2c"
"SRR4301497","stx_B",2,4,"Fragmented stx","Roary",90,1,"stx2a; stx2c"
"SRR4301497","stx_A",2,6,"Fragmented stx","Roary",100,2,"stx2a; stx2c"
"SRR4301497","stx_B",2,4,"Fragmented stx","Roary",100,1,"stx2a; stx2c"
"SRR4301497","stx_A",2,6,"Fragmented stx","ggCaller",0,0,"stx2a; stx2c"
"SRR4301497","stx_B",2,4,"Fragmented stx","ggCaller",0,0,"stx2a; stx2c"
"SRR4301497","stx_A",2,6,"Fragmented stx","ggCaller",10,0,"stx2a; stx2c"
"SRR4301497","stx_B",2,4,"Fragmented stx","ggCaller",10,0,"stx2a; stx2c"
"SRR4301497","stx_A",2,6,"Fragmented stx","ggCaller",50,0,"stx2a; stx2c"
"SRR4301497","stx_B",2,4,"Fragmented stx","ggCaller",50,0,"stx2a; stx2c"
"SRR4301497","stx_A",2,6,"Fragmented stx","ggCaller",90,3,"stx2a; stx2c"
"SRR4301497","stx_B",2,4,"Fragmented stx","ggCaller",90,2,"stx2a; stx2c"
"SRR4301497","stx_A",2,6,"Fragmented stx","ggCaller",100,3,"stx2a; stx2c"
"SRR4301497","stx_B",2,4,"Fragmented stx","ggCaller",100,2,"stx2a; stx2c"
"SRR4301513","stx_A",2,2,"Complete stx","BAKTA",0,2,"stx1a; stx2c"
"SRR4301513","stx_B",2,2,"Complete stx","BAKTA",0,2,"stx1a; stx2c"
"SRR4301513","stx_A",2,2,"Complete stx","BAKTA",100,2,"stx1a; stx2c"
"SRR4301513","stx_B",2,2,"Complete stx","BAKTA",100,2,"stx1a; stx2c"
"SRR4301513","stx_A",2,2,"Complete stx","PPanGGOLiN",0,2,"stx1a; stx2c"
"SRR4301513","stx_B",2,2,"Complete stx","PPanGGOLiN",0,2,"stx1a; stx2c"
"SRR4301513","stx_A",2,2,"Complete stx","PPanGGOLiN",10,2,"stx1a; stx2c"
"SRR4301513","stx_B",2,2,"Complete stx","PPanGGOLiN",10,2,"stx1a; stx2c"
"SRR4301513","stx_A",2,2,"Complete stx","PPanGGOLiN",50,2,"stx1a; stx2c"
"SRR4301513","stx_B",2,2,"Complete stx","PPanGGOLiN",50,2,"stx1a; stx2c"
"SRR4301513","stx_A",2,2,"Complete stx","PPanGGOLiN",90,2,"stx1a; stx2c"
"SRR4301513","stx_B",2,2,"Complete stx","PPanGGOLiN",90,2,"stx1a; stx2c"
"SRR4301513","stx_A",2,2,"Complete stx","PPanGGOLiN",100,2,"stx1a; stx2c"
"SRR4301513","stx_B",2,2,"Complete stx","PPanGGOLiN",100,2,"stx1a; stx2c"
"SRR4301513","stx_A",2,2,"Complete stx","Panaroo",0,2,"stx1a; stx2c"
"SRR4301513","stx_B",2,2,"Complete stx","Panaroo",0,2,"stx1a; stx2c"
"SRR4301513","stx_A",2,2,"Complete stx","Panaroo",10,2,"stx1a; stx2c"
"SRR4301513","stx_B",2,2,"Complete stx","Panaroo",10,2,"stx1a; stx2c"
"SRR4301513","stx_A",2,2,"Complete stx","Panaroo",50,2,"stx1a; stx2c"
"SRR4301513","stx_B",2,2,"Complete stx","Panaroo",50,2,"stx1a; stx2c"
"SRR4301513","stx_A",2,2,"Complete stx","Panaroo",90,2,"stx1a; stx2c"
"SRR4301513","stx_B",2,2,"Complete stx","Panaroo",90,2,"stx1a; stx2c"
"SRR4301513","stx_A",2,2,"Complete stx","Panaroo",100,2,"stx1a; stx2c"
"SRR4301513","stx_B",2,2,"Complete stx","Panaroo",100,2,"stx1a; stx2c"
"SRR4301513","stx_A",2,2,"Complete stx","Roary",0,1,"stx1a; stx2c"
"SRR4301513","stx_B",2,2,"Complete stx","Roary",0,1,"stx1a; stx2c"
"SRR4301513","stx_A",2,2,"Complete stx","Roary",10,1,"stx1a; stx2c"
"SRR4301513","stx_B",2,2,"Complete stx","Roary",10,1,"stx1a; stx2c"
"SRR4301513","stx_A",2,2,"Complete stx","Roary",50,1,"stx1a; stx2c"
"SRR4301513","stx_B",2,2,"Complete stx","Roary",50,1,"stx1a; stx2c"
"SRR4301513","stx_A",2,2,"Complete stx","Roary",90,1,"stx1a; stx2c"
"SRR4301513","stx_B",2,2,"Complete stx","Roary",90,1,"stx1a; stx2c"
"SRR4301513","stx_A",2,2,"Complete stx","Roary",100,1,"stx1a; stx2c"
"SRR4301513","stx_B",2,2,"Complete stx","Roary",100,1,"stx1a; stx2c"
"SRR4301513","stx_A",2,2,"Complete stx","ggCaller",0,3,"stx1a; stx2c"
"SRR4301513","stx_B",2,2,"Complete stx","ggCaller",0,2,"stx1a; stx2c"
"SRR4301513","stx_A",2,2,"Complete stx","ggCaller",10,3,"stx1a; stx2c"
"SRR4301513","stx_B",2,2,"Complete stx","ggCaller",10,2,"stx1a; stx2c"
"SRR4301513","stx_A",2,2,"Complete stx","ggCaller",50,4,"stx1a; stx2c"
"SRR4301513","stx_B",2,2,"Complete stx","ggCaller",50,2,"stx1a; stx2c"
"SRR4301513","stx_A",2,2,"Complete stx","ggCaller",90,4,"stx1a; stx2c"
"SRR4301513","stx_B",2,2,"Complete stx","ggCaller",90,2,"stx1a; stx2c"
"SRR4301513","stx_A",2,2,"Complete stx","ggCaller",100,4,"stx1a; stx2c"
"SRR4301513","stx_B",2,2,"Complete stx","ggCaller",100,2,"stx1a; stx2c"
"SRR4301514","stx_A",2,2,"Complete stx","BAKTA",0,2,"stx1a; stx2a"
"SRR4301514","stx_B",2,2,"Complete stx","BAKTA",0,2,"stx1a; stx2a"
"SRR4301514","stx_A",2,2,"Complete stx","BAKTA",100,2,"stx1a; stx2a"
"SRR4301514","stx_B",2,2,"Complete stx","BAKTA",100,2,"stx1a; stx2a"
"SRR4301514","stx_A",2,2,"Complete stx","PPanGGOLiN",0,2,"stx1a; stx2a"
"SRR4301514","stx_B",2,2,"Complete stx","PPanGGOLiN",0,2,"stx1a; stx2a"
"SRR4301514","stx_A",2,2,"Complete stx","PPanGGOLiN",10,2,"stx1a; stx2a"
"SRR4301514","stx_B",2,2,"Complete stx","PPanGGOLiN",10,2,"stx1a; stx2a"
"SRR4301514","stx_A",2,2,"Complete stx","PPanGGOLiN",50,2,"stx1a; stx2a"
"SRR4301514","stx_B",2,2,"Complete stx","PPanGGOLiN",50,2,"stx1a; stx2a"
"SRR4301514","stx_A",2,2,"Complete stx","PPanGGOLiN",90,2,"stx1a; stx2a"
"SRR4301514","stx_B",2,2,"Complete stx","PPanGGOLiN",90,2,"stx1a; stx2a"
"SRR4301514","stx_A",2,2,"Complete stx","PPanGGOLiN",100,2,"stx1a; stx2a"
"SRR4301514","stx_B",2,2,"Complete stx","PPanGGOLiN",100,2,"stx1a; stx2a"
"SRR4301514","stx_A",2,2,"Complete stx","Panaroo",0,2,"stx1a; stx2a"
"SRR4301514","stx_B",2,2,"Complete stx","Panaroo",0,2,"stx1a; stx2a"
"SRR4301514","stx_A",2,2,"Complete stx","Panaroo",10,2,"stx1a; stx2a"
"SRR4301514","stx_B",2,2,"Complete stx","Panaroo",10,2,"stx1a; stx2a"
"SRR4301514","stx_A",2,2,"Complete stx","Panaroo",50,2,"stx1a; stx2a"
"SRR4301514","stx_B",2,2,"Complete stx","Panaroo",50,2,"stx1a; stx2a"
"SRR4301514","stx_A",2,2,"Complete stx","Panaroo",90,2,"stx1a; stx2a"
"SRR4301514","stx_B",2,2,"Complete stx","Panaroo",90,2,"stx1a; stx2a"
"SRR4301514","stx_A",2,2,"Complete stx","Panaroo",100,2,"stx1a; stx2a"
"SRR4301514","stx_B",2,2,"Complete stx","Panaroo",100,2,"stx1a; stx2a"
"SRR4301514","stx_A",2,2,"Complete stx","Roary",0,1,"stx1a; stx2a"
"SRR4301514","stx_B",2,2,"Complete stx","Roary",0,1,"stx1a; stx2a"
"SRR4301514","stx_A",2,2,"Complete stx","Roary",10,1,"stx1a; stx2a"
"SRR4301514","stx_B",2,2,"Complete stx","Roary",10,1,"stx1a; stx2a"
"SRR4301514","stx_A",2,2,"Complete stx","Roary",50,1,"stx1a; stx2a"
"SRR4301514","stx_B",2,2,"Complete stx","Roary",50,1,"stx1a; stx2a"
"SRR4301514","stx_A",2,2,"Complete stx","Roary",90,1,"stx1a; stx2a"
"SRR4301514","stx_B",2,2,"Complete stx","Roary",90,1,"stx1a; stx2a"
"SRR4301514","stx_A",2,2,"Complete stx","Roary",100,1,"stx1a; stx2a"
"SRR4301514","stx_B",2,2,"Complete stx","Roary",100,1,"stx1a; stx2a"
"SRR4301514","stx_A",2,2,"Complete stx","ggCaller",0,2,"stx1a; stx2a"
"SRR4301514","stx_B",2,2,"Complete stx","ggCaller",0,2,"stx1a; stx2a"
"SRR4301514","stx_A",2,2,"Complete stx","ggCaller",10,2,"stx1a; stx2a"
"SRR4301514","stx_B",2,2,"Complete stx","ggCaller",10,2,"stx1a; stx2a"
"SRR4301514","stx_A",2,2,"Complete stx","ggCaller",50,4,"stx1a; stx2a"
"SRR4301514","stx_B",2,2,"Complete stx","ggCaller",50,2,"stx1a; stx2a"
"SRR4301514","stx_A",2,2,"Complete stx","ggCaller",90,4,"stx1a; stx2a"
"SRR4301514","stx_B",2,2,"Complete stx","ggCaller",90,3,"stx1a; stx2a"
"SRR4301514","stx_A",2,2,"Complete stx","ggCaller",100,4,"stx1a; stx2a"
"SRR4301514","stx_B",2,2,"Complete stx","ggCaller",100,3,"stx1a; stx2a"
"SRR4301519","stx_A",2,2,"Complete stx","BAKTA",0,2,"stx1a; stx2c"
"SRR4301519","stx_B",2,2,"Complete stx","BAKTA",0,2,"stx1a; stx2c"
"SRR4301519","stx_A",2,2,"Complete stx","BAKTA",100,2,"stx1a; stx2c"
"SRR4301519","stx_B",2,2,"Complete stx","BAKTA",100,2,"stx1a; stx2c"
"SRR4301519","stx_A",2,2,"Complete stx","PPanGGOLiN",0,2,"stx1a; stx2c"
"SRR4301519","stx_B",2,2,"Complete stx","PPanGGOLiN",0,2,"stx1a; stx2c"
"SRR4301519","stx_A",2,2,"Complete stx","PPanGGOLiN",10,2,"stx1a; stx2c"
"SRR4301519","stx_B",2,2,"Complete stx","PPanGGOLiN",10,2,"stx1a; stx2c"
"SRR4301519","stx_A",2,2,"Complete stx","PPanGGOLiN",50,2,"stx1a; stx2c"
"SRR4301519","stx_B",2,2,"Complete stx","PPanGGOLiN",50,2,"stx1a; stx2c"
"SRR4301519","stx_A",2,2,"Complete stx","PPanGGOLiN",90,2,"stx1a; stx2c"
"SRR4301519","stx_B",2,2,"Complete stx","PPanGGOLiN",90,2,"stx1a; stx2c"
"SRR4301519","stx_A",2,2,"Complete stx","PPanGGOLiN",100,2,"stx1a; stx2c"
"SRR4301519","stx_B",2,2,"Complete stx","PPanGGOLiN",100,2,"stx1a; stx2c"
"SRR4301519","stx_A",2,2,"Complete stx","Panaroo",0,2,"stx1a; stx2c"
"SRR4301519","stx_B",2,2,"Complete stx","Panaroo",0,2,"stx1a; stx2c"
"SRR4301519","stx_A",2,2,"Complete stx","Panaroo",10,2,"stx1a; stx2c"
"SRR4301519","stx_B",2,2,"Complete stx","Panaroo",10,2,"stx1a; stx2c"
"SRR4301519","stx_A",2,2,"Complete stx","Panaroo",50,2,"stx1a; stx2c"
"SRR4301519","stx_B",2,2,"Complete stx","Panaroo",50,2,"stx1a; stx2c"
"SRR4301519","stx_A",2,2,"Complete stx","Panaroo",90,2,"stx1a; stx2c"
"SRR4301519","stx_B",2,2,"Complete stx","Panaroo",90,2,"stx1a; stx2c"
"SRR4301519","stx_A",2,2,"Complete stx","Panaroo",100,2,"stx1a; stx2c"
"SRR4301519","stx_B",2,2,"Complete stx","Panaroo",100,2,"stx1a; stx2c"
"SRR4301519","stx_A",2,2,"Complete stx","Roary",0,1,"stx1a; stx2c"
"SRR4301519","stx_B",2,2,"Complete stx","Roary",0,1,"stx1a; stx2c"
"SRR4301519","stx_A",2,2,"Complete stx","Roary",10,1,"stx1a; stx2c"
"SRR4301519","stx_B",2,2,"Complete stx","Roary",10,1,"stx1a; stx2c"
"SRR4301519","stx_A",2,2,"Complete stx","Roary",50,1,"stx1a; stx2c"
"SRR4301519","stx_B",2,2,"Complete stx","Roary",50,1,"stx1a; stx2c"
"SRR4301519","stx_A",2,2,"Complete stx","Roary",90,1,"stx1a; stx2c"
"SRR4301519","stx_B",2,2,"Complete stx","Roary",90,1,"stx1a; stx2c"
"SRR4301519","stx_A",2,2,"Complete stx","Roary",100,1,"stx1a; stx2c"
"SRR4301519","stx_B",2,2,"Complete stx","Roary",100,1,"stx1a; stx2c"
"SRR4301519","stx_A",2,2,"Complete stx","ggCaller",0,3,"stx1a; stx2c"
"SRR4301519","stx_B",2,2,"Complete stx","ggCaller",0,2,"stx1a; stx2c"
"SRR4301519","stx_A",2,2,"Complete stx","ggCaller",10,3,"stx1a; stx2c"
"SRR4301519","stx_B",2,2,"Complete stx","ggCaller",10,2,"stx1a; stx2c"
"SRR4301519","stx_A",2,2,"Complete stx","ggCaller",50,4,"stx1a; stx2c"
"SRR4301519","stx_B",2,2,"Complete stx","ggCaller",50,2,"stx1a; stx2c"
"SRR4301519","stx_A",2,2,"Complete stx","ggCaller",90,4,"stx1a; stx2c"
"SRR4301519","stx_B",2,2,"Complete stx","ggCaller",90,2,"stx1a; stx2c"
"SRR4301519","stx_A",2,2,"Complete stx","ggCaller",100,4,"stx1a; stx2c"
"SRR4301519","stx_B",2,2,"Complete stx","ggCaller",100,2,"stx1a; stx2c"
"SRR4301521","stx_A",2,1,"Collapsed stx","BAKTA",0,1,"stx2c; stx2c"
"SRR4301521","stx_B",2,1,"Collapsed stx","BAKTA",0,1,"stx2c; stx2c"
"SRR4301521","stx_A",2,1,"Collapsed stx","BAKTA",100,2,"stx2c; stx2c"
"SRR4301521","stx_B",2,1,"Collapsed stx","BAKTA",100,2,"stx2c; stx2c"
"SRR4301521","stx_A",2,1,"Collapsed stx","PPanGGOLiN",0,1,"stx2c; stx2c"
"SRR4301521","stx_B",2,1,"Collapsed stx","PPanGGOLiN",0,1,"stx2c; stx2c"
"SRR4301521","stx_A",2,1,"Collapsed stx","PPanGGOLiN",10,1,"stx2c; stx2c"
"SRR4301521","stx_B",2,1,"Collapsed stx","PPanGGOLiN",10,1,"stx2c; stx2c"
"SRR4301521","stx_A",2,1,"Collapsed stx","PPanGGOLiN",50,1,"stx2c; stx2c"
"SRR4301521","stx_B",2,1,"Collapsed stx","PPanGGOLiN",50,1,"stx2c; stx2c"
"SRR4301521","stx_A",2,1,"Collapsed stx","PPanGGOLiN",90,1,"stx2c; stx2c"
"SRR4301521","stx_B",2,1,"Collapsed stx","PPanGGOLiN",90,1,"stx2c; stx2c"
"SRR4301521","stx_A",2,1,"Collapsed stx","PPanGGOLiN",100,1,"stx2c; stx2c"
"SRR4301521","stx_B",2,1,"Collapsed stx","PPanGGOLiN",100,1,"stx2c; stx2c"
"SRR4301521","stx_A",2,1,"Collapsed stx","Panaroo",0,1,"stx2c; stx2c"
"SRR4301521","stx_B",2,1,"Collapsed stx","Panaroo",0,1,"stx2c; stx2c"
"SRR4301521","stx_A",2,1,"Collapsed stx","Panaroo",10,1,"stx2c; stx2c"
"SRR4301521","stx_B",2,1,"Collapsed stx","Panaroo",10,1,"stx2c; stx2c"
"SRR4301521","stx_A",2,1,"Collapsed stx","Panaroo",50,1,"stx2c; stx2c"
"SRR4301521","stx_B",2,1,"Collapsed stx","Panaroo",50,1,"stx2c; stx2c"
"SRR4301521","stx_A",2,1,"Collapsed stx","Panaroo",90,1,"stx2c; stx2c"
"SRR4301521","stx_B",2,1,"Collapsed stx","Panaroo",90,1,"stx2c; stx2c"
"SRR4301521","stx_A",2,1,"Collapsed stx","Panaroo",100,1,"stx2c; stx2c"
"SRR4301521","stx_B",2,1,"Collapsed stx","Panaroo",100,1,"stx2c; stx2c"
"SRR4301521","stx_A",2,1,"Collapsed stx","Roary",0,1,"stx2c; stx2c"
"SRR4301521","stx_B",2,1,"Collapsed stx","Roary",0,1,"stx2c; stx2c"
"SRR4301521","stx_A",2,1,"Collapsed stx","Roary",10,1,"stx2c; stx2c"
"SRR4301521","stx_B",2,1,"Collapsed stx","Roary",10,1,"stx2c; stx2c"
"SRR4301521","stx_A",2,1,"Collapsed stx","Roary",50,2,"stx2c; stx2c"
"SRR4301521","stx_B",2,1,"Collapsed stx","Roary",50,2,"stx2c; stx2c"
"SRR4301521","stx_A",2,1,"Collapsed stx","Roary",90,2,"stx2c; stx2c"
"SRR4301521","stx_B",2,1,"Collapsed stx","Roary",90,2,"stx2c; stx2c"
"SRR4301521","stx_A",2,1,"Collapsed stx","Roary",100,2,"stx2c; stx2c"
"SRR4301521","stx_B",2,1,"Collapsed stx","Roary",100,2,"stx2c; stx2c"
"SRR4301521","stx_A",2,1,"Collapsed stx","ggCaller",0,2,"stx2c; stx2c"
"SRR4301521","stx_B",2,1,"Collapsed stx","ggCaller",0,1,"stx2c; stx2c"
"SRR4301521","stx_A",2,1,"Collapsed stx","ggCaller",10,2,"stx2c; stx2c"
"SRR4301521","stx_B",2,1,"Collapsed stx","ggCaller",10,1,"stx2c; stx2c"
"SRR4301521","stx_A",2,1,"Collapsed stx","ggCaller",50,3,"stx2c; stx2c"
"SRR4301521","stx_B",2,1,"Collapsed stx","ggCaller",50,1,"stx2c; stx2c"
"SRR4301521","stx_A",2,1,"Collapsed stx","ggCaller",90,3,"stx2c; stx2c"
"SRR4301521","stx_B",2,1,"Collapsed stx","ggCaller",90,1,"stx2c; stx2c"
"SRR4301521","stx_A",2,1,"Collapsed stx","ggCaller",100,3,"stx2c; stx2c"
"SRR4301521","stx_B",2,1,"Collapsed stx","ggCaller",100,1,"stx2c; stx2c"
"SRR4301522","stx_A",1,1,"Complete stx","BAKTA",0,1,"stx2c"
"SRR4301522","stx_B",1,1,"Complete stx","BAKTA",0,1,"stx2c"
"SRR4301522","stx_A",1,1,"Complete stx","BAKTA",100,1,"stx2c"
"SRR4301522","stx_B",1,1,"Complete stx","BAKTA",100,1,"stx2c"
"SRR4301522","stx_A",1,1,"Complete stx","PPanGGOLiN",0,1,"stx2c"
"SRR4301522","stx_B",1,1,"Complete stx","PPanGGOLiN",0,1,"stx2c"
"SRR4301522","stx_A",1,1,"Complete stx","PPanGGOLiN",10,1,"stx2c"
"SRR4301522","stx_B",1,1,"Complete stx","PPanGGOLiN",10,1,"stx2c"
"SRR4301522","stx_A",1,1,"Complete stx","PPanGGOLiN",50,1,"stx2c"
"SRR4301522","stx_B",1,1,"Complete stx","PPanGGOLiN",50,1,"stx2c"
"SRR4301522","stx_A",1,1,"Complete stx","PPanGGOLiN",90,1,"stx2c"
"SRR4301522","stx_B",1,1,"Complete stx","PPanGGOLiN",90,1,"stx2c"
"SRR4301522","stx_A",1,1,"Complete stx","PPanGGOLiN",100,1,"stx2c"
"SRR4301522","stx_B",1,1,"Complete stx","PPanGGOLiN",100,1,"stx2c"
"SRR4301522","stx_A",1,1,"Complete stx","Panaroo",0,1,"stx2c"
"SRR4301522","stx_B",1,1,"Complete stx","Panaroo",0,1,"stx2c"
"SRR4301522","stx_A",1,1,"Complete stx","Panaroo",10,1,"stx2c"
"SRR4301522","stx_B",1,1,"Complete stx","Panaroo",10,1,"stx2c"
"SRR4301522","stx_A",1,1,"Complete stx","Panaroo",50,1,"stx2c"
"SRR4301522","stx_B",1,1,"Complete stx","Panaroo",50,1,"stx2c"
"SRR4301522","stx_A",1,1,"Complete stx","Panaroo",90,1,"stx2c"
"SRR4301522","stx_B",1,1,"Complete stx","Panaroo",90,1,"stx2c"
"SRR4301522","stx_A",1,1,"Complete stx","Panaroo",100,1,"stx2c"
"SRR4301522","stx_B",1,1,"Complete stx","Panaroo",100,1,"stx2c"
"SRR4301522","stx_A",1,1,"Complete stx","Roary",0,1,"stx2c"
"SRR4301522","stx_B",1,1,"Complete stx","Roary",0,1,"stx2c"
"SRR4301522","stx_A",1,1,"Complete stx","Roary",10,1,"stx2c"
"SRR4301522","stx_B",1,1,"Complete stx","Roary",10,1,"stx2c"
"SRR4301522","stx_A",1,1,"Complete stx","Roary",50,1,"stx2c"
"SRR4301522","stx_B",1,1,"Complete stx","Roary",50,1,"stx2c"
"SRR4301522","stx_A",1,1,"Complete stx","Roary",90,1,"stx2c"
"SRR4301522","stx_B",1,1,"Complete stx","Roary",90,1,"stx2c"
"SRR4301522","stx_A",1,1,"Complete stx","Roary",100,1,"stx2c"
"SRR4301522","stx_B",1,1,"Complete stx","Roary",100,1,"stx2c"
"SRR4301522","stx_A",1,1,"Complete stx","ggCaller",0,2,"stx2c"
"SRR4301522","stx_B",1,1,"Complete stx","ggCaller",0,1,"stx2c"
"SRR4301522","stx_A",1,1,"Complete stx","ggCaller",10,2,"stx2c"
"SRR4301522","stx_B",1,1,"Complete stx","ggCaller",10,1,"stx2c"
"SRR4301522","stx_A",1,1,"Complete stx","ggCaller",50,3,"stx2c"
"SRR4301522","stx_B",1,1,"Complete stx","ggCaller",50,1,"stx2c"
"SRR4301522","stx_A",1,1,"Complete stx","ggCaller",90,3,"stx2c"
"SRR4301522","stx_B",1,1,"Complete stx","ggCaller",90,1,"stx2c"
"SRR4301522","stx_A",1,1,"Complete stx","ggCaller",100,3,"stx2c"
"SRR4301522","stx_B",1,1,"Complete stx","ggCaller",100,1,"stx2c"
"SRR4301525","stx_A",1,1,"Complete stx","BAKTA",0,1,"stx2c"
"SRR4301525","stx_B",1,1,"Complete stx","BAKTA",0,1,"stx2c"
"SRR4301525","stx_A",1,1,"Complete stx","BAKTA",100,1,"stx2c"
"SRR4301525","stx_B",1,1,"Complete stx","BAKTA",100,1,"stx2c"
"SRR4301525","stx_A",1,1,"Complete stx","PPanGGOLiN",0,1,"stx2c"
"SRR4301525","stx_B",1,1,"Complete stx","PPanGGOLiN",0,1,"stx2c"
"SRR4301525","stx_A",1,1,"Complete stx","PPanGGOLiN",10,1,"stx2c"
"SRR4301525","stx_B",1,1,"Complete stx","PPanGGOLiN",10,1,"stx2c"
"SRR4301525","stx_A",1,1,"Complete stx","PPanGGOLiN",50,1,"stx2c"
"SRR4301525","stx_B",1,1,"Complete stx","PPanGGOLiN",50,1,"stx2c"
"SRR4301525","stx_A",1,1,"Complete stx","PPanGGOLiN",90,1,"stx2c"
"SRR4301525","stx_B",1,1,"Complete stx","PPanGGOLiN",90,1,"stx2c"
"SRR4301525","stx_A",1,1,"Complete stx","PPanGGOLiN",100,1,"stx2c"
"SRR4301525","stx_B",1,1,"Complete stx","PPanGGOLiN",100,1,"stx2c"
"SRR4301525","stx_A",1,1,"Complete stx","Panaroo",0,1,"stx2c"
"SRR4301525","stx_B",1,1,"Complete stx","Panaroo",0,1,"stx2c"
"SRR4301525","stx_A",1,1,"Complete stx","Panaroo",10,1,"stx2c"
"SRR4301525","stx_B",1,1,"Complete stx","Panaroo",10,1,"stx2c"
"SRR4301525","stx_A",1,1,"Complete stx","Panaroo",50,1,"stx2c"
"SRR4301525","stx_B",1,1,"Complete stx","Panaroo",50,1,"stx2c"
"SRR4301525","stx_A",1,1,"Complete stx","Panaroo",90,1,"stx2c"
"SRR4301525","stx_B",1,1,"Complete stx","Panaroo",90,1,"stx2c"
"SRR4301525","stx_A",1,1,"Complete stx","Panaroo",100,1,"stx2c"
"SRR4301525","stx_B",1,1,"Complete stx","Panaroo",100,1,"stx2c"
"SRR4301525","stx_A",1,1,"Complete stx","Roary",0,1,"stx2c"
"SRR4301525","stx_B",1,1,"Complete stx","Roary",0,1,"stx2c"
"SRR4301525","stx_A",1,1,"Complete stx","Roary",10,1,"stx2c"
"SRR4301525","stx_B",1,1,"Complete stx","Roary",10,1,"stx2c"
"SRR4301525","stx_A",1,1,"Complete stx","Roary",50,1,"stx2c"
"SRR4301525","stx_B",1,1,"Complete stx","Roary",50,1,"stx2c"
"SRR4301525","stx_A",1,1,"Complete stx","Roary",90,1,"stx2c"
"SRR4301525","stx_B",1,1,"Complete stx","Roary",90,1,"stx2c"
"SRR4301525","stx_A",1,1,"Complete stx","Roary",100,1,"stx2c"
"SRR4301525","stx_B",1,1,"Complete stx","Roary",100,1,"stx2c"
"SRR4301525","stx_A",1,1,"Complete stx","ggCaller",0,2,"stx2c"
"SRR4301525","stx_B",1,1,"Complete stx","ggCaller",0,1,"stx2c"
"SRR4301525","stx_A",1,1,"Complete stx","ggCaller",10,2,"stx2c"
"SRR4301525","stx_B",1,1,"Complete stx","ggCaller",10,1,"stx2c"
"SRR4301525","stx_A",1,1,"Complete stx","ggCaller",50,3,"stx2c"
"SRR4301525","stx_B",1,1,"Complete stx","ggCaller",50,1,"stx2c"
"SRR4301525","stx_A",1,1,"Complete stx","ggCaller",90,3,"stx2c"
"SRR4301525","stx_B",1,1,"Complete stx","ggCaller",90,1,"stx2c"
"SRR4301525","stx_A",1,1,"Complete stx","ggCaller",100,3,"stx2c"
"SRR4301525","stx_B",1,1,"Complete stx","ggCaller",100,1,"stx2c"
"SRR4301527","stx_A",2,2,"Complete stx","BAKTA",0,2,"stx1a; stx2c"
"SRR4301527","stx_B",2,2,"Complete stx","BAKTA",0,2,"stx1a; stx2c"
"SRR4301527","stx_A",2,2,"Complete stx","BAKTA",100,2,"stx1a; stx2c"
"SRR4301527","stx_B",2,2,"Complete stx","BAKTA",100,2,"stx1a; stx2c"
"SRR4301527","stx_A",2,2,"Complete stx","PPanGGOLiN",0,2,"stx1a; stx2c"
"SRR4301527","stx_B",2,2,"Complete stx","PPanGGOLiN",0,2,"stx1a; stx2c"
"SRR4301527","stx_A",2,2,"Complete stx","PPanGGOLiN",10,2,"stx1a; stx2c"
"SRR4301527","stx_B",2,2,"Complete stx","PPanGGOLiN",10,2,"stx1a; stx2c"
"SRR4301527","stx_A",2,2,"Complete stx","PPanGGOLiN",50,2,"stx1a; stx2c"
"SRR4301527","stx_B",2,2,"Complete stx","PPanGGOLiN",50,2,"stx1a; stx2c"
"SRR4301527","stx_A",2,2,"Complete stx","PPanGGOLiN",90,2,"stx1a; stx2c"
"SRR4301527","stx_B",2,2,"Complete stx","PPanGGOLiN",90,2,"stx1a; stx2c"
"SRR4301527","stx_A",2,2,"Complete stx","PPanGGOLiN",100,2,"stx1a; stx2c"
"SRR4301527","stx_B",2,2,"Complete stx","PPanGGOLiN",100,2,"stx1a; stx2c"
"SRR4301527","stx_A",2,2,"Complete stx","Panaroo",0,2,"stx1a; stx2c"
"SRR4301527","stx_B",2,2,"Complete stx","Panaroo",0,2,"stx1a; stx2c"
"SRR4301527","stx_A",2,2,"Complete stx","Panaroo",10,2,"stx1a; stx2c"
"SRR4301527","stx_B",2,2,"Complete stx","Panaroo",10,2,"stx1a; stx2c"
"SRR4301527","stx_A",2,2,"Complete stx","Panaroo",50,2,"stx1a; stx2c"
"SRR4301527","stx_B",2,2,"Complete stx","Panaroo",50,2,"stx1a; stx2c"
"SRR4301527","stx_A",2,2,"Complete stx","Panaroo",90,2,"stx1a; stx2c"
"SRR4301527","stx_B",2,2,"Complete stx","Panaroo",90,2,"stx1a; stx2c"
"SRR4301527","stx_A",2,2,"Complete stx","Panaroo",100,2,"stx1a; stx2c"
"SRR4301527","stx_B",2,2,"Complete stx","Panaroo",100,2,"stx1a; stx2c"
"SRR4301527","stx_A",2,2,"Complete stx","Roary",0,1,"stx1a; stx2c"
"SRR4301527","stx_B",2,2,"Complete stx","Roary",0,1,"stx1a; stx2c"
"SRR4301527","stx_A",2,2,"Complete stx","Roary",10,1,"stx1a; stx2c"
"SRR4301527","stx_B",2,2,"Complete stx","Roary",10,1,"stx1a; stx2c"
"SRR4301527","stx_A",2,2,"Complete stx","Roary",50,1,"stx1a; stx2c"
"SRR4301527","stx_B",2,2,"Complete stx","Roary",50,1,"stx1a; stx2c"
"SRR4301527","stx_A",2,2,"Complete stx","Roary",90,1,"stx1a; stx2c"
"SRR4301527","stx_B",2,2,"Complete stx","Roary",90,1,"stx1a; stx2c"
"SRR4301527","stx_A",2,2,"Complete stx","Roary",100,1,"stx1a; stx2c"
"SRR4301527","stx_B",2,2,"Complete stx","Roary",100,1,"stx1a; stx2c"
"SRR4301527","stx_A",2,2,"Complete stx","ggCaller",0,3,"stx1a; stx2c"
"SRR4301527","stx_B",2,2,"Complete stx","ggCaller",0,2,"stx1a; stx2c"
"SRR4301527","stx_A",2,2,"Complete stx","ggCaller",10,3,"stx1a; stx2c"
"SRR4301527","stx_B",2,2,"Complete stx","ggCaller",10,2,"stx1a; stx2c"
"SRR4301527","stx_A",2,2,"Complete stx","ggCaller",50,4,"stx1a; stx2c"
"SRR4301527","stx_B",2,2,"Complete stx","ggCaller",50,2,"stx1a; stx2c"
"SRR4301527","stx_A",2,2,"Complete stx","ggCaller",90,4,"stx1a; stx2c"
"SRR4301527","stx_B",2,2,"Complete stx","ggCaller",90,2,"stx1a; stx2c"
"SRR4301527","stx_A",2,2,"Complete stx","ggCaller",100,4,"stx1a; stx2c"
"SRR4301527","stx_B",2,2,"Complete stx","ggCaller",100,2,"stx1a; stx2c"
"SRR4301531","stx_A",2,2,"Complete stx","BAKTA",0,2,"stx1a; stx2a"
"SRR4301531","stx_B",2,2,"Complete stx","BAKTA",0,2,"stx1a; stx2a"
"SRR4301531","stx_A",2,2,"Complete stx","BAKTA",100,2,"stx1a; stx2a"
"SRR4301531","stx_B",2,2,"Complete stx","BAKTA",100,2,"stx1a; stx2a"
"SRR4301531","stx_A",2,2,"Complete stx","PPanGGOLiN",0,2,"stx1a; stx2a"
"SRR4301531","stx_B",2,2,"Complete stx","PPanGGOLiN",0,2,"stx1a; stx2a"
"SRR4301531","stx_A",2,2,"Complete stx","PPanGGOLiN",10,2,"stx1a; stx2a"
"SRR4301531","stx_B",2,2,"Complete stx","PPanGGOLiN",10,2,"stx1a; stx2a"
"SRR4301531","stx_A",2,2,"Complete stx","PPanGGOLiN",50,2,"stx1a; stx2a"
"SRR4301531","stx_B",2,2,"Complete stx","PPanGGOLiN",50,2,"stx1a; stx2a"
"SRR4301531","stx_A",2,2,"Complete stx","PPanGGOLiN",90,2,"stx1a; stx2a"
"SRR4301531","stx_B",2,2,"Complete stx","PPanGGOLiN",90,2,"stx1a; stx2a"
"SRR4301531","stx_A",2,2,"Complete stx","PPanGGOLiN",100,2,"stx1a; stx2a"
"SRR4301531","stx_B",2,2,"Complete stx","PPanGGOLiN",100,2,"stx1a; stx2a"
"SRR4301531","stx_A",2,2,"Complete stx","Panaroo",0,2,"stx1a; stx2a"
"SRR4301531","stx_B",2,2,"Complete stx","Panaroo",0,2,"stx1a; stx2a"
"SRR4301531","stx_A",2,2,"Complete stx","Panaroo",10,2,"stx1a; stx2a"
"SRR4301531","stx_B",2,2,"Complete stx","Panaroo",10,2,"stx1a; stx2a"
"SRR4301531","stx_A",2,2,"Complete stx","Panaroo",50,2,"stx1a; stx2a"
"SRR4301531","stx_B",2,2,"Complete stx","Panaroo",50,2,"stx1a; stx2a"
"SRR4301531","stx_A",2,2,"Complete stx","Panaroo",90,2,"stx1a; stx2a"
"SRR4301531","stx_B",2,2,"Complete stx","Panaroo",90,2,"stx1a; stx2a"
"SRR4301531","stx_A",2,2,"Complete stx","Panaroo",100,2,"stx1a; stx2a"
"SRR4301531","stx_B",2,2,"Complete stx","Panaroo",100,2,"stx1a; stx2a"
"SRR4301531","stx_A",2,2,"Complete stx","Roary",0,1,"stx1a; stx2a"
"SRR4301531","stx_B",2,2,"Complete stx","Roary",0,1,"stx1a; stx2a"
"SRR4301531","stx_A",2,2,"Complete stx","Roary",10,1,"stx1a; stx2a"
"SRR4301531","stx_B",2,2,"Complete stx","Roary",10,1,"stx1a; stx2a"
"SRR4301531","stx_A",2,2,"Complete stx","Roary",50,1,"stx1a; stx2a"
"SRR4301531","stx_B",2,2,"Complete stx","Roary",50,1,"stx1a; stx2a"
"SRR4301531","stx_A",2,2,"Complete stx","Roary",90,1,"stx1a; stx2a"
"SRR4301531","stx_B",2,2,"Complete stx","Roary",90,1,"stx1a; stx2a"
"SRR4301531","stx_A",2,2,"Complete stx","Roary",100,1,"stx1a; stx2a"
"SRR4301531","stx_B",2,2,"Complete stx","Roary",100,1,"stx1a; stx2a"
"SRR4301531","stx_A",2,2,"Complete stx","ggCaller",0,2,"stx1a; stx2a"
"SRR4301531","stx_B",2,2,"Complete stx","ggCaller",0,2,"stx1a; stx2a"
"SRR4301531","stx_A",2,2,"Complete stx","ggCaller",10,2,"stx1a; stx2a"
"SRR4301531","stx_B",2,2,"Complete stx","ggCaller",10,2,"stx1a; stx2a"
"SRR4301531","stx_A",2,2,"Complete stx","ggCaller",50,4,"stx1a; stx2a"
"SRR4301531","stx_B",2,2,"Complete stx","ggCaller",50,2,"stx1a; stx2a"
"SRR4301531","stx_A",2,2,"Complete stx","ggCaller",90,4,"stx1a; stx2a"
"SRR4301531","stx_B",2,2,"Complete stx","ggCaller",90,2,"stx1a; stx2a"
"SRR4301531","stx_A",2,2,"Complete stx","ggCaller",100,4,"stx1a; stx2a"
"SRR4301531","stx_B",2,2,"Complete stx","ggCaller",100,3,"stx1a; stx2a"
"SRR4301544","stx_A",2,2,"Complete stx","BAKTA",0,2,"stx1a; stx2a"
"SRR4301544","stx_B",2,2,"Complete stx","BAKTA",0,2,"stx1a; stx2a"
"SRR4301544","stx_A",2,2,"Complete stx","BAKTA",100,2,"stx1a; stx2a"
"SRR4301544","stx_B",2,2,"Complete stx","BAKTA",100,2,"stx1a; stx2a"
"SRR4301544","stx_A",2,2,"Complete stx","PPanGGOLiN",0,2,"stx1a; stx2a"
"SRR4301544","stx_B",2,2,"Complete stx","PPanGGOLiN",0,2,"stx1a; stx2a"
"SRR4301544","stx_A",2,2,"Complete stx","PPanGGOLiN",10,2,"stx1a; stx2a"
"SRR4301544","stx_B",2,2,"Complete stx","PPanGGOLiN",10,2,"stx1a; stx2a"
"SRR4301544","stx_A",2,2,"Complete stx","PPanGGOLiN",50,2,"stx1a; stx2a"
"SRR4301544","stx_B",2,2,"Complete stx","PPanGGOLiN",50,2,"stx1a; stx2a"
"SRR4301544","stx_A",2,2,"Complete stx","PPanGGOLiN",90,2,"stx1a; stx2a"
"SRR4301544","stx_B",2,2,"Complete stx","PPanGGOLiN",90,2,"stx1a; stx2a"
"SRR4301544","stx_A",2,2,"Complete stx","PPanGGOLiN",100,2,"stx1a; stx2a"
"SRR4301544","stx_B",2,2,"Complete stx","PPanGGOLiN",100,2,"stx1a; stx2a"
"SRR4301544","stx_A",2,2,"Complete stx","Panaroo",0,2,"stx1a; stx2a"
"SRR4301544","stx_B",2,2,"Complete stx","Panaroo",0,2,"stx1a; stx2a"
"SRR4301544","stx_A",2,2,"Complete stx","Panaroo",10,2,"stx1a; stx2a"
"SRR4301544","stx_B",2,2,"Complete stx","Panaroo",10,2,"stx1a; stx2a"
"SRR4301544","stx_A",2,2,"Complete stx","Panaroo",50,2,"stx1a; stx2a"
"SRR4301544","stx_B",2,2,"Complete stx","Panaroo",50,2,"stx1a; stx2a"
"SRR4301544","stx_A",2,2,"Complete stx","Panaroo",90,2,"stx1a; stx2a"
"SRR4301544","stx_B",2,2,"Complete stx","Panaroo",90,2,"stx1a; stx2a"
"SRR4301544","stx_A",2,2,"Complete stx","Panaroo",100,2,"stx1a; stx2a"
"SRR4301544","stx_B",2,2,"Complete stx","Panaroo",100,2,"stx1a; stx2a"
"SRR4301544","stx_A",2,2,"Complete stx","Roary",0,1,"stx1a; stx2a"
"SRR4301544","stx_B",2,2,"Complete stx","Roary",0,1,"stx1a; stx2a"
"SRR4301544","stx_A",2,2,"Complete stx","Roary",10,1,"stx1a; stx2a"
"SRR4301544","stx_B",2,2,"Complete stx","Roary",10,1,"stx1a; stx2a"
"SRR4301544","stx_A",2,2,"Complete stx","Roary",50,1,"stx1a; stx2a"
"SRR4301544","stx_B",2,2,"Complete stx","Roary",50,1,"stx1a; stx2a"
"SRR4301544","stx_A",2,2,"Complete stx","Roary",90,1,"stx1a; stx2a"
"SRR4301544","stx_B",2,2,"Complete stx","Roary",90,1,"stx1a; stx2a"
"SRR4301544","stx_A",2,2,"Complete stx","Roary",100,1,"stx1a; stx2a"
"SRR4301544","stx_B",2,2,"Complete stx","Roary",100,1,"stx1a; stx2a"
"SRR4301544","stx_A",2,2,"Complete stx","ggCaller",0,2,"stx1a; stx2a"
"SRR4301544","stx_B",2,2,"Complete stx","ggCaller",0,2,"stx1a; stx2a"
"SRR4301544","stx_A",2,2,"Complete stx","ggCaller",10,2,"stx1a; stx2a"
"SRR4301544","stx_B",2,2,"Complete stx","ggCaller",10,2,"stx1a; stx2a"
"SRR4301544","stx_A",2,2,"Complete stx","ggCaller",50,4,"stx1a; stx2a"
"SRR4301544","stx_B",2,2,"Complete stx","ggCaller",50,3,"stx1a; stx2a"
"SRR4301544","stx_A",2,2,"Complete stx","ggCaller",90,4,"stx1a; stx2a"
"SRR4301544","stx_B",2,2,"Complete stx","ggCaller",90,3,"stx1a; stx2a"
"SRR4301544","stx_A",2,2,"Complete stx","ggCaller",100,4,"stx1a; stx2a"
"SRR4301544","stx_B",2,2,"Complete stx","ggCaller",100,3,"stx1a; stx2a"
"SRR4301548","stx_A",1,1,"Complete stx","BAKTA",0,1,"stx2a"
"SRR4301548","stx_B",1,1,"Complete stx","BAKTA",0,1,"stx2a"
"SRR4301548","stx_A",1,1,"Complete stx","BAKTA",100,1,"stx2a"
"SRR4301548","stx_B",1,1,"Complete stx","BAKTA",100,1,"stx2a"
"SRR4301548","stx_A",1,1,"Complete stx","PPanGGOLiN",0,1,"stx2a"
"SRR4301548","stx_B",1,1,"Complete stx","PPanGGOLiN",0,1,"stx2a"
"SRR4301548","stx_A",1,1,"Complete stx","PPanGGOLiN",10,1,"stx2a"
"SRR4301548","stx_B",1,1,"Complete stx","PPanGGOLiN",10,1,"stx2a"
"SRR4301548","stx_A",1,1,"Complete stx","PPanGGOLiN",50,1,"stx2a"
"SRR4301548","stx_B",1,1,"Complete stx","PPanGGOLiN",50,1,"stx2a"
"SRR4301548","stx_A",1,1,"Complete stx","PPanGGOLiN",90,1,"stx2a"
"SRR4301548","stx_B",1,1,"Complete stx","PPanGGOLiN",90,1,"stx2a"
"SRR4301548","stx_A",1,1,"Complete stx","PPanGGOLiN",100,1,"stx2a"
"SRR4301548","stx_B",1,1,"Complete stx","PPanGGOLiN",100,1,"stx2a"
"SRR4301548","stx_A",1,1,"Complete stx","Panaroo",0,1,"stx2a"
"SRR4301548","stx_B",1,1,"Complete stx","Panaroo",0,1,"stx2a"
"SRR4301548","stx_A",1,1,"Complete stx","Panaroo",10,1,"stx2a"
"SRR4301548","stx_B",1,1,"Complete stx","Panaroo",10,1,"stx2a"
"SRR4301548","stx_A",1,1,"Complete stx","Panaroo",50,1,"stx2a"
"SRR4301548","stx_B",1,1,"Complete stx","Panaroo",50,1,"stx2a"
"SRR4301548","stx_A",1,1,"Complete stx","Panaroo",90,1,"stx2a"
"SRR4301548","stx_B",1,1,"Complete stx","Panaroo",90,1,"stx2a"
"SRR4301548","stx_A",1,1,"Complete stx","Panaroo",100,1,"stx2a"
"SRR4301548","stx_B",1,1,"Complete stx","Panaroo",100,1,"stx2a"
"SRR4301548","stx_A",1,1,"Complete stx","Roary",0,1,"stx2a"
"SRR4301548","stx_B",1,1,"Complete stx","Roary",0,1,"stx2a"
"SRR4301548","stx_A",1,1,"Complete stx","Roary",10,1,"stx2a"
"SRR4301548","stx_B",1,1,"Complete stx","Roary",10,1,"stx2a"
"SRR4301548","stx_A",1,1,"Complete stx","Roary",50,1,"stx2a"
"SRR4301548","stx_B",1,1,"Complete stx","Roary",50,1,"stx2a"
"SRR4301548","stx_A",1,1,"Complete stx","Roary",90,1,"stx2a"
"SRR4301548","stx_B",1,1,"Complete stx","Roary",90,1,"stx2a"
"SRR4301548","stx_A",1,1,"Complete stx","Roary",100,1,"stx2a"
"SRR4301548","stx_B",1,1,"Complete stx","Roary",100,1,"stx2a"
"SRR4301548","stx_A",1,1,"Complete stx","ggCaller",0,1,"stx2a"
"SRR4301548","stx_B",1,1,"Complete stx","ggCaller",0,1,"stx2a"
"SRR4301548","stx_A",1,1,"Complete stx","ggCaller",10,1,"stx2a"
"SRR4301548","stx_B",1,1,"Complete stx","ggCaller",10,1,"stx2a"
"SRR4301548","stx_A",1,1,"Complete stx","ggCaller",50,3,"stx2a"
"SRR4301548","stx_B",1,1,"Complete stx","ggCaller",50,2,"stx2a"
"SRR4301548","stx_A",1,1,"Complete stx","ggCaller",90,3,"stx2a"
"SRR4301548","stx_B",1,1,"Complete stx","ggCaller",90,2,"stx2a"
"SRR4301548","stx_A",1,1,"Complete stx","ggCaller",100,3,"stx2a"
"SRR4301548","stx_B",1,1,"Complete stx","ggCaller",100,2,"stx2a"
"SRR4301554","stx_A",1,1,"Complete stx","BAKTA",0,1,"stx2c"
"SRR4301554","stx_B",1,1,"Complete stx","BAKTA",0,1,"stx2c"
"SRR4301554","stx_A",1,1,"Complete stx","BAKTA",100,1,"stx2c"
"SRR4301554","stx_B",1,1,"Complete stx","BAKTA",100,1,"stx2c"
"SRR4301554","stx_A",1,1,"Complete stx","PPanGGOLiN",0,1,"stx2c"
"SRR4301554","stx_B",1,1,"Complete stx","PPanGGOLiN",0,1,"stx2c"
"SRR4301554","stx_A",1,1,"Complete stx","PPanGGOLiN",10,1,"stx2c"
"SRR4301554","stx_B",1,1,"Complete stx","PPanGGOLiN",10,1,"stx2c"
"SRR4301554","stx_A",1,1,"Complete stx","PPanGGOLiN",50,1,"stx2c"
"SRR4301554","stx_B",1,1,"Complete stx","PPanGGOLiN",50,1,"stx2c"
"SRR4301554","stx_A",1,1,"Complete stx","PPanGGOLiN",90,1,"stx2c"
"SRR4301554","stx_B",1,1,"Complete stx","PPanGGOLiN",90,1,"stx2c"
"SRR4301554","stx_A",1,1,"Complete stx","PPanGGOLiN",100,1,"stx2c"
"SRR4301554","stx_B",1,1,"Complete stx","PPanGGOLiN",100,1,"stx2c"
"SRR4301554","stx_A",1,1,"Complete stx","Panaroo",0,1,"stx2c"
"SRR4301554","stx_B",1,1,"Complete stx","Panaroo",0,1,"stx2c"
"SRR4301554","stx_A",1,1,"Complete stx","Panaroo",10,1,"stx2c"
"SRR4301554","stx_B",1,1,"Complete stx","Panaroo",10,1,"stx2c"
"SRR4301554","stx_A",1,1,"Complete stx","Panaroo",50,1,"stx2c"
"SRR4301554","stx_B",1,1,"Complete stx","Panaroo",50,1,"stx2c"
"SRR4301554","stx_A",1,1,"Complete stx","Panaroo",90,1,"stx2c"
"SRR4301554","stx_B",1,1,"Complete stx","Panaroo",90,1,"stx2c"
"SRR4301554","stx_A",1,1,"Complete stx","Panaroo",100,1,"stx2c"
"SRR4301554","stx_B",1,1,"Complete stx","Panaroo",100,1,"stx2c"
"SRR4301554","stx_A",1,1,"Complete stx","Roary",0,1,"stx2c"
"SRR4301554","stx_B",1,1,"Complete stx","Roary",0,1,"stx2c"
"SRR4301554","stx_A",1,1,"Complete stx","Roary",10,1,"stx2c"
"SRR4301554","stx_B",1,1,"Complete stx","Roary",10,1,"stx2c"
"SRR4301554","stx_A",1,1,"Complete stx","Roary",50,1,"stx2c"
"SRR4301554","stx_B",1,1,"Complete stx","Roary",50,1,"stx2c"
"SRR4301554","stx_A",1,1,"Complete stx","Roary",90,1,"stx2c"
"SRR4301554","stx_B",1,1,"Complete stx","Roary",90,1,"stx2c"
"SRR4301554","stx_A",1,1,"Complete stx","Roary",100,1,"stx2c"
"SRR4301554","stx_B",1,1,"Complete stx","Roary",100,1,"stx2c"
"SRR4301554","stx_A",1,1,"Complete stx","ggCaller",0,2,"stx2c"
"SRR4301554","stx_B",1,1,"Complete stx","ggCaller",0,1,"stx2c"
"SRR4301554","stx_A",1,1,"Complete stx","ggCaller",10,2,"stx2c"
"SRR4301554","stx_B",1,1,"Complete stx","ggCaller",10,1,"stx2c"
"SRR4301554","stx_A",1,1,"Complete stx","ggCaller",50,3,"stx2c"
"SRR4301554","stx_B",1,1,"Complete stx","ggCaller",50,1,"stx2c"
"SRR4301554","stx_A",1,1,"Complete stx","ggCaller",90,3,"stx2c"
"SRR4301554","stx_B",1,1,"Complete stx","ggCaller",90,1,"stx2c"
"SRR4301554","stx_A",1,1,"Complete stx","ggCaller",100,3,"stx2c"
"SRR4301554","stx_B",1,1,"Complete stx","ggCaller",100,1,"stx2c"
"SRR4301555","stx_A",1,1,"Complete stx","BAKTA",0,1,"stx2a"
"SRR4301555","stx_B",1,1,"Complete stx","BAKTA",0,1,"stx2a"
"SRR4301555","stx_A",1,1,"Complete stx","BAKTA",100,1,"stx2a"
"SRR4301555","stx_B",1,1,"Complete stx","BAKTA",100,1,"stx2a"
"SRR4301555","stx_A",1,1,"Complete stx","PPanGGOLiN",0,1,"stx2a"
"SRR4301555","stx_B",1,1,"Complete stx","PPanGGOLiN",0,1,"stx2a"
"SRR4301555","stx_A",1,1,"Complete stx","PPanGGOLiN",10,1,"stx2a"
"SRR4301555","stx_B",1,1,"Complete stx","PPanGGOLiN",10,1,"stx2a"
"SRR4301555","stx_A",1,1,"Complete stx","PPanGGOLiN",50,1,"stx2a"
"SRR4301555","stx_B",1,1,"Complete stx","PPanGGOLiN",50,1,"stx2a"
"SRR4301555","stx_A",1,1,"Complete stx","PPanGGOLiN",90,1,"stx2a"
"SRR4301555","stx_B",1,1,"Complete stx","PPanGGOLiN",90,1,"stx2a"
"SRR4301555","stx_A",1,1,"Complete stx","PPanGGOLiN",100,1,"stx2a"
"SRR4301555","stx_B",1,1,"Complete stx","PPanGGOLiN",100,1,"stx2a"
"SRR4301555","stx_A",1,1,"Complete stx","Panaroo",0,1,"stx2a"
"SRR4301555","stx_B",1,1,"Complete stx","Panaroo",0,1,"stx2a"
"SRR4301555","stx_A",1,1,"Complete stx","Panaroo",10,1,"stx2a"
"SRR4301555","stx_B",1,1,"Complete stx","Panaroo",10,1,"stx2a"
"SRR4301555","stx_A",1,1,"Complete stx","Panaroo",50,1,"stx2a"
"SRR4301555","stx_B",1,1,"Complete stx","Panaroo",50,1,"stx2a"
"SRR4301555","stx_A",1,1,"Complete stx","Panaroo",90,1,"stx2a"
"SRR4301555","stx_B",1,1,"Complete stx","Panaroo",90,1,"stx2a"
"SRR4301555","stx_A",1,1,"Complete stx","Panaroo",100,1,"stx2a"
"SRR4301555","stx_B",1,1,"Complete stx","Panaroo",100,1,"stx2a"
"SRR4301555","stx_A",1,1,"Complete stx","Roary",0,1,"stx2a"
"SRR4301555","stx_B",1,1,"Complete stx","Roary",0,1,"stx2a"
"SRR4301555","stx_A",1,1,"Complete stx","Roary",10,1,"stx2a"
"SRR4301555","stx_B",1,1,"Complete stx","Roary",10,1,"stx2a"
"SRR4301555","stx_A",1,1,"Complete stx","Roary",50,1,"stx2a"
"SRR4301555","stx_B",1,1,"Complete stx","Roary",50,1,"stx2a"
"SRR4301555","stx_A",1,1,"Complete stx","Roary",90,1,"stx2a"
"SRR4301555","stx_B",1,1,"Complete stx","Roary",90,1,"stx2a"
"SRR4301555","stx_A",1,1,"Complete stx","Roary",100,1,"stx2a"
"SRR4301555","stx_B",1,1,"Complete stx","Roary",100,1,"stx2a"
"SRR4301555","stx_A",1,1,"Complete stx","ggCaller",0,1,"stx2a"
"SRR4301555","stx_B",1,1,"Complete stx","ggCaller",0,1,"stx2a"
"SRR4301555","stx_A",1,1,"Complete stx","ggCaller",10,1,"stx2a"
"SRR4301555","stx_B",1,1,"Complete stx","ggCaller",10,1,"stx2a"
"SRR4301555","stx_A",1,1,"Complete stx","ggCaller",50,3,"stx2a"
"SRR4301555","stx_B",1,1,"Complete stx","ggCaller",50,2,"stx2a"
"SRR4301555","stx_A",1,1,"Complete stx","ggCaller",90,3,"stx2a"
"SRR4301555","stx_B",1,1,"Complete stx","ggCaller",90,1,"stx2a"
"SRR4301555","stx_A",1,1,"Complete stx","ggCaller",100,3,"stx2a"
"SRR4301555","stx_B",1,1,"Complete stx","ggCaller",100,1,"stx2a"
"SRR4301562","stx_A",1,1,"Complete stx","BAKTA",0,1,"stx2c"
"SRR4301562","stx_B",1,2,"Fragmented stx","BAKTA",0,0,"stx2c"
"SRR4301562","stx_A",1,1,"Complete stx","BAKTA",100,1,"stx2c"
"SRR4301562","stx_B",1,2,"Fragmented stx","BAKTA",100,0,"stx2c"
"SRR4301562","stx_A",1,1,"Complete stx","PPanGGOLiN",0,1,"stx2c"
"SRR4301562","stx_B",1,2,"Fragmented stx","PPanGGOLiN",0,0,"stx2c"
"SRR4301562","stx_A",1,1,"Complete stx","PPanGGOLiN",10,1,"stx2c"
"SRR4301562","stx_B",1,2,"Fragmented stx","PPanGGOLiN",10,0,"stx2c"
"SRR4301562","stx_A",1,1,"Complete stx","PPanGGOLiN",50,1,"stx2c"
"SRR4301562","stx_B",1,2,"Fragmented stx","PPanGGOLiN",50,0,"stx2c"
"SRR4301562","stx_A",1,1,"Complete stx","PPanGGOLiN",90,1,"stx2c"
"SRR4301562","stx_B",1,2,"Fragmented stx","PPanGGOLiN",90,0,"stx2c"
"SRR4301562","stx_A",1,1,"Complete stx","PPanGGOLiN",100,1,"stx2c"
"SRR4301562","stx_B",1,2,"Fragmented stx","PPanGGOLiN",100,0,"stx2c"
"SRR4301562","stx_A",1,1,"Complete stx","Panaroo",0,1,"stx2c"
"SRR4301562","stx_B",1,2,"Fragmented stx","Panaroo",0,0,"stx2c"
"SRR4301562","stx_A",1,1,"Complete stx","Panaroo",10,1,"stx2c"
"SRR4301562","stx_B",1,2,"Fragmented stx","Panaroo",10,0,"stx2c"
"SRR4301562","stx_A",1,1,"Complete stx","Panaroo",50,1,"stx2c"
"SRR4301562","stx_B",1,2,"Fragmented stx","Panaroo",50,0,"stx2c"
"SRR4301562","stx_A",1,1,"Complete stx","Panaroo",90,1,"stx2c"
"SRR4301562","stx_B",1,2,"Fragmented stx","Panaroo",90,0,"stx2c"
"SRR4301562","stx_A",1,1,"Complete stx","Panaroo",100,1,"stx2c"
"SRR4301562","stx_B",1,2,"Fragmented stx","Panaroo",100,0,"stx2c"
"SRR4301562","stx_A",1,1,"Complete stx","Roary",0,1,"stx2c"
"SRR4301562","stx_B",1,2,"Fragmented stx","Roary",0,0,"stx2c"
"SRR4301562","stx_A",1,1,"Complete stx","Roary",10,1,"stx2c"
"SRR4301562","stx_B",1,2,"Fragmented stx","Roary",10,0,"stx2c"
"SRR4301562","stx_A",1,1,"Complete stx","Roary",50,1,"stx2c"
"SRR4301562","stx_B",1,2,"Fragmented stx","Roary",50,1,"stx2c"
"SRR4301562","stx_A",1,1,"Complete stx","Roary",90,1,"stx2c"
"SRR4301562","stx_B",1,2,"Fragmented stx","Roary",90,1,"stx2c"
"SRR4301562","stx_A",1,1,"Complete stx","Roary",100,1,"stx2c"
"SRR4301562","stx_B",1,2,"Fragmented stx","Roary",100,1,"stx2c"
"SRR4301562","stx_A",1,1,"Complete stx","ggCaller",0,1,"stx2c"
"SRR4301562","stx_B",1,2,"Fragmented stx","ggCaller",0,1,"stx2c"
"SRR4301562","stx_A",1,1,"Complete stx","ggCaller",10,1,"stx2c"
"SRR4301562","stx_B",1,2,"Fragmented stx","ggCaller",10,1,"stx2c"
"SRR4301562","stx_A",1,1,"Complete stx","ggCaller",50,1,"stx2c"
"SRR4301562","stx_B",1,2,"Fragmented stx","ggCaller",50,0,"stx2c"
"SRR4301562","stx_A",1,1,"Complete stx","ggCaller",90,1,"stx2c"
"SRR4301562","stx_B",1,2,"Fragmented stx","ggCaller",90,0,"stx2c"
"SRR4301562","stx_A",1,1,"Complete stx","ggCaller",100,1,"stx2c"
"SRR4301562","stx_B",1,2,"Fragmented stx","ggCaller",100,0,"stx2c"
"SRR4301564","stx_A",1,1,"Complete stx","BAKTA",0,1,"stx2c"
"SRR4301564","stx_B",1,1,"Complete stx","BAKTA",0,1,"stx2c"
"SRR4301564","stx_A",1,1,"Complete stx","BAKTA",100,1,"stx2c"
"SRR4301564","stx_B",1,1,"Complete stx","BAKTA",100,1,"stx2c"
"SRR4301564","stx_A",1,1,"Complete stx","PPanGGOLiN",0,1,"stx2c"
"SRR4301564","stx_B",1,1,"Complete stx","PPanGGOLiN",0,1,"stx2c"
"SRR4301564","stx_A",1,1,"Complete stx","PPanGGOLiN",10,1,"stx2c"
"SRR4301564","stx_B",1,1,"Complete stx","PPanGGOLiN",10,1,"stx2c"
"SRR4301564","stx_A",1,1,"Complete stx","PPanGGOLiN",50,1,"stx2c"
"SRR4301564","stx_B",1,1,"Complete stx","PPanGGOLiN",50,1,"stx2c"
"SRR4301564","stx_A",1,1,"Complete stx","PPanGGOLiN",90,1,"stx2c"
"SRR4301564","stx_B",1,1,"Complete stx","PPanGGOLiN",90,1,"stx2c"
"SRR4301564","stx_A",1,1,"Complete stx","PPanGGOLiN",100,1,"stx2c"
"SRR4301564","stx_B",1,1,"Complete stx","PPanGGOLiN",100,1,"stx2c"
"SRR4301564","stx_A",1,1,"Complete stx","Panaroo",0,1,"stx2c"
"SRR4301564","stx_B",1,1,"Complete stx","Panaroo",0,1,"stx2c"
"SRR4301564","stx_A",1,1,"Complete stx","Panaroo",10,1,"stx2c"
"SRR4301564","stx_B",1,1,"Complete stx","Panaroo",10,1,"stx2c"
"SRR4301564","stx_A",1,1,"Complete stx","Panaroo",50,1,"stx2c"
"SRR4301564","stx_B",1,1,"Complete stx","Panaroo",50,1,"stx2c"
"SRR4301564","stx_A",1,1,"Complete stx","Panaroo",90,1,"stx2c"
"SRR4301564","stx_B",1,1,"Complete stx","Panaroo",90,1,"stx2c"
"SRR4301564","stx_A",1,1,"Complete stx","Panaroo",100,1,"stx2c"
"SRR4301564","stx_B",1,1,"Complete stx","Panaroo",100,1,"stx2c"
"SRR4301564","stx_A",1,1,"Complete stx","Roary",0,1,"stx2c"
"SRR4301564","stx_B",1,1,"Complete stx","Roary",0,1,"stx2c"
"SRR4301564","stx_A",1,1,"Complete stx","Roary",10,1,"stx2c"
"SRR4301564","stx_B",1,1,"Complete stx","Roary",10,1,"stx2c"
"SRR4301564","stx_A",1,1,"Complete stx","Roary",50,1,"stx2c"
"SRR4301564","stx_B",1,1,"Complete stx","Roary",50,1,"stx2c"
"SRR4301564","stx_A",1,1,"Complete stx","Roary",90,1,"stx2c"
"SRR4301564","stx_B",1,1,"Complete stx","Roary",90,1,"stx2c"
"SRR4301564","stx_A",1,1,"Complete stx","Roary",100,1,"stx2c"
"SRR4301564","stx_B",1,1,"Complete stx","Roary",100,1,"stx2c"
"SRR4301564","stx_A",1,1,"Complete stx","ggCaller",0,2,"stx2c"
"SRR4301564","stx_B",1,1,"Complete stx","ggCaller",0,1,"stx2c"
"SRR4301564","stx_A",1,1,"Complete stx","ggCaller",10,2,"stx2c"
"SRR4301564","stx_B",1,1,"Complete stx","ggCaller",10,1,"stx2c"
"SRR4301564","stx_A",1,1,"Complete stx","ggCaller",50,3,"stx2c"
"SRR4301564","stx_B",1,1,"Complete stx","ggCaller",50,1,"stx2c"
"SRR4301564","stx_A",1,1,"Complete stx","ggCaller",90,3,"stx2c"
"SRR4301564","stx_B",1,1,"Complete stx","ggCaller",90,1,"stx2c"
"SRR4301564","stx_A",1,1,"Complete stx","ggCaller",100,3,"stx2c"
"SRR4301564","stx_B",1,1,"Complete stx","ggCaller",100,1,"stx2c"
"SRR4301569","stx_A",2,2,"Complete stx","BAKTA",0,2,"stx1a; stx2c"
"SRR4301569","stx_B",2,2,"Complete stx","BAKTA",0,2,"stx1a; stx2c"
"SRR4301569","stx_A",2,2,"Complete stx","BAKTA",100,2,"stx1a; stx2c"
"SRR4301569","stx_B",2,2,"Complete stx","BAKTA",100,2,"stx1a; stx2c"
"SRR4301569","stx_A",2,2,"Complete stx","PPanGGOLiN",0,2,"stx1a; stx2c"
"SRR4301569","stx_B",2,2,"Complete stx","PPanGGOLiN",0,2,"stx1a; stx2c"
"SRR4301569","stx_A",2,2,"Complete stx","PPanGGOLiN",10,2,"stx1a; stx2c"
"SRR4301569","stx_B",2,2,"Complete stx","PPanGGOLiN",10,2,"stx1a; stx2c"
"SRR4301569","stx_A",2,2,"Complete stx","PPanGGOLiN",50,2,"stx1a; stx2c"
"SRR4301569","stx_B",2,2,"Complete stx","PPanGGOLiN",50,2,"stx1a; stx2c"
"SRR4301569","stx_A",2,2,"Complete stx","PPanGGOLiN",90,2,"stx1a; stx2c"
"SRR4301569","stx_B",2,2,"Complete stx","PPanGGOLiN",90,2,"stx1a; stx2c"
"SRR4301569","stx_A",2,2,"Complete stx","PPanGGOLiN",100,2,"stx1a; stx2c"
"SRR4301569","stx_B",2,2,"Complete stx","PPanGGOLiN",100,2,"stx1a; stx2c"
"SRR4301569","stx_A",2,2,"Complete stx","Panaroo",0,2,"stx1a; stx2c"
"SRR4301569","stx_B",2,2,"Complete stx","Panaroo",0,2,"stx1a; stx2c"
"SRR4301569","stx_A",2,2,"Complete stx","Panaroo",10,2,"stx1a; stx2c"
"SRR4301569","stx_B",2,2,"Complete stx","Panaroo",10,2,"stx1a; stx2c"
"SRR4301569","stx_A",2,2,"Complete stx","Panaroo",50,2,"stx1a; stx2c"
"SRR4301569","stx_B",2,2,"Complete stx","Panaroo",50,2,"stx1a; stx2c"
"SRR4301569","stx_A",2,2,"Complete stx","Panaroo",90,2,"stx1a; stx2c"
"SRR4301569","stx_B",2,2,"Complete stx","Panaroo",90,2,"stx1a; stx2c"
"SRR4301569","stx_A",2,2,"Complete stx","Panaroo",100,2,"stx1a; stx2c"
"SRR4301569","stx_B",2,2,"Complete stx","Panaroo",100,2,"stx1a; stx2c"
"SRR4301569","stx_A",2,2,"Complete stx","Roary",0,1,"stx1a; stx2c"
"SRR4301569","stx_B",2,2,"Complete stx","Roary",0,1,"stx1a; stx2c"
"SRR4301569","stx_A",2,2,"Complete stx","Roary",10,1,"stx1a; stx2c"
"SRR4301569","stx_B",2,2,"Complete stx","Roary",10,1,"stx1a; stx2c"
"SRR4301569","stx_A",2,2,"Complete stx","Roary",50,1,"stx1a; stx2c"
"SRR4301569","stx_B",2,2,"Complete stx","Roary",50,1,"stx1a; stx2c"
"SRR4301569","stx_A",2,2,"Complete stx","Roary",90,1,"stx1a; stx2c"
"SRR4301569","stx_B",2,2,"Complete stx","Roary",90,1,"stx1a; stx2c"
"SRR4301569","stx_A",2,2,"Complete stx","Roary",100,1,"stx1a; stx2c"
"SRR4301569","stx_B",2,2,"Complete stx","Roary",100,1,"stx1a; stx2c"
"SRR4301569","stx_A",2,2,"Complete stx","ggCaller",0,3,"stx1a; stx2c"
"SRR4301569","stx_B",2,2,"Complete stx","ggCaller",0,2,"stx1a; stx2c"
"SRR4301569","stx_A",2,2,"Complete stx","ggCaller",10,3,"stx1a; stx2c"
"SRR4301569","stx_B",2,2,"Complete stx","ggCaller",10,2,"stx1a; stx2c"
"SRR4301569","stx_A",2,2,"Complete stx","ggCaller",50,4,"stx1a; stx2c"
"SRR4301569","stx_B",2,2,"Complete stx","ggCaller",50,2,"stx1a; stx2c"
"SRR4301569","stx_A",2,2,"Complete stx","ggCaller",90,4,"stx1a; stx2c"
"SRR4301569","stx_B",2,2,"Complete stx","ggCaller",90,2,"stx1a; stx2c"
"SRR4301569","stx_A",2,2,"Complete stx","ggCaller",100,4,"stx1a; stx2c"
"SRR4301569","stx_B",2,2,"Complete stx","ggCaller",100,2,"stx1a; stx2c"
"SRR4301571","stx_A",1,1,"Complete stx","BAKTA",0,1,"stx2c"
"SRR4301571","stx_B",1,1,"Complete stx","BAKTA",0,1,"stx2c"
"SRR4301571","stx_A",1,1,"Complete stx","BAKTA",100,1,"stx2c"
"SRR4301571","stx_B",1,1,"Complete stx","BAKTA",100,1,"stx2c"
"SRR4301571","stx_A",1,1,"Complete stx","PPanGGOLiN",0,1,"stx2c"
"SRR4301571","stx_B",1,1,"Complete stx","PPanGGOLiN",0,1,"stx2c"
"SRR4301571","stx_A",1,1,"Complete stx","PPanGGOLiN",10,1,"stx2c"
"SRR4301571","stx_B",1,1,"Complete stx","PPanGGOLiN",10,1,"stx2c"
"SRR4301571","stx_A",1,1,"Complete stx","PPanGGOLiN",50,1,"stx2c"
"SRR4301571","stx_B",1,1,"Complete stx","PPanGGOLiN",50,1,"stx2c"
"SRR4301571","stx_A",1,1,"Complete stx","PPanGGOLiN",90,1,"stx2c"
"SRR4301571","stx_B",1,1,"Complete stx","PPanGGOLiN",90,1,"stx2c"
"SRR4301571","stx_A",1,1,"Complete stx","PPanGGOLiN",100,1,"stx2c"
"SRR4301571","stx_B",1,1,"Complete stx","PPanGGOLiN",100,1,"stx2c"
"SRR4301571","stx_A",1,1,"Complete stx","Panaroo",0,1,"stx2c"
"SRR4301571","stx_B",1,1,"Complete stx","Panaroo",0,1,"stx2c"
"SRR4301571","stx_A",1,1,"Complete stx","Panaroo",10,1,"stx2c"
"SRR4301571","stx_B",1,1,"Complete stx","Panaroo",10,1,"stx2c"
"SRR4301571","stx_A",1,1,"Complete stx","Panaroo",50,1,"stx2c"
"SRR4301571","stx_B",1,1,"Complete stx","Panaroo",50,1,"stx2c"
"SRR4301571","stx_A",1,1,"Complete stx","Panaroo",90,1,"stx2c"
"SRR4301571","stx_B",1,1,"Complete stx","Panaroo",90,1,"stx2c"
"SRR4301571","stx_A",1,1,"Complete stx","Panaroo",100,1,"stx2c"
"SRR4301571","stx_B",1,1,"Complete stx","Panaroo",100,1,"stx2c"
"SRR4301571","stx_A",1,1,"Complete stx","Roary",0,1,"stx2c"
"SRR4301571","stx_B",1,1,"Complete stx","Roary",0,1,"stx2c"
"SRR4301571","stx_A",1,1,"Complete stx","Roary",10,1,"stx2c"
"SRR4301571","stx_B",1,1,"Complete stx","Roary",10,1,"stx2c"
"SRR4301571","stx_A",1,1,"Complete stx","Roary",50,1,"stx2c"
"SRR4301571","stx_B",1,1,"Complete stx","Roary",50,1,"stx2c"
"SRR4301571","stx_A",1,1,"Complete stx","Roary",90,1,"stx2c"
"SRR4301571","stx_B",1,1,"Complete stx","Roary",90,1,"stx2c"
"SRR4301571","stx_A",1,1,"Complete stx","Roary",100,1,"stx2c"
"SRR4301571","stx_B",1,1,"Complete stx","Roary",100,1,"stx2c"
"SRR4301571","stx_A",1,1,"Complete stx","ggCaller",0,2,"stx2c"
"SRR4301571","stx_B",1,1,"Complete stx","ggCaller",0,1,"stx2c"
"SRR4301571","stx_A",1,1,"Complete stx","ggCaller",10,2,"stx2c"
"SRR4301571","stx_B",1,1,"Complete stx","ggCaller",10,1,"stx2c"
"SRR4301571","stx_A",1,1,"Complete stx","ggCaller",50,3,"stx2c"
"SRR4301571","stx_B",1,1,"Complete stx","ggCaller",50,1,"stx2c"
"SRR4301571","stx_A",1,1,"Complete stx","ggCaller",90,3,"stx2c"
"SRR4301571","stx_B",1,1,"Complete stx","ggCaller",90,1,"stx2c"
"SRR4301571","stx_A",1,1,"Complete stx","ggCaller",100,3,"stx2c"
"SRR4301571","stx_B",1,1,"Complete stx","ggCaller",100,1,"stx2c"
"SRR4301574","stx_A",2,1,"Collapsed stx","BAKTA",0,1,"stx2c; stx2c"
"SRR4301574","stx_B",2,1,"Collapsed stx","BAKTA",0,1,"stx2c; stx2c"
"SRR4301574","stx_A",2,1,"Collapsed stx","BAKTA",100,2,"stx2c; stx2c"
"SRR4301574","stx_B",2,1,"Collapsed stx","BAKTA",100,2,"stx2c; stx2c"
"SRR4301574","stx_A",2,1,"Collapsed stx","PPanGGOLiN",0,1,"stx2c; stx2c"
"SRR4301574","stx_B",2,1,"Collapsed stx","PPanGGOLiN",0,1,"stx2c; stx2c"
"SRR4301574","stx_A",2,1,"Collapsed stx","PPanGGOLiN",10,1,"stx2c; stx2c"
"SRR4301574","stx_B",2,1,"Collapsed stx","PPanGGOLiN",10,1,"stx2c; stx2c"
"SRR4301574","stx_A",2,1,"Collapsed stx","PPanGGOLiN",50,1,"stx2c; stx2c"
"SRR4301574","stx_B",2,1,"Collapsed stx","PPanGGOLiN",50,1,"stx2c; stx2c"
"SRR4301574","stx_A",2,1,"Collapsed stx","PPanGGOLiN",90,1,"stx2c; stx2c"
"SRR4301574","stx_B",2,1,"Collapsed stx","PPanGGOLiN",90,1,"stx2c; stx2c"
"SRR4301574","stx_A",2,1,"Collapsed stx","PPanGGOLiN",100,1,"stx2c; stx2c"
"SRR4301574","stx_B",2,1,"Collapsed stx","PPanGGOLiN",100,1,"stx2c; stx2c"
"SRR4301574","stx_A",2,1,"Collapsed stx","Panaroo",0,1,"stx2c; stx2c"
"SRR4301574","stx_B",2,1,"Collapsed stx","Panaroo",0,1,"stx2c; stx2c"
"SRR4301574","stx_A",2,1,"Collapsed stx","Panaroo",10,1,"stx2c; stx2c"
"SRR4301574","stx_B",2,1,"Collapsed stx","Panaroo",10,1,"stx2c; stx2c"
"SRR4301574","stx_A",2,1,"Collapsed stx","Panaroo",50,1,"stx2c; stx2c"
"SRR4301574","stx_B",2,1,"Collapsed stx","Panaroo",50,1,"stx2c; stx2c"
"SRR4301574","stx_A",2,1,"Collapsed stx","Panaroo",90,1,"stx2c; stx2c"
"SRR4301574","stx_B",2,1,"Collapsed stx","Panaroo",90,1,"stx2c; stx2c"
"SRR4301574","stx_A",2,1,"Collapsed stx","Panaroo",100,1,"stx2c; stx2c"
"SRR4301574","stx_B",2,1,"Collapsed stx","Panaroo",100,1,"stx2c; stx2c"
"SRR4301574","stx_A",2,1,"Collapsed stx","Roary",0,1,"stx2c; stx2c"
"SRR4301574","stx_B",2,1,"Collapsed stx","Roary",0,1,"stx2c; stx2c"
"SRR4301574","stx_A",2,1,"Collapsed stx","Roary",10,1,"stx2c; stx2c"
"SRR4301574","stx_B",2,1,"Collapsed stx","Roary",10,1,"stx2c; stx2c"
"SRR4301574","stx_A",2,1,"Collapsed stx","Roary",50,2,"stx2c; stx2c"
"SRR4301574","stx_B",2,1,"Collapsed stx","Roary",50,2,"stx2c; stx2c"
"SRR4301574","stx_A",2,1,"Collapsed stx","Roary",90,2,"stx2c; stx2c"
"SRR4301574","stx_B",2,1,"Collapsed stx","Roary",90,2,"stx2c; stx2c"
"SRR4301574","stx_A",2,1,"Collapsed stx","Roary",100,2,"stx2c; stx2c"
"SRR4301574","stx_B",2,1,"Collapsed stx","Roary",100,2,"stx2c; stx2c"
"SRR4301574","stx_A",2,1,"Collapsed stx","ggCaller",0,2,"stx2c; stx2c"
"SRR4301574","stx_B",2,1,"Collapsed stx","ggCaller",0,1,"stx2c; stx2c"
"SRR4301574","stx_A",2,1,"Collapsed stx","ggCaller",10,2,"stx2c; stx2c"
"SRR4301574","stx_B",2,1,"Collapsed stx","ggCaller",10,1,"stx2c; stx2c"
"SRR4301574","stx_A",2,1,"Collapsed stx","ggCaller",50,3,"stx2c; stx2c"
"SRR4301574","stx_B",2,1,"Collapsed stx","ggCaller",50,1,"stx2c; stx2c"
"SRR4301574","stx_A",2,1,"Collapsed stx","ggCaller",90,3,"stx2c; stx2c"
"SRR4301574","stx_B",2,1,"Collapsed stx","ggCaller",90,1,"stx2c; stx2c"
"SRR4301574","stx_A",2,1,"Collapsed stx","ggCaller",100,3,"stx2c; stx2c"
"SRR4301574","stx_B",2,1,"Collapsed stx","ggCaller",100,1,"stx2c; stx2c"
"SRR4301577","stx_A",1,1,"Complete stx","BAKTA",0,1,"stx2c"
"SRR4301577","stx_B",1,1,"Complete stx","BAKTA",0,1,"stx2c"
"SRR4301577","stx_A",1,1,"Complete stx","BAKTA",100,1,"stx2c"
"SRR4301577","stx_B",1,1,"Complete stx","BAKTA",100,1,"stx2c"
"SRR4301577","stx_A",1,1,"Complete stx","PPanGGOLiN",0,1,"stx2c"
"SRR4301577","stx_B",1,1,"Complete stx","PPanGGOLiN",0,1,"stx2c"
"SRR4301577","stx_A",1,1,"Complete stx","PPanGGOLiN",10,1,"stx2c"
"SRR4301577","stx_B",1,1,"Complete stx","PPanGGOLiN",10,1,"stx2c"
"SRR4301577","stx_A",1,1,"Complete stx","PPanGGOLiN",50,1,"stx2c"
"SRR4301577","stx_B",1,1,"Complete stx","PPanGGOLiN",50,1,"stx2c"
"SRR4301577","stx_A",1,1,"Complete stx","PPanGGOLiN",90,1,"stx2c"
"SRR4301577","stx_B",1,1,"Complete stx","PPanGGOLiN",90,1,"stx2c"
"SRR4301577","stx_A",1,1,"Complete stx","PPanGGOLiN",100,1,"stx2c"
"SRR4301577","stx_B",1,1,"Complete stx","PPanGGOLiN",100,1,"stx2c"
"SRR4301577","stx_A",1,1,"Complete stx","Panaroo",0,1,"stx2c"
"SRR4301577","stx_B",1,1,"Complete stx","Panaroo",0,1,"stx2c"
"SRR4301577","stx_A",1,1,"Complete stx","Panaroo",10,1,"stx2c"
"SRR4301577","stx_B",1,1,"Complete stx","Panaroo",10,1,"stx2c"
"SRR4301577","stx_A",1,1,"Complete stx","Panaroo",50,1,"stx2c"
"SRR4301577","stx_B",1,1,"Complete stx","Panaroo",50,1,"stx2c"
"SRR4301577","stx_A",1,1,"Complete stx","Panaroo",90,1,"stx2c"
"SRR4301577","stx_B",1,1,"Complete stx","Panaroo",90,1,"stx2c"
"SRR4301577","stx_A",1,1,"Complete stx","Panaroo",100,1,"stx2c"
"SRR4301577","stx_B",1,1,"Complete stx","Panaroo",100,1,"stx2c"
"SRR4301577","stx_A",1,1,"Complete stx","Roary",0,1,"stx2c"
"SRR4301577","stx_B",1,1,"Complete stx","Roary",0,1,"stx2c"
"SRR4301577","stx_A",1,1,"Complete stx","Roary",10,1,"stx2c"
"SRR4301577","stx_B",1,1,"Complete stx","Roary",10,1,"stx2c"
"SRR4301577","stx_A",1,1,"Complete stx","Roary",50,1,"stx2c"
"SRR4301577","stx_B",1,1,"Complete stx","Roary",50,1,"stx2c"
"SRR4301577","stx_A",1,1,"Complete stx","Roary",90,1,"stx2c"
"SRR4301577","stx_B",1,1,"Complete stx","Roary",90,1,"stx2c"
"SRR4301577","stx_A",1,1,"Complete stx","Roary",100,1,"stx2c"
"SRR4301577","stx_B",1,1,"Complete stx","Roary",100,1,"stx2c"
"SRR4301577","stx_A",1,1,"Complete stx","ggCaller",0,2,"stx2c"
"SRR4301577","stx_B",1,1,"Complete stx","ggCaller",0,1,"stx2c"
"SRR4301577","stx_A",1,1,"Complete stx","ggCaller",10,2,"stx2c"
"SRR4301577","stx_B",1,1,"Complete stx","ggCaller",10,1,"stx2c"
"SRR4301577","stx_A",1,1,"Complete stx","ggCaller",50,3,"stx2c"
"SRR4301577","stx_B",1,1,"Complete stx","ggCaller",50,1,"stx2c"
"SRR4301577","stx_A",1,1,"Complete stx","ggCaller",90,3,"stx2c"
"SRR4301577","stx_B",1,1,"Complete stx","ggCaller",90,1,"stx2c"
"SRR4301577","stx_A",1,1,"Complete stx","ggCaller",100,3,"stx2c"
"SRR4301577","stx_B",1,1,"Complete stx","ggCaller",100,1,"stx2c"
"SRR4301579","stx_A",1,1,"Complete stx","BAKTA",0,1,"stx2c"
"SRR4301579","stx_B",1,1,"Complete stx","BAKTA",0,1,"stx2c"
"SRR4301579","stx_A",1,1,"Complete stx","BAKTA",100,1,"stx2c"
"SRR4301579","stx_B",1,1,"Complete stx","BAKTA",100,1,"stx2c"
"SRR4301579","stx_A",1,1,"Complete stx","PPanGGOLiN",0,1,"stx2c"
"SRR4301579","stx_B",1,1,"Complete stx","PPanGGOLiN",0,1,"stx2c"
"SRR4301579","stx_A",1,1,"Complete stx","PPanGGOLiN",10,1,"stx2c"
"SRR4301579","stx_B",1,1,"Complete stx","PPanGGOLiN",10,1,"stx2c"
"SRR4301579","stx_A",1,1,"Complete stx","PPanGGOLiN",50,1,"stx2c"
"SRR4301579","stx_B",1,1,"Complete stx","PPanGGOLiN",50,1,"stx2c"
"SRR4301579","stx_A",1,1,"Complete stx","PPanGGOLiN",90,1,"stx2c"
"SRR4301579","stx_B",1,1,"Complete stx","PPanGGOLiN",90,1,"stx2c"
"SRR4301579","stx_A",1,1,"Complete stx","PPanGGOLiN",100,1,"stx2c"
"SRR4301579","stx_B",1,1,"Complete stx","PPanGGOLiN",100,1,"stx2c"
"SRR4301579","stx_A",1,1,"Complete stx","Panaroo",0,1,"stx2c"
"SRR4301579","stx_B",1,1,"Complete stx","Panaroo",0,1,"stx2c"
"SRR4301579","stx_A",1,1,"Complete stx","Panaroo",10,1,"stx2c"
"SRR4301579","stx_B",1,1,"Complete stx","Panaroo",10,1,"stx2c"
"SRR4301579","stx_A",1,1,"Complete stx","Panaroo",50,1,"stx2c"
"SRR4301579","stx_B",1,1,"Complete stx","Panaroo",50,1,"stx2c"
"SRR4301579","stx_A",1,1,"Complete stx","Panaroo",90,1,"stx2c"
"SRR4301579","stx_B",1,1,"Complete stx","Panaroo",90,1,"stx2c"
"SRR4301579","stx_A",1,1,"Complete stx","Panaroo",100,1,"stx2c"
"SRR4301579","stx_B",1,1,"Complete stx","Panaroo",100,1,"stx2c"
"SRR4301579","stx_A",1,1,"Complete stx","Roary",0,1,"stx2c"
"SRR4301579","stx_B",1,1,"Complete stx","Roary",0,1,"stx2c"
"SRR4301579","stx_A",1,1,"Complete stx","Roary",10,1,"stx2c"
"SRR4301579","stx_B",1,1,"Complete stx","Roary",10,1,"stx2c"
"SRR4301579","stx_A",1,1,"Complete stx","Roary",50,1,"stx2c"
"SRR4301579","stx_B",1,1,"Complete stx","Roary",50,1,"stx2c"
"SRR4301579","stx_A",1,1,"Complete stx","Roary",90,1,"stx2c"
"SRR4301579","stx_B",1,1,"Complete stx","Roary",90,1,"stx2c"
"SRR4301579","stx_A",1,1,"Complete stx","Roary",100,1,"stx2c"
"SRR4301579","stx_B",1,1,"Complete stx","Roary",100,1,"stx2c"
"SRR4301579","stx_A",1,1,"Complete stx","ggCaller",0,2,"stx2c"
"SRR4301579","stx_B",1,1,"Complete stx","ggCaller",0,1,"stx2c"
"SRR4301579","stx_A",1,1,"Complete stx","ggCaller",10,2,"stx2c"
"SRR4301579","stx_B",1,1,"Complete stx","ggCaller",10,1,"stx2c"
"SRR4301579","stx_A",1,1,"Complete stx","ggCaller",50,3,"stx2c"
"SRR4301579","stx_B",1,1,"Complete stx","ggCaller",50,1,"stx2c"
"SRR4301579","stx_A",1,1,"Complete stx","ggCaller",90,3,"stx2c"
"SRR4301579","stx_B",1,1,"Complete stx","ggCaller",90,1,"stx2c"
"SRR4301579","stx_A",1,1,"Complete stx","ggCaller",100,3,"stx2c"
"SRR4301579","stx_B",1,1,"Complete stx","ggCaller",100,1,"stx2c"
"SRR4301588","stx_A",1,1,"Complete stx","BAKTA",0,1,"stx2c"
"SRR4301588","stx_B",1,1,"Complete stx","BAKTA",0,1,"stx2c"
"SRR4301588","stx_A",1,1,"Complete stx","BAKTA",100,1,"stx2c"
"SRR4301588","stx_B",1,1,"Complete stx","BAKTA",100,1,"stx2c"
"SRR4301588","stx_A",1,1,"Complete stx","PPanGGOLiN",0,1,"stx2c"
"SRR4301588","stx_B",1,1,"Complete stx","PPanGGOLiN",0,1,"stx2c"
"SRR4301588","stx_A",1,1,"Complete stx","PPanGGOLiN",10,1,"stx2c"
"SRR4301588","stx_B",1,1,"Complete stx","PPanGGOLiN",10,1,"stx2c"
"SRR4301588","stx_A",1,1,"Complete stx","PPanGGOLiN",50,1,"stx2c"
"SRR4301588","stx_B",1,1,"Complete stx","PPanGGOLiN",50,1,"stx2c"
"SRR4301588","stx_A",1,1,"Complete stx","PPanGGOLiN",90,1,"stx2c"
"SRR4301588","stx_B",1,1,"Complete stx","PPanGGOLiN",90,1,"stx2c"
"SRR4301588","stx_A",1,1,"Complete stx","PPanGGOLiN",100,1,"stx2c"
"SRR4301588","stx_B",1,1,"Complete stx","PPanGGOLiN",100,1,"stx2c"
"SRR4301588","stx_A",1,1,"Complete stx","Panaroo",0,1,"stx2c"
"SRR4301588","stx_B",1,1,"Complete stx","Panaroo",0,1,"stx2c"
"SRR4301588","stx_A",1,1,"Complete stx","Panaroo",10,1,"stx2c"
"SRR4301588","stx_B",1,1,"Complete stx","Panaroo",10,1,"stx2c"
"SRR4301588","stx_A",1,1,"Complete stx","Panaroo",50,1,"stx2c"
"SRR4301588","stx_B",1,1,"Complete stx","Panaroo",50,1,"stx2c"
"SRR4301588","stx_A",1,1,"Complete stx","Panaroo",90,1,"stx2c"
"SRR4301588","stx_B",1,1,"Complete stx","Panaroo",90,1,"stx2c"
"SRR4301588","stx_A",1,1,"Complete stx","Panaroo",100,1,"stx2c"
"SRR4301588","stx_B",1,1,"Complete stx","Panaroo",100,1,"stx2c"
"SRR4301588","stx_A",1,1,"Complete stx","Roary",0,1,"stx2c"
"SRR4301588","stx_B",1,1,"Complete stx","Roary",0,1,"stx2c"
"SRR4301588","stx_A",1,1,"Complete stx","Roary",10,1,"stx2c"
"SRR4301588","stx_B",1,1,"Complete stx","Roary",10,1,"stx2c"
"SRR4301588","stx_A",1,1,"Complete stx","Roary",50,1,"stx2c"
"SRR4301588","stx_B",1,1,"Complete stx","Roary",50,1,"stx2c"
"SRR4301588","stx_A",1,1,"Complete stx","Roary",90,1,"stx2c"
"SRR4301588","stx_B",1,1,"Complete stx","Roary",90,1,"stx2c"
"SRR4301588","stx_A",1,1,"Complete stx","Roary",100,1,"stx2c"
"SRR4301588","stx_B",1,1,"Complete stx","Roary",100,1,"stx2c"
"SRR4301588","stx_A",1,1,"Complete stx","ggCaller",0,2,"stx2c"
"SRR4301588","stx_B",1,1,"Complete stx","ggCaller",0,1,"stx2c"
"SRR4301588","stx_A",1,1,"Complete stx","ggCaller",10,2,"stx2c"
"SRR4301588","stx_B",1,1,"Complete stx","ggCaller",10,1,"stx2c"
"SRR4301588","stx_A",1,1,"Complete stx","ggCaller",50,3,"stx2c"
"SRR4301588","stx_B",1,1,"Complete stx","ggCaller",50,1,"stx2c"
"SRR4301588","stx_A",1,1,"Complete stx","ggCaller",90,3,"stx2c"
"SRR4301588","stx_B",1,1,"Complete stx","ggCaller",90,1,"stx2c"
"SRR4301588","stx_A",1,1,"Complete stx","ggCaller",100,3,"stx2c"
"SRR4301588","stx_B",1,1,"Complete stx","ggCaller",100,1,"stx2c"
"SRR5413253","stx_A",2,2,"Complete stx","BAKTA",0,2,"stx1a; stx2c"
"SRR5413253","stx_B",2,2,"Complete stx","BAKTA",0,2,"stx1a; stx2c"
"SRR5413253","stx_A",2,2,"Complete stx","BAKTA",100,2,"stx1a; stx2c"
"SRR5413253","stx_B",2,2,"Complete stx","BAKTA",100,2,"stx1a; stx2c"
"SRR5413253","stx_A",2,2,"Complete stx","PPanGGOLiN",0,2,"stx1a; stx2c"
"SRR5413253","stx_B",2,2,"Complete stx","PPanGGOLiN",0,2,"stx1a; stx2c"
"SRR5413253","stx_A",2,2,"Complete stx","PPanGGOLiN",10,2,"stx1a; stx2c"
"SRR5413253","stx_B",2,2,"Complete stx","PPanGGOLiN",10,2,"stx1a; stx2c"
"SRR5413253","stx_A",2,2,"Complete stx","PPanGGOLiN",50,2,"stx1a; stx2c"
"SRR5413253","stx_B",2,2,"Complete stx","PPanGGOLiN",50,2,"stx1a; stx2c"
"SRR5413253","stx_A",2,2,"Complete stx","PPanGGOLiN",90,2,"stx1a; stx2c"
"SRR5413253","stx_B",2,2,"Complete stx","PPanGGOLiN",90,2,"stx1a; stx2c"
"SRR5413253","stx_A",2,2,"Complete stx","PPanGGOLiN",100,2,"stx1a; stx2c"
"SRR5413253","stx_B",2,2,"Complete stx","PPanGGOLiN",100,2,"stx1a; stx2c"
"SRR5413253","stx_A",2,2,"Complete stx","Panaroo",0,2,"stx1a; stx2c"
"SRR5413253","stx_B",2,2,"Complete stx","Panaroo",0,2,"stx1a; stx2c"
"SRR5413253","stx_A",2,2,"Complete stx","Panaroo",10,2,"stx1a; stx2c"
"SRR5413253","stx_B",2,2,"Complete stx","Panaroo",10,2,"stx1a; stx2c"
"SRR5413253","stx_A",2,2,"Complete stx","Panaroo",50,2,"stx1a; stx2c"
"SRR5413253","stx_B",2,2,"Complete stx","Panaroo",50,2,"stx1a; stx2c"
"SRR5413253","stx_A",2,2,"Complete stx","Panaroo",90,2,"stx1a; stx2c"
"SRR5413253","stx_B",2,2,"Complete stx","Panaroo",90,2,"stx1a; stx2c"
"SRR5413253","stx_A",2,2,"Complete stx","Panaroo",100,2,"stx1a; stx2c"
"SRR5413253","stx_B",2,2,"Complete stx","Panaroo",100,2,"stx1a; stx2c"
"SRR5413253","stx_A",2,2,"Complete stx","Roary",0,1,"stx1a; stx2c"
"SRR5413253","stx_B",2,2,"Complete stx","Roary",0,1,"stx1a; stx2c"
"SRR5413253","stx_A",2,2,"Complete stx","Roary",10,1,"stx1a; stx2c"
"SRR5413253","stx_B",2,2,"Complete stx","Roary",10,1,"stx1a; stx2c"
"SRR5413253","stx_A",2,2,"Complete stx","Roary",50,1,"stx1a; stx2c"
"SRR5413253","stx_B",2,2,"Complete stx","Roary",50,1,"stx1a; stx2c"
"SRR5413253","stx_A",2,2,"Complete stx","Roary",90,1,"stx1a; stx2c"
"SRR5413253","stx_B",2,2,"Complete stx","Roary",90,1,"stx1a; stx2c"
"SRR5413253","stx_A",2,2,"Complete stx","Roary",100,1,"stx1a; stx2c"
"SRR5413253","stx_B",2,2,"Complete stx","Roary",100,1,"stx1a; stx2c"
"SRR5413253","stx_A",2,2,"Complete stx","ggCaller",0,3,"stx1a; stx2c"
"SRR5413253","stx_B",2,2,"Complete stx","ggCaller",0,2,"stx1a; stx2c"
"SRR5413253","stx_A",2,2,"Complete stx","ggCaller",10,3,"stx1a; stx2c"
"SRR5413253","stx_B",2,2,"Complete stx","ggCaller",10,2,"stx1a; stx2c"
"SRR5413253","stx_A",2,2,"Complete stx","ggCaller",50,4,"stx1a; stx2c"
"SRR5413253","stx_B",2,2,"Complete stx","ggCaller",50,2,"stx1a; stx2c"
"SRR5413253","stx_A",2,2,"Complete stx","ggCaller",90,4,"stx1a; stx2c"
"SRR5413253","stx_B",2,2,"Complete stx","ggCaller",90,2,"stx1a; stx2c"
"SRR5413253","stx_A",2,2,"Complete stx","ggCaller",100,4,"stx1a; stx2c"
"SRR5413253","stx_B",2,2,"Complete stx","ggCaller",100,2,"stx1a; stx2c"
"SRR5864678","stx_A",2,6,"Fragmented stx","BAKTA",0,0,"stx2a; stx2c"
"SRR5864678","stx_B",2,4,"Fragmented stx","BAKTA",0,0,"stx2a; stx2c"
"SRR5864678","stx_A",2,6,"Fragmented stx","BAKTA",100,2,"stx2a; stx2c"
"SRR5864678","stx_B",2,4,"Fragmented stx","BAKTA",100,2,"stx2a; stx2c"
"SRR5864678","stx_A",2,6,"Fragmented stx","PPanGGOLiN",0,0,"stx2a; stx2c"
"SRR5864678","stx_B",2,4,"Fragmented stx","PPanGGOLiN",0,0,"stx2a; stx2c"
"SRR5864678","stx_A",2,6,"Fragmented stx","PPanGGOLiN",10,0,"stx2a; stx2c"
"SRR5864678","stx_B",2,4,"Fragmented stx","PPanGGOLiN",10,0,"stx2a; stx2c"
"SRR5864678","stx_A",2,6,"Fragmented stx","PPanGGOLiN",50,1,"stx2a; stx2c"
"SRR5864678","stx_B",2,4,"Fragmented stx","PPanGGOLiN",50,1,"stx2a; stx2c"
"SRR5864678","stx_A",2,6,"Fragmented stx","PPanGGOLiN",90,1,"stx2a; stx2c"
"SRR5864678","stx_B",2,4,"Fragmented stx","PPanGGOLiN",90,1,"stx2a; stx2c"
"SRR5864678","stx_A",2,6,"Fragmented stx","PPanGGOLiN",100,1,"stx2a; stx2c"
"SRR5864678","stx_B",2,4,"Fragmented stx","PPanGGOLiN",100,1,"stx2a; stx2c"
"SRR5864678","stx_A",2,6,"Fragmented stx","Panaroo",0,0,"stx2a; stx2c"
"SRR5864678","stx_B",2,4,"Fragmented stx","Panaroo",0,0,"stx2a; stx2c"
"SRR5864678","stx_A",2,6,"Fragmented stx","Panaroo",10,0,"stx2a; stx2c"
"SRR5864678","stx_B",2,4,"Fragmented stx","Panaroo",10,0,"stx2a; stx2c"
"SRR5864678","stx_A",2,6,"Fragmented stx","Panaroo",50,1,"stx2a; stx2c"
"SRR5864678","stx_B",2,4,"Fragmented stx","Panaroo",50,2,"stx2a; stx2c"
"SRR5864678","stx_A",2,6,"Fragmented stx","Panaroo",90,1,"stx2a; stx2c"
"SRR5864678","stx_B",2,4,"Fragmented stx","Panaroo",90,2,"stx2a; stx2c"
"SRR5864678","stx_A",2,6,"Fragmented stx","Panaroo",100,1,"stx2a; stx2c"
"SRR5864678","stx_B",2,4,"Fragmented stx","Panaroo",100,2,"stx2a; stx2c"
"SRR5864678","stx_A",2,6,"Fragmented stx","Roary",0,0,"stx2a; stx2c"
"SRR5864678","stx_B",2,4,"Fragmented stx","Roary",0,0,"stx2a; stx2c"
"SRR5864678","stx_A",2,6,"Fragmented stx","Roary",10,0,"stx2a; stx2c"
"SRR5864678","stx_B",2,4,"Fragmented stx","Roary",10,0,"stx2a; stx2c"
"SRR5864678","stx_A",2,6,"Fragmented stx","Roary",50,2,"stx2a; stx2c"
"SRR5864678","stx_B",2,4,"Fragmented stx","Roary",50,1,"stx2a; stx2c"
"SRR5864678","stx_A",2,6,"Fragmented stx","Roary",90,2,"stx2a; stx2c"
"SRR5864678","stx_B",2,4,"Fragmented stx","Roary",90,1,"stx2a; stx2c"
"SRR5864678","stx_A",2,6,"Fragmented stx","Roary",100,2,"stx2a; stx2c"
"SRR5864678","stx_B",2,4,"Fragmented stx","Roary",100,1,"stx2a; stx2c"
"SRR5864678","stx_A",2,6,"Fragmented stx","ggCaller",0,0,"stx2a; stx2c"
"SRR5864678","stx_B",2,4,"Fragmented stx","ggCaller",0,0,"stx2a; stx2c"
"SRR5864678","stx_A",2,6,"Fragmented stx","ggCaller",10,0,"stx2a; stx2c"
"SRR5864678","stx_B",2,4,"Fragmented stx","ggCaller",10,0,"stx2a; stx2c"
"SRR5864678","stx_A",2,6,"Fragmented stx","ggCaller",50,3,"stx2a; stx2c"
"SRR5864678","stx_B",2,4,"Fragmented stx","ggCaller",50,2,"stx2a; stx2c"
"SRR5864678","stx_A",2,6,"Fragmented stx","ggCaller",90,3,"stx2a; stx2c"
"SRR5864678","stx_B",2,4,"Fragmented stx","ggCaller",90,2,"stx2a; stx2c"
"SRR5864678","stx_A",2,6,"Fragmented stx","ggCaller",100,3,"stx2a; stx2c"
"SRR5864678","stx_B",2,4,"Fragmented stx","ggCaller",100,2,"stx2a; stx2c"
"SRR5870510","stx_A",2,8,"Fragmented stx","BAKTA",0,0,"stx2a; stx2c"
"SRR5870510","stx_B",2,4,"Fragmented stx","BAKTA",0,0,"stx2a; stx2c"
"SRR5870510","stx_A",2,8,"Fragmented stx","BAKTA",100,2,"stx2a; stx2c"
"SRR5870510","stx_B",2,4,"Fragmented stx","BAKTA",100,2,"stx2a; stx2c"
"SRR5870510","stx_A",2,8,"Fragmented stx","PPanGGOLiN",0,0,"stx2a; stx2c"
"SRR5870510","stx_B",2,4,"Fragmented stx","PPanGGOLiN",0,0,"stx2a; stx2c"
"SRR5870510","stx_A",2,8,"Fragmented stx","PPanGGOLiN",10,0,"stx2a; stx2c"
"SRR5870510","stx_B",2,4,"Fragmented stx","PPanGGOLiN",10,0,"stx2a; stx2c"
"SRR5870510","stx_A",2,8,"Fragmented stx","PPanGGOLiN",50,1,"stx2a; stx2c"
"SRR5870510","stx_B",2,4,"Fragmented stx","PPanGGOLiN",50,1,"stx2a; stx2c"
"SRR5870510","stx_A",2,8,"Fragmented stx","PPanGGOLiN",90,1,"stx2a; stx2c"
"SRR5870510","stx_B",2,4,"Fragmented stx","PPanGGOLiN",90,1,"stx2a; stx2c"
"SRR5870510","stx_A",2,8,"Fragmented stx","PPanGGOLiN",100,1,"stx2a; stx2c"
"SRR5870510","stx_B",2,4,"Fragmented stx","PPanGGOLiN",100,1,"stx2a; stx2c"
"SRR5870510","stx_A",2,8,"Fragmented stx","Panaroo",0,0,"stx2a; stx2c"
"SRR5870510","stx_B",2,4,"Fragmented stx","Panaroo",0,0,"stx2a; stx2c"
"SRR5870510","stx_A",2,8,"Fragmented stx","Panaroo",10,0,"stx2a; stx2c"
"SRR5870510","stx_B",2,4,"Fragmented stx","Panaroo",10,0,"stx2a; stx2c"
"SRR5870510","stx_A",2,8,"Fragmented stx","Panaroo",50,1,"stx2a; stx2c"
"SRR5870510","stx_B",2,4,"Fragmented stx","Panaroo",50,2,"stx2a; stx2c"
"SRR5870510","stx_A",2,8,"Fragmented stx","Panaroo",90,1,"stx2a; stx2c"
"SRR5870510","stx_B",2,4,"Fragmented stx","Panaroo",90,2,"stx2a; stx2c"
"SRR5870510","stx_A",2,8,"Fragmented stx","Panaroo",100,1,"stx2a; stx2c"
"SRR5870510","stx_B",2,4,"Fragmented stx","Panaroo",100,2,"stx2a; stx2c"
"SRR5870510","stx_A",2,8,"Fragmented stx","Roary",0,0,"stx2a; stx2c"
"SRR5870510","stx_B",2,4,"Fragmented stx","Roary",0,0,"stx2a; stx2c"
"SRR5870510","stx_A",2,8,"Fragmented stx","Roary",10,0,"stx2a; stx2c"
"SRR5870510","stx_B",2,4,"Fragmented stx","Roary",10,0,"stx2a; stx2c"
"SRR5870510","stx_A",2,8,"Fragmented stx","Roary",50,2,"stx2a; stx2c"
"SRR5870510","stx_B",2,4,"Fragmented stx","Roary",50,1,"stx2a; stx2c"
"SRR5870510","stx_A",2,8,"Fragmented stx","Roary",90,2,"stx2a; stx2c"
"SRR5870510","stx_B",2,4,"Fragmented stx","Roary",90,1,"stx2a; stx2c"
"SRR5870510","stx_A",2,8,"Fragmented stx","Roary",100,2,"stx2a; stx2c"
"SRR5870510","stx_B",2,4,"Fragmented stx","Roary",100,1,"stx2a; stx2c"
"SRR5870510","stx_A",2,8,"Fragmented stx","ggCaller",0,0,"stx2a; stx2c"
"SRR5870510","stx_B",2,4,"Fragmented stx","ggCaller",0,0,"stx2a; stx2c"
"SRR5870510","stx_A",2,8,"Fragmented stx","ggCaller",10,0,"stx2a; stx2c"
"SRR5870510","stx_B",2,4,"Fragmented stx","ggCaller",10,0,"stx2a; stx2c"
"SRR5870510","stx_A",2,8,"Fragmented stx","ggCaller",50,3,"stx2a; stx2c"
"SRR5870510","stx_B",2,4,"Fragmented stx","ggCaller",50,2,"stx2a; stx2c"
"SRR5870510","stx_A",2,8,"Fragmented stx","ggCaller",90,3,"stx2a; stx2c"
"SRR5870510","stx_B",2,4,"Fragmented stx","ggCaller",90,2,"stx2a; stx2c"
"SRR5870510","stx_A",2,8,"Fragmented stx","ggCaller",100,3,"stx2a; stx2c"
"SRR5870510","stx_B",2,4,"Fragmented stx","ggCaller",100,2,"stx2a; stx2c"
"SRR6118141","stx_A",2,2,"Complete stx","BAKTA",0,1,"stx2a; stx2a"
"SRR6118141","stx_B",2,1,"Collapsed stx","BAKTA",0,1,"stx2a; stx2a"
"SRR6118141","stx_A",2,2,"Complete stx","BAKTA",100,2,"stx2a; stx2a"
"SRR6118141","stx_B",2,1,"Collapsed stx","BAKTA",100,2,"stx2a; stx2a"
"SRR6118141","stx_A",2,2,"Complete stx","PPanGGOLiN",0,1,"stx2a; stx2a"
"SRR6118141","stx_B",2,1,"Collapsed stx","PPanGGOLiN",0,1,"stx2a; stx2a"
"SRR6118141","stx_A",2,2,"Complete stx","PPanGGOLiN",10,1,"stx2a; stx2a"
"SRR6118141","stx_B",2,1,"Collapsed stx","PPanGGOLiN",10,1,"stx2a; stx2a"
"SRR6118141","stx_A",2,2,"Complete stx","PPanGGOLiN",50,1,"stx2a; stx2a"
"SRR6118141","stx_B",2,1,"Collapsed stx","PPanGGOLiN",50,1,"stx2a; stx2a"
"SRR6118141","stx_A",2,2,"Complete stx","PPanGGOLiN",90,1,"stx2a; stx2a"
"SRR6118141","stx_B",2,1,"Collapsed stx","PPanGGOLiN",90,1,"stx2a; stx2a"
"SRR6118141","stx_A",2,2,"Complete stx","PPanGGOLiN",100,1,"stx2a; stx2a"
"SRR6118141","stx_B",2,1,"Collapsed stx","PPanGGOLiN",100,1,"stx2a; stx2a"
"SRR6118141","stx_A",2,2,"Complete stx","Panaroo",0,1,"stx2a; stx2a"
"SRR6118141","stx_B",2,1,"Collapsed stx","Panaroo",0,1,"stx2a; stx2a"
"SRR6118141","stx_A",2,2,"Complete stx","Panaroo",10,1,"stx2a; stx2a"
"SRR6118141","stx_B",2,1,"Collapsed stx","Panaroo",10,1,"stx2a; stx2a"
"SRR6118141","stx_A",2,2,"Complete stx","Panaroo",50,1,"stx2a; stx2a"
"SRR6118141","stx_B",2,1,"Collapsed stx","Panaroo",50,1,"stx2a; stx2a"
"SRR6118141","stx_A",2,2,"Complete stx","Panaroo",90,1,"stx2a; stx2a"
"SRR6118141","stx_B",2,1,"Collapsed stx","Panaroo",90,1,"stx2a; stx2a"
"SRR6118141","stx_A",2,2,"Complete stx","Panaroo",100,1,"stx2a; stx2a"
"SRR6118141","stx_B",2,1,"Collapsed stx","Panaroo",100,1,"stx2a; stx2a"
"SRR6118141","stx_A",2,2,"Complete stx","Roary",0,1,"stx2a; stx2a"
"SRR6118141","stx_B",2,1,"Collapsed stx","Roary",0,1,"stx2a; stx2a"
"SRR6118141","stx_A",2,2,"Complete stx","Roary",10,1,"stx2a; stx2a"
"SRR6118141","stx_B",2,1,"Collapsed stx","Roary",10,1,"stx2a; stx2a"
"SRR6118141","stx_A",2,2,"Complete stx","Roary",50,1,"stx2a; stx2a"
"SRR6118141","stx_B",2,1,"Collapsed stx","Roary",50,1,"stx2a; stx2a"
"SRR6118141","stx_A",2,2,"Complete stx","Roary",90,2,"stx2a; stx2a"
"SRR6118141","stx_B",2,1,"Collapsed stx","Roary",90,1,"stx2a; stx2a"
"SRR6118141","stx_A",2,2,"Complete stx","Roary",100,2,"stx2a; stx2a"
"SRR6118141","stx_B",2,1,"Collapsed stx","Roary",100,1,"stx2a; stx2a"
"SRR6118141","stx_A",2,2,"Complete stx","ggCaller",0,1,"stx2a; stx2a"
"SRR6118141","stx_B",2,1,"Collapsed stx","ggCaller",0,1,"stx2a; stx2a"
"SRR6118141","stx_A",2,2,"Complete stx","ggCaller",10,1,"stx2a; stx2a"
"SRR6118141","stx_B",2,1,"Collapsed stx","ggCaller",10,1,"stx2a; stx2a"
"SRR6118141","stx_A",2,2,"Complete stx","ggCaller",50,3,"stx2a; stx2a"
"SRR6118141","stx_B",2,1,"Collapsed stx","ggCaller",50,1,"stx2a; stx2a"
"SRR6118141","stx_A",2,2,"Complete stx","ggCaller",90,3,"stx2a; stx2a"
"SRR6118141","stx_B",2,1,"Collapsed stx","ggCaller",90,2,"stx2a; stx2a"
"SRR6118141","stx_A",2,2,"Complete stx","ggCaller",100,3,"stx2a; stx2a"
"SRR6118141","stx_B",2,1,"Collapsed stx","ggCaller",100,2,"stx2a; stx2a"
"SRR6118142","stx_A",2,2,"Complete stx","BAKTA",0,1,"stx2a; stx2a"
"SRR6118142","stx_B",2,1,"Collapsed stx","BAKTA",0,1,"stx2a; stx2a"
"SRR6118142","stx_A",2,2,"Complete stx","BAKTA",100,2,"stx2a; stx2a"
"SRR6118142","stx_B",2,1,"Collapsed stx","BAKTA",100,2,"stx2a; stx2a"
"SRR6118142","stx_A",2,2,"Complete stx","PPanGGOLiN",0,1,"stx2a; stx2a"
"SRR6118142","stx_B",2,1,"Collapsed stx","PPanGGOLiN",0,1,"stx2a; stx2a"
"SRR6118142","stx_A",2,2,"Complete stx","PPanGGOLiN",10,1,"stx2a; stx2a"
"SRR6118142","stx_B",2,1,"Collapsed stx","PPanGGOLiN",10,1,"stx2a; stx2a"
"SRR6118142","stx_A",2,2,"Complete stx","PPanGGOLiN",50,1,"stx2a; stx2a"
"SRR6118142","stx_B",2,1,"Collapsed stx","PPanGGOLiN",50,1,"stx2a; stx2a"
"SRR6118142","stx_A",2,2,"Complete stx","PPanGGOLiN",90,1,"stx2a; stx2a"
"SRR6118142","stx_B",2,1,"Collapsed stx","PPanGGOLiN",90,1,"stx2a; stx2a"
"SRR6118142","stx_A",2,2,"Complete stx","PPanGGOLiN",100,1,"stx2a; stx2a"
"SRR6118142","stx_B",2,1,"Collapsed stx","PPanGGOLiN",100,1,"stx2a; stx2a"
"SRR6118142","stx_A",2,2,"Complete stx","Panaroo",0,1,"stx2a; stx2a"
"SRR6118142","stx_B",2,1,"Collapsed stx","Panaroo",0,1,"stx2a; stx2a"
"SRR6118142","stx_A",2,2,"Complete stx","Panaroo",10,1,"stx2a; stx2a"
"SRR6118142","stx_B",2,1,"Collapsed stx","Panaroo",10,1,"stx2a; stx2a"
"SRR6118142","stx_A",2,2,"Complete stx","Panaroo",50,1,"stx2a; stx2a"
"SRR6118142","stx_B",2,1,"Collapsed stx","Panaroo",50,1,"stx2a; stx2a"
"SRR6118142","stx_A",2,2,"Complete stx","Panaroo",90,1,"stx2a; stx2a"
"SRR6118142","stx_B",2,1,"Collapsed stx","Panaroo",90,1,"stx2a; stx2a"
"SRR6118142","stx_A",2,2,"Complete stx","Panaroo",100,1,"stx2a; stx2a"
"SRR6118142","stx_B",2,1,"Collapsed stx","Panaroo",100,1,"stx2a; stx2a"
"SRR6118142","stx_A",2,2,"Complete stx","Roary",0,1,"stx2a; stx2a"
"SRR6118142","stx_B",2,1,"Collapsed stx","Roary",0,1,"stx2a; stx2a"
"SRR6118142","stx_A",2,2,"Complete stx","Roary",10,1,"stx2a; stx2a"
"SRR6118142","stx_B",2,1,"Collapsed stx","Roary",10,1,"stx2a; stx2a"
"SRR6118142","stx_A",2,2,"Complete stx","Roary",50,2,"stx2a; stx2a"
"SRR6118142","stx_B",2,1,"Collapsed stx","Roary",50,1,"stx2a; stx2a"
"SRR6118142","stx_A",2,2,"Complete stx","Roary",90,2,"stx2a; stx2a"
"SRR6118142","stx_B",2,1,"Collapsed stx","Roary",90,1,"stx2a; stx2a"
"SRR6118142","stx_A",2,2,"Complete stx","Roary",100,2,"stx2a; stx2a"
"SRR6118142","stx_B",2,1,"Collapsed stx","Roary",100,1,"stx2a; stx2a"
"SRR6118142","stx_A",2,2,"Complete stx","ggCaller",0,1,"stx2a; stx2a"
"SRR6118142","stx_B",2,1,"Collapsed stx","ggCaller",0,1,"stx2a; stx2a"
"SRR6118142","stx_A",2,2,"Complete stx","ggCaller",10,1,"stx2a; stx2a"
"SRR6118142","stx_B",2,1,"Collapsed stx","ggCaller",10,1,"stx2a; stx2a"
"SRR6118142","stx_A",2,2,"Complete stx","ggCaller",50,3,"stx2a; stx2a"
"SRR6118142","stx_B",2,1,"Collapsed stx","ggCaller",50,2,"stx2a; stx2a"
"SRR6118142","stx_A",2,2,"Complete stx","ggCaller",90,3,"stx2a; stx2a"
"SRR6118142","stx_B",2,1,"Collapsed stx","ggCaller",90,2,"stx2a; stx2a"
"SRR6118142","stx_A",2,2,"Complete stx","ggCaller",100,3,"stx2a; stx2a"
"SRR6118142","stx_B",2,1,"Collapsed stx","ggCaller",100,2,"stx2a; stx2a"
"SRR6373397","stx_A",2,6,"Fragmented stx","BAKTA",0,0,"stx2a; stx2c"
"SRR6373397","stx_B",2,4,"Fragmented stx","BAKTA",0,0,"stx2a; stx2c"
"SRR6373397","stx_A",2,6,"Fragmented stx","BAKTA",100,2,"stx2a; stx2c"
"SRR6373397","stx_B",2,4,"Fragmented stx","BAKTA",100,2,"stx2a; stx2c"
"SRR6373397","stx_A",2,6,"Fragmented stx","PPanGGOLiN",0,0,"stx2a; stx2c"
"SRR6373397","stx_B",2,4,"Fragmented stx","PPanGGOLiN",0,0,"stx2a; stx2c"
"SRR6373397","stx_A",2,6,"Fragmented stx","PPanGGOLiN",10,0,"stx2a; stx2c"
"SRR6373397","stx_B",2,4,"Fragmented stx","PPanGGOLiN",10,0,"stx2a; stx2c"
"SRR6373397","stx_A",2,6,"Fragmented stx","PPanGGOLiN",50,1,"stx2a; stx2c"
"SRR6373397","stx_B",2,4,"Fragmented stx","PPanGGOLiN",50,1,"stx2a; stx2c"
"SRR6373397","stx_A",2,6,"Fragmented stx","PPanGGOLiN",90,1,"stx2a; stx2c"
"SRR6373397","stx_B",2,4,"Fragmented stx","PPanGGOLiN",90,1,"stx2a; stx2c"
"SRR6373397","stx_A",2,6,"Fragmented stx","PPanGGOLiN",100,1,"stx2a; stx2c"
"SRR6373397","stx_B",2,4,"Fragmented stx","PPanGGOLiN",100,1,"stx2a; stx2c"
"SRR6373397","stx_A",2,6,"Fragmented stx","Panaroo",0,0,"stx2a; stx2c"
"SRR6373397","stx_B",2,4,"Fragmented stx","Panaroo",0,0,"stx2a; stx2c"
"SRR6373397","stx_A",2,6,"Fragmented stx","Panaroo",10,0,"stx2a; stx2c"
"SRR6373397","stx_B",2,4,"Fragmented stx","Panaroo",10,0,"stx2a; stx2c"
"SRR6373397","stx_A",2,6,"Fragmented stx","Panaroo",50,1,"stx2a; stx2c"
"SRR6373397","stx_B",2,4,"Fragmented stx","Panaroo",50,2,"stx2a; stx2c"
"SRR6373397","stx_A",2,6,"Fragmented stx","Panaroo",90,1,"stx2a; stx2c"
"SRR6373397","stx_B",2,4,"Fragmented stx","Panaroo",90,2,"stx2a; stx2c"
"SRR6373397","stx_A",2,6,"Fragmented stx","Panaroo",100,1,"stx2a; stx2c"
"SRR6373397","stx_B",2,4,"Fragmented stx","Panaroo",100,2,"stx2a; stx2c"
"SRR6373397","stx_A",2,6,"Fragmented stx","Roary",0,0,"stx2a; stx2c"
"SRR6373397","stx_B",2,4,"Fragmented stx","Roary",0,0,"stx2a; stx2c"
"SRR6373397","stx_A",2,6,"Fragmented stx","Roary",10,0,"stx2a; stx2c"
"SRR6373397","stx_B",2,4,"Fragmented stx","Roary",10,0,"stx2a; stx2c"
"SRR6373397","stx_A",2,6,"Fragmented stx","Roary",50,2,"stx2a; stx2c"
"SRR6373397","stx_B",2,4,"Fragmented stx","Roary",50,1,"stx2a; stx2c"
"SRR6373397","stx_A",2,6,"Fragmented stx","Roary",90,2,"stx2a; stx2c"
"SRR6373397","stx_B",2,4,"Fragmented stx","Roary",90,1,"stx2a; stx2c"
"SRR6373397","stx_A",2,6,"Fragmented stx","Roary",100,2,"stx2a; stx2c"
"SRR6373397","stx_B",2,4,"Fragmented stx","Roary",100,1,"stx2a; stx2c"
"SRR6373397","stx_A",2,6,"Fragmented stx","ggCaller",0,0,"stx2a; stx2c"
"SRR6373397","stx_B",2,4,"Fragmented stx","ggCaller",0,0,"stx2a; stx2c"
"SRR6373397","stx_A",2,6,"Fragmented stx","ggCaller",10,0,"stx2a; stx2c"
"SRR6373397","stx_B",2,4,"Fragmented stx","ggCaller",10,0,"stx2a; stx2c"
"SRR6373397","stx_A",2,6,"Fragmented stx","ggCaller",50,3,"stx2a; stx2c"
"SRR6373397","stx_B",2,4,"Fragmented stx","ggCaller",50,2,"stx2a; stx2c"
"SRR6373397","stx_A",2,6,"Fragmented stx","ggCaller",90,3,"stx2a; stx2c"
"SRR6373397","stx_B",2,4,"Fragmented stx","ggCaller",90,2,"stx2a; stx2c"
"SRR6373397","stx_A",2,6,"Fragmented stx","ggCaller",100,3,"stx2a; stx2c"
"SRR6373397","stx_B",2,4,"Fragmented stx","ggCaller",100,2,"stx2a; stx2c"
"SRR6929601","stx_A",1,1,"Complete stx","BAKTA",0,1,"stx2c"
"SRR6929601","stx_B",1,1,"Complete stx","BAKTA",0,1,"stx2c"
"SRR6929601","stx_A",1,1,"Complete stx","BAKTA",100,1,"stx2c"
"SRR6929601","stx_B",1,1,"Complete stx","BAKTA",100,1,"stx2c"
"SRR6929601","stx_A",1,1,"Complete stx","PPanGGOLiN",0,1,"stx2c"
"SRR6929601","stx_B",1,1,"Complete stx","PPanGGOLiN",0,1,"stx2c"
"SRR6929601","stx_A",1,1,"Complete stx","PPanGGOLiN",10,1,"stx2c"
"SRR6929601","stx_B",1,1,"Complete stx","PPanGGOLiN",10,1,"stx2c"
"SRR6929601","stx_A",1,1,"Complete stx","PPanGGOLiN",50,1,"stx2c"
"SRR6929601","stx_B",1,1,"Complete stx","PPanGGOLiN",50,1,"stx2c"
"SRR6929601","stx_A",1,1,"Complete stx","PPanGGOLiN",90,1,"stx2c"
"SRR6929601","stx_B",1,1,"Complete stx","PPanGGOLiN",90,1,"stx2c"
"SRR6929601","stx_A",1,1,"Complete stx","PPanGGOLiN",100,1,"stx2c"
"SRR6929601","stx_B",1,1,"Complete stx","PPanGGOLiN",100,1,"stx2c"
"SRR6929601","stx_A",1,1,"Complete stx","Panaroo",0,1,"stx2c"
"SRR6929601","stx_B",1,1,"Complete stx","Panaroo",0,1,"stx2c"
"SRR6929601","stx_A",1,1,"Complete stx","Panaroo",10,1,"stx2c"
"SRR6929601","stx_B",1,1,"Complete stx","Panaroo",10,1,"stx2c"
"SRR6929601","stx_A",1,1,"Complete stx","Panaroo",50,1,"stx2c"
"SRR6929601","stx_B",1,1,"Complete stx","Panaroo",50,1,"stx2c"
"SRR6929601","stx_A",1,1,"Complete stx","Panaroo",90,1,"stx2c"
"SRR6929601","stx_B",1,1,"Complete stx","Panaroo",90,1,"stx2c"
"SRR6929601","stx_A",1,1,"Complete stx","Panaroo",100,1,"stx2c"
"SRR6929601","stx_B",1,1,"Complete stx","Panaroo",100,1,"stx2c"
"SRR6929601","stx_A",1,1,"Complete stx","Roary",0,1,"stx2c"
"SRR6929601","stx_B",1,1,"Complete stx","Roary",0,1,"stx2c"
"SRR6929601","stx_A",1,1,"Complete stx","Roary",10,1,"stx2c"
"SRR6929601","stx_B",1,1,"Complete stx","Roary",10,1,"stx2c"
"SRR6929601","stx_A",1,1,"Complete stx","Roary",50,1,"stx2c"
"SRR6929601","stx_B",1,1,"Complete stx","Roary",50,1,"stx2c"
"SRR6929601","stx_A",1,1,"Complete stx","Roary",90,1,"stx2c"
"SRR6929601","stx_B",1,1,"Complete stx","Roary",90,1,"stx2c"
"SRR6929601","stx_A",1,1,"Complete stx","Roary",100,1,"stx2c"
"SRR6929601","stx_B",1,1,"Complete stx","Roary",100,1,"stx2c"
"SRR6929601","stx_A",1,1,"Complete stx","ggCaller",0,2,"stx2c"
"SRR6929601","stx_B",1,1,"Complete stx","ggCaller",0,1,"stx2c"
"SRR6929601","stx_A",1,1,"Complete stx","ggCaller",10,2,"stx2c"
"SRR6929601","stx_B",1,1,"Complete stx","ggCaller",10,1,"stx2c"
"SRR6929601","stx_A",1,1,"Complete stx","ggCaller",50,3,"stx2c"
"SRR6929601","stx_B",1,1,"Complete stx","ggCaller",50,1,"stx2c"
"SRR6929601","stx_A",1,1,"Complete stx","ggCaller",90,3,"stx2c"
"SRR6929601","stx_B",1,1,"Complete stx","ggCaller",90,1,"stx2c"
"SRR6929601","stx_A",1,1,"Complete stx","ggCaller",100,3,"stx2c"
"SRR6929601","stx_B",1,1,"Complete stx","ggCaller",100,1,"stx2c"
"SRR6929602","stx_A",1,1,"Complete stx","BAKTA",0,1,"stx2c"
"SRR6929602","stx_B",1,1,"Complete stx","BAKTA",0,1,"stx2c"
"SRR6929602","stx_A",1,1,"Complete stx","BAKTA",100,1,"stx2c"
"SRR6929602","stx_B",1,1,"Complete stx","BAKTA",100,1,"stx2c"
"SRR6929602","stx_A",1,1,"Complete stx","PPanGGOLiN",0,1,"stx2c"
"SRR6929602","stx_B",1,1,"Complete stx","PPanGGOLiN",0,1,"stx2c"
"SRR6929602","stx_A",1,1,"Complete stx","PPanGGOLiN",10,1,"stx2c"
"SRR6929602","stx_B",1,1,"Complete stx","PPanGGOLiN",10,1,"stx2c"
"SRR6929602","stx_A",1,1,"Complete stx","PPanGGOLiN",50,1,"stx2c"
"SRR6929602","stx_B",1,1,"Complete stx","PPanGGOLiN",50,1,"stx2c"
"SRR6929602","stx_A",1,1,"Complete stx","PPanGGOLiN",90,1,"stx2c"
"SRR6929602","stx_B",1,1,"Complete stx","PPanGGOLiN",90,1,"stx2c"
"SRR6929602","stx_A",1,1,"Complete stx","PPanGGOLiN",100,1,"stx2c"
"SRR6929602","stx_B",1,1,"Complete stx","PPanGGOLiN",100,1,"stx2c"
"SRR6929602","stx_A",1,1,"Complete stx","Panaroo",0,1,"stx2c"
"SRR6929602","stx_B",1,1,"Complete stx","Panaroo",0,1,"stx2c"
"SRR6929602","stx_A",1,1,"Complete stx","Panaroo",10,1,"stx2c"
"SRR6929602","stx_B",1,1,"Complete stx","Panaroo",10,1,"stx2c"
"SRR6929602","stx_A",1,1,"Complete stx","Panaroo",50,1,"stx2c"
"SRR6929602","stx_B",1,1,"Complete stx","Panaroo",50,1,"stx2c"
"SRR6929602","stx_A",1,1,"Complete stx","Panaroo",90,1,"stx2c"
"SRR6929602","stx_B",1,1,"Complete stx","Panaroo",90,1,"stx2c"
"SRR6929602","stx_A",1,1,"Complete stx","Panaroo",100,1,"stx2c"
"SRR6929602","stx_B",1,1,"Complete stx","Panaroo",100,1,"stx2c"
"SRR6929602","stx_A",1,1,"Complete stx","Roary",0,1,"stx2c"
"SRR6929602","stx_B",1,1,"Complete stx","Roary",0,1,"stx2c"
"SRR6929602","stx_A",1,1,"Complete stx","Roary",10,1,"stx2c"
"SRR6929602","stx_B",1,1,"Complete stx","Roary",10,1,"stx2c"
"SRR6929602","stx_A",1,1,"Complete stx","Roary",50,1,"stx2c"
"SRR6929602","stx_B",1,1,"Complete stx","Roary",50,1,"stx2c"
"SRR6929602","stx_A",1,1,"Complete stx","Roary",90,1,"stx2c"
"SRR6929602","stx_B",1,1,"Complete stx","Roary",90,1,"stx2c"
"SRR6929602","stx_A",1,1,"Complete stx","Roary",100,1,"stx2c"
"SRR6929602","stx_B",1,1,"Complete stx","Roary",100,1,"stx2c"
"SRR6929602","stx_A",1,1,"Complete stx","ggCaller",0,2,"stx2c"
"SRR6929602","stx_B",1,1,"Complete stx","ggCaller",0,1,"stx2c"
"SRR6929602","stx_A",1,1,"Complete stx","ggCaller",10,2,"stx2c"
"SRR6929602","stx_B",1,1,"Complete stx","ggCaller",10,1,"stx2c"
"SRR6929602","stx_A",1,1,"Complete stx","ggCaller",50,3,"stx2c"
"SRR6929602","stx_B",1,1,"Complete stx","ggCaller",50,1,"stx2c"
"SRR6929602","stx_A",1,1,"Complete stx","ggCaller",90,3,"stx2c"
"SRR6929602","stx_B",1,1,"Complete stx","ggCaller",90,1,"stx2c"
"SRR6929602","stx_A",1,1,"Complete stx","ggCaller",100,3,"stx2c"
"SRR6929602","stx_B",1,1,"Complete stx","ggCaller",100,1,"stx2c"
"SRR6929603","stx_A",1,1,"Complete stx","BAKTA",0,1,"stx1a"
"SRR6929603","stx_B",1,1,"Complete stx","BAKTA",0,1,"stx1a"
"SRR6929603","stx_A",1,1,"Complete stx","BAKTA",100,1,"stx1a"
"SRR6929603","stx_B",1,1,"Complete stx","BAKTA",100,1,"stx1a"
"SRR6929603","stx_A",1,1,"Complete stx","PPanGGOLiN",0,1,"stx1a"
"SRR6929603","stx_B",1,1,"Complete stx","PPanGGOLiN",0,1,"stx1a"
"SRR6929603","stx_A",1,1,"Complete stx","PPanGGOLiN",10,1,"stx1a"
"SRR6929603","stx_B",1,1,"Complete stx","PPanGGOLiN",10,1,"stx1a"
"SRR6929603","stx_A",1,1,"Complete stx","PPanGGOLiN",50,1,"stx1a"
"SRR6929603","stx_B",1,1,"Complete stx","PPanGGOLiN",50,1,"stx1a"
"SRR6929603","stx_A",1,1,"Complete stx","PPanGGOLiN",90,1,"stx1a"
"SRR6929603","stx_B",1,1,"Complete stx","PPanGGOLiN",90,1,"stx1a"
"SRR6929603","stx_A",1,1,"Complete stx","PPanGGOLiN",100,1,"stx1a"
"SRR6929603","stx_B",1,1,"Complete stx","PPanGGOLiN",100,1,"stx1a"
"SRR6929603","stx_A",1,1,"Complete stx","Panaroo",0,1,"stx1a"
"SRR6929603","stx_B",1,1,"Complete stx","Panaroo",0,1,"stx1a"
"SRR6929603","stx_A",1,1,"Complete stx","Panaroo",10,1,"stx1a"
"SRR6929603","stx_B",1,1,"Complete stx","Panaroo",10,1,"stx1a"
"SRR6929603","stx_A",1,1,"Complete stx","Panaroo",50,1,"stx1a"
"SRR6929603","stx_B",1,1,"Complete stx","Panaroo",50,1,"stx1a"
"SRR6929603","stx_A",1,1,"Complete stx","Panaroo",90,1,"stx1a"
"SRR6929603","stx_B",1,1,"Complete stx","Panaroo",90,1,"stx1a"
"SRR6929603","stx_A",1,1,"Complete stx","Panaroo",100,1,"stx1a"
"SRR6929603","stx_B",1,1,"Complete stx","Panaroo",100,1,"stx1a"
"SRR6929603","stx_A",1,1,"Complete stx","Roary",0,1,"stx1a"
"SRR6929603","stx_B",1,1,"Complete stx","Roary",0,1,"stx1a"
"SRR6929603","stx_A",1,1,"Complete stx","Roary",10,1,"stx1a"
"SRR6929603","stx_B",1,1,"Complete stx","Roary",10,1,"stx1a"
"SRR6929603","stx_A",1,1,"Complete stx","Roary",50,1,"stx1a"
"SRR6929603","stx_B",1,1,"Complete stx","Roary",50,1,"stx1a"
"SRR6929603","stx_A",1,1,"Complete stx","Roary",90,1,"stx1a"
"SRR6929603","stx_B",1,1,"Complete stx","Roary",90,1,"stx1a"
"SRR6929603","stx_A",1,1,"Complete stx","Roary",100,1,"stx1a"
"SRR6929603","stx_B",1,1,"Complete stx","Roary",100,1,"stx1a"
"SRR6929603","stx_A",1,1,"Complete stx","ggCaller",0,1,"stx1a"
"SRR6929603","stx_B",1,1,"Complete stx","ggCaller",0,1,"stx1a"
"SRR6929603","stx_A",1,1,"Complete stx","ggCaller",10,1,"stx1a"
"SRR6929603","stx_B",1,1,"Complete stx","ggCaller",10,1,"stx1a"
"SRR6929603","stx_A",1,1,"Complete stx","ggCaller",50,1,"stx1a"
"SRR6929603","stx_B",1,1,"Complete stx","ggCaller",50,1,"stx1a"
"SRR6929603","stx_A",1,1,"Complete stx","ggCaller",90,1,"stx1a"
"SRR6929603","stx_B",1,1,"Complete stx","ggCaller",90,1,"stx1a"
"SRR6929603","stx_A",1,1,"Complete stx","ggCaller",100,1,"stx1a"
"SRR6929603","stx_B",1,1,"Complete stx","ggCaller",100,1,"stx1a"
"SRR6929604","stx_A",1,1,"Complete stx","BAKTA",0,1,"stx1a"
"SRR6929604","stx_B",1,1,"Complete stx","BAKTA",0,1,"stx1a"
"SRR6929604","stx_A",1,1,"Complete stx","BAKTA",100,1,"stx1a"
"SRR6929604","stx_B",1,1,"Complete stx","BAKTA",100,1,"stx1a"
"SRR6929604","stx_A",1,1,"Complete stx","PPanGGOLiN",0,1,"stx1a"
"SRR6929604","stx_B",1,1,"Complete stx","PPanGGOLiN",0,1,"stx1a"
"SRR6929604","stx_A",1,1,"Complete stx","PPanGGOLiN",10,1,"stx1a"
"SRR6929604","stx_B",1,1,"Complete stx","PPanGGOLiN",10,1,"stx1a"
"SRR6929604","stx_A",1,1,"Complete stx","PPanGGOLiN",50,1,"stx1a"
"SRR6929604","stx_B",1,1,"Complete stx","PPanGGOLiN",50,1,"stx1a"
"SRR6929604","stx_A",1,1,"Complete stx","PPanGGOLiN",90,1,"stx1a"
"SRR6929604","stx_B",1,1,"Complete stx","PPanGGOLiN",90,1,"stx1a"
"SRR6929604","stx_A",1,1,"Complete stx","PPanGGOLiN",100,1,"stx1a"
"SRR6929604","stx_B",1,1,"Complete stx","PPanGGOLiN",100,1,"stx1a"
"SRR6929604","stx_A",1,1,"Complete stx","Panaroo",0,1,"stx1a"
"SRR6929604","stx_B",1,1,"Complete stx","Panaroo",0,1,"stx1a"
"SRR6929604","stx_A",1,1,"Complete stx","Panaroo",10,1,"stx1a"
"SRR6929604","stx_B",1,1,"Complete stx","Panaroo",10,1,"stx1a"
"SRR6929604","stx_A",1,1,"Complete stx","Panaroo",50,1,"stx1a"
"SRR6929604","stx_B",1,1,"Complete stx","Panaroo",50,1,"stx1a"
"SRR6929604","stx_A",1,1,"Complete stx","Panaroo",90,1,"stx1a"
"SRR6929604","stx_B",1,1,"Complete stx","Panaroo",90,1,"stx1a"
"SRR6929604","stx_A",1,1,"Complete stx","Panaroo",100,1,"stx1a"
"SRR6929604","stx_B",1,1,"Complete stx","Panaroo",100,1,"stx1a"
"SRR6929604","stx_A",1,1,"Complete stx","Roary",0,1,"stx1a"
"SRR6929604","stx_B",1,1,"Complete stx","Roary",0,1,"stx1a"
"SRR6929604","stx_A",1,1,"Complete stx","Roary",10,1,"stx1a"
"SRR6929604","stx_B",1,1,"Complete stx","Roary",10,1,"stx1a"
"SRR6929604","stx_A",1,1,"Complete stx","Roary",50,1,"stx1a"
"SRR6929604","stx_B",1,1,"Complete stx","Roary",50,1,"stx1a"
"SRR6929604","stx_A",1,1,"Complete stx","Roary",90,1,"stx1a"
"SRR6929604","stx_B",1,1,"Complete stx","Roary",90,1,"stx1a"
"SRR6929604","stx_A",1,1,"Complete stx","Roary",100,1,"stx1a"
"SRR6929604","stx_B",1,1,"Complete stx","Roary",100,1,"stx1a"
"SRR6929604","stx_A",1,1,"Complete stx","ggCaller",0,1,"stx1a"
"SRR6929604","stx_B",1,1,"Complete stx","ggCaller",0,1,"stx1a"
"SRR6929604","stx_A",1,1,"Complete stx","ggCaller",10,1,"stx1a"
"SRR6929604","stx_B",1,1,"Complete stx","ggCaller",10,1,"stx1a"
"SRR6929604","stx_A",1,1,"Complete stx","ggCaller",50,1,"stx1a"
"SRR6929604","stx_B",1,1,"Complete stx","ggCaller",50,1,"stx1a"
"SRR6929604","stx_A",1,1,"Complete stx","ggCaller",90,1,"stx1a"
"SRR6929604","stx_B",1,1,"Complete stx","ggCaller",90,1,"stx1a"
"SRR6929604","stx_A",1,1,"Complete stx","ggCaller",100,1,"stx1a"
"SRR6929604","stx_B",1,1,"Complete stx","ggCaller",100,1,"stx1a"
"SRR6929605","stx_A",2,2,"Complete stx","BAKTA",0,2,"stx1a; stx2a"
"SRR6929605","stx_B",2,2,"Complete stx","BAKTA",0,2,"stx1a; stx2a"
"SRR6929605","stx_A",2,2,"Complete stx","BAKTA",100,2,"stx1a; stx2a"
"SRR6929605","stx_B",2,2,"Complete stx","BAKTA",100,2,"stx1a; stx2a"
"SRR6929605","stx_A",2,2,"Complete stx","PPanGGOLiN",0,2,"stx1a; stx2a"
"SRR6929605","stx_B",2,2,"Complete stx","PPanGGOLiN",0,2,"stx1a; stx2a"
"SRR6929605","stx_A",2,2,"Complete stx","PPanGGOLiN",10,2,"stx1a; stx2a"
"SRR6929605","stx_B",2,2,"Complete stx","PPanGGOLiN",10,2,"stx1a; stx2a"
"SRR6929605","stx_A",2,2,"Complete stx","PPanGGOLiN",50,2,"stx1a; stx2a"
"SRR6929605","stx_B",2,2,"Complete stx","PPanGGOLiN",50,2,"stx1a; stx2a"
"SRR6929605","stx_A",2,2,"Complete stx","PPanGGOLiN",90,2,"stx1a; stx2a"
"SRR6929605","stx_B",2,2,"Complete stx","PPanGGOLiN",90,2,"stx1a; stx2a"
"SRR6929605","stx_A",2,2,"Complete stx","PPanGGOLiN",100,2,"stx1a; stx2a"
"SRR6929605","stx_B",2,2,"Complete stx","PPanGGOLiN",100,2,"stx1a; stx2a"
"SRR6929605","stx_A",2,2,"Complete stx","Panaroo",0,2,"stx1a; stx2a"
"SRR6929605","stx_B",2,2,"Complete stx","Panaroo",0,2,"stx1a; stx2a"
"SRR6929605","stx_A",2,2,"Complete stx","Panaroo",10,2,"stx1a; stx2a"
"SRR6929605","stx_B",2,2,"Complete stx","Panaroo",10,2,"stx1a; stx2a"
"SRR6929605","stx_A",2,2,"Complete stx","Panaroo",50,2,"stx1a; stx2a"
"SRR6929605","stx_B",2,2,"Complete stx","Panaroo",50,2,"stx1a; stx2a"
"SRR6929605","stx_A",2,2,"Complete stx","Panaroo",90,2,"stx1a; stx2a"
"SRR6929605","stx_B",2,2,"Complete stx","Panaroo",90,2,"stx1a; stx2a"
"SRR6929605","stx_A",2,2,"Complete stx","Panaroo",100,2,"stx1a; stx2a"
"SRR6929605","stx_B",2,2,"Complete stx","Panaroo",100,2,"stx1a; stx2a"
"SRR6929605","stx_A",2,2,"Complete stx","Roary",0,1,"stx1a; stx2a"
"SRR6929605","stx_B",2,2,"Complete stx","Roary",0,1,"stx1a; stx2a"
"SRR6929605","stx_A",2,2,"Complete stx","Roary",10,1,"stx1a; stx2a"
"SRR6929605","stx_B",2,2,"Complete stx","Roary",10,1,"stx1a; stx2a"
"SRR6929605","stx_A",2,2,"Complete stx","Roary",50,1,"stx1a; stx2a"
"SRR6929605","stx_B",2,2,"Complete stx","Roary",50,1,"stx1a; stx2a"
"SRR6929605","stx_A",2,2,"Complete stx","Roary",90,1,"stx1a; stx2a"
"SRR6929605","stx_B",2,2,"Complete stx","Roary",90,1,"stx1a; stx2a"
"SRR6929605","stx_A",2,2,"Complete stx","Roary",100,1,"stx1a; stx2a"
"SRR6929605","stx_B",2,2,"Complete stx","Roary",100,1,"stx1a; stx2a"
"SRR6929605","stx_A",2,2,"Complete stx","ggCaller",0,2,"stx1a; stx2a"
"SRR6929605","stx_B",2,2,"Complete stx","ggCaller",0,2,"stx1a; stx2a"
"SRR6929605","stx_A",2,2,"Complete stx","ggCaller",10,2,"stx1a; stx2a"
"SRR6929605","stx_B",2,2,"Complete stx","ggCaller",10,2,"stx1a; stx2a"
"SRR6929605","stx_A",2,2,"Complete stx","ggCaller",50,4,"stx1a; stx2a"
"SRR6929605","stx_B",2,2,"Complete stx","ggCaller",50,2,"stx1a; stx2a"
"SRR6929605","stx_A",2,2,"Complete stx","ggCaller",90,4,"stx1a; stx2a"
"SRR6929605","stx_B",2,2,"Complete stx","ggCaller",90,2,"stx1a; stx2a"
"SRR6929605","stx_A",2,2,"Complete stx","ggCaller",100,4,"stx1a; stx2a"
"SRR6929605","stx_B",2,2,"Complete stx","ggCaller",100,2,"stx1a; stx2a"
"SRR6929606","stx_A",2,2,"Complete stx","BAKTA",0,2,"stx1a; stx2a"
"SRR6929606","stx_B",2,2,"Complete stx","BAKTA",0,2,"stx1a; stx2a"
"SRR6929606","stx_A",2,2,"Complete stx","BAKTA",100,2,"stx1a; stx2a"
"SRR6929606","stx_B",2,2,"Complete stx","BAKTA",100,2,"stx1a; stx2a"
"SRR6929606","stx_A",2,2,"Complete stx","PPanGGOLiN",0,2,"stx1a; stx2a"
"SRR6929606","stx_B",2,2,"Complete stx","PPanGGOLiN",0,2,"stx1a; stx2a"
"SRR6929606","stx_A",2,2,"Complete stx","PPanGGOLiN",10,2,"stx1a; stx2a"
"SRR6929606","stx_B",2,2,"Complete stx","PPanGGOLiN",10,2,"stx1a; stx2a"
"SRR6929606","stx_A",2,2,"Complete stx","PPanGGOLiN",50,2,"stx1a; stx2a"
"SRR6929606","stx_B",2,2,"Complete stx","PPanGGOLiN",50,2,"stx1a; stx2a"
"SRR6929606","stx_A",2,2,"Complete stx","PPanGGOLiN",90,2,"stx1a; stx2a"
"SRR6929606","stx_B",2,2,"Complete stx","PPanGGOLiN",90,2,"stx1a; stx2a"
"SRR6929606","stx_A",2,2,"Complete stx","PPanGGOLiN",100,2,"stx1a; stx2a"
"SRR6929606","stx_B",2,2,"Complete stx","PPanGGOLiN",100,2,"stx1a; stx2a"
"SRR6929606","stx_A",2,2,"Complete stx","Panaroo",0,2,"stx1a; stx2a"
"SRR6929606","stx_B",2,2,"Complete stx","Panaroo",0,2,"stx1a; stx2a"
"SRR6929606","stx_A",2,2,"Complete stx","Panaroo",10,2,"stx1a; stx2a"
"SRR6929606","stx_B",2,2,"Complete stx","Panaroo",10,2,"stx1a; stx2a"
"SRR6929606","stx_A",2,2,"Complete stx","Panaroo",50,2,"stx1a; stx2a"
"SRR6929606","stx_B",2,2,"Complete stx","Panaroo",50,2,"stx1a; stx2a"
"SRR6929606","stx_A",2,2,"Complete stx","Panaroo",90,2,"stx1a; stx2a"
"SRR6929606","stx_B",2,2,"Complete stx","Panaroo",90,2,"stx1a; stx2a"
"SRR6929606","stx_A",2,2,"Complete stx","Panaroo",100,2,"stx1a; stx2a"
"SRR6929606","stx_B",2,2,"Complete stx","Panaroo",100,2,"stx1a; stx2a"
"SRR6929606","stx_A",2,2,"Complete stx","Roary",0,1,"stx1a; stx2a"
"SRR6929606","stx_B",2,2,"Complete stx","Roary",0,1,"stx1a; stx2a"
"SRR6929606","stx_A",2,2,"Complete stx","Roary",10,1,"stx1a; stx2a"
"SRR6929606","stx_B",2,2,"Complete stx","Roary",10,1,"stx1a; stx2a"
"SRR6929606","stx_A",2,2,"Complete stx","Roary",50,1,"stx1a; stx2a"
"SRR6929606","stx_B",2,2,"Complete stx","Roary",50,1,"stx1a; stx2a"
"SRR6929606","stx_A",2,2,"Complete stx","Roary",90,1,"stx1a; stx2a"
"SRR6929606","stx_B",2,2,"Complete stx","Roary",90,1,"stx1a; stx2a"
"SRR6929606","stx_A",2,2,"Complete stx","Roary",100,1,"stx1a; stx2a"
"SRR6929606","stx_B",2,2,"Complete stx","Roary",100,1,"stx1a; stx2a"
"SRR6929606","stx_A",2,2,"Complete stx","ggCaller",0,2,"stx1a; stx2a"
"SRR6929606","stx_B",2,2,"Complete stx","ggCaller",0,2,"stx1a; stx2a"
"SRR6929606","stx_A",2,2,"Complete stx","ggCaller",10,2,"stx1a; stx2a"
"SRR6929606","stx_B",2,2,"Complete stx","ggCaller",10,2,"stx1a; stx2a"
"SRR6929606","stx_A",2,2,"Complete stx","ggCaller",50,4,"stx1a; stx2a"
"SRR6929606","stx_B",2,2,"Complete stx","ggCaller",50,2,"stx1a; stx2a"
"SRR6929606","stx_A",2,2,"Complete stx","ggCaller",90,4,"stx1a; stx2a"
"SRR6929606","stx_B",2,2,"Complete stx","ggCaller",90,2,"stx1a; stx2a"
"SRR6929606","stx_A",2,2,"Complete stx","ggCaller",100,4,"stx1a; stx2a"
"SRR6929606","stx_B",2,2,"Complete stx","ggCaller",100,2,"stx1a; stx2a"
"SRR6929607","stx_A",2,2,"Complete stx","BAKTA",0,2,"stx1a; stx2a"
"SRR6929607","stx_B",2,2,"Complete stx","BAKTA",0,2,"stx1a; stx2a"
"SRR6929607","stx_A",2,2,"Complete stx","BAKTA",100,2,"stx1a; stx2a"
"SRR6929607","stx_B",2,2,"Complete stx","BAKTA",100,2,"stx1a; stx2a"
"SRR6929607","stx_A",2,2,"Complete stx","PPanGGOLiN",0,2,"stx1a; stx2a"
"SRR6929607","stx_B",2,2,"Complete stx","PPanGGOLiN",0,2,"stx1a; stx2a"
"SRR6929607","stx_A",2,2,"Complete stx","PPanGGOLiN",10,2,"stx1a; stx2a"
"SRR6929607","stx_B",2,2,"Complete stx","PPanGGOLiN",10,2,"stx1a; stx2a"
"SRR6929607","stx_A",2,2,"Complete stx","PPanGGOLiN",50,2,"stx1a; stx2a"
"SRR6929607","stx_B",2,2,"Complete stx","PPanGGOLiN",50,2,"stx1a; stx2a"
"SRR6929607","stx_A",2,2,"Complete stx","PPanGGOLiN",90,2,"stx1a; stx2a"
"SRR6929607","stx_B",2,2,"Complete stx","PPanGGOLiN",90,2,"stx1a; stx2a"
"SRR6929607","stx_A",2,2,"Complete stx","PPanGGOLiN",100,2,"stx1a; stx2a"
"SRR6929607","stx_B",2,2,"Complete stx","PPanGGOLiN",100,2,"stx1a; stx2a"
"SRR6929607","stx_A",2,2,"Complete stx","Panaroo",0,2,"stx1a; stx2a"
"SRR6929607","stx_B",2,2,"Complete stx","Panaroo",0,2,"stx1a; stx2a"
"SRR6929607","stx_A",2,2,"Complete stx","Panaroo",10,2,"stx1a; stx2a"
"SRR6929607","stx_B",2,2,"Complete stx","Panaroo",10,2,"stx1a; stx2a"
"SRR6929607","stx_A",2,2,"Complete stx","Panaroo",50,2,"stx1a; stx2a"
"SRR6929607","stx_B",2,2,"Complete stx","Panaroo",50,2,"stx1a; stx2a"
"SRR6929607","stx_A",2,2,"Complete stx","Panaroo",90,2,"stx1a; stx2a"
"SRR6929607","stx_B",2,2,"Complete stx","Panaroo",90,2,"stx1a; stx2a"
"SRR6929607","stx_A",2,2,"Complete stx","Panaroo",100,2,"stx1a; stx2a"
"SRR6929607","stx_B",2,2,"Complete stx","Panaroo",100,2,"stx1a; stx2a"
"SRR6929607","stx_A",2,2,"Complete stx","Roary",0,1,"stx1a; stx2a"
"SRR6929607","stx_B",2,2,"Complete stx","Roary",0,1,"stx1a; stx2a"
"SRR6929607","stx_A",2,2,"Complete stx","Roary",10,1,"stx1a; stx2a"
"SRR6929607","stx_B",2,2,"Complete stx","Roary",10,1,"stx1a; stx2a"
"SRR6929607","stx_A",2,2,"Complete stx","Roary",50,1,"stx1a; stx2a"
"SRR6929607","stx_B",2,2,"Complete stx","Roary",50,1,"stx1a; stx2a"
"SRR6929607","stx_A",2,2,"Complete stx","Roary",90,1,"stx1a; stx2a"
"SRR6929607","stx_B",2,2,"Complete stx","Roary",90,1,"stx1a; stx2a"
"SRR6929607","stx_A",2,2,"Complete stx","Roary",100,1,"stx1a; stx2a"
"SRR6929607","stx_B",2,2,"Complete stx","Roary",100,1,"stx1a; stx2a"
"SRR6929607","stx_A",2,2,"Complete stx","ggCaller",0,2,"stx1a; stx2a"
"SRR6929607","stx_B",2,2,"Complete stx","ggCaller",0,2,"stx1a; stx2a"
"SRR6929607","stx_A",2,2,"Complete stx","ggCaller",10,2,"stx1a; stx2a"
"SRR6929607","stx_B",2,2,"Complete stx","ggCaller",10,2,"stx1a; stx2a"
"SRR6929607","stx_A",2,2,"Complete stx","ggCaller",50,4,"stx1a; stx2a"
"SRR6929607","stx_B",2,2,"Complete stx","ggCaller",50,2,"stx1a; stx2a"
"SRR6929607","stx_A",2,2,"Complete stx","ggCaller",90,4,"stx1a; stx2a"
"SRR6929607","stx_B",2,2,"Complete stx","ggCaller",90,2,"stx1a; stx2a"
"SRR6929607","stx_A",2,2,"Complete stx","ggCaller",100,4,"stx1a; stx2a"
"SRR6929607","stx_B",2,2,"Complete stx","ggCaller",100,2,"stx1a; stx2a"
"SRR6929608","stx_A",2,2,"Complete stx","BAKTA",0,2,"stx1a; stx2a"
"SRR6929608","stx_B",2,2,"Complete stx","BAKTA",0,2,"stx1a; stx2a"
"SRR6929608","stx_A",2,2,"Complete stx","BAKTA",100,2,"stx1a; stx2a"
"SRR6929608","stx_B",2,2,"Complete stx","BAKTA",100,2,"stx1a; stx2a"
"SRR6929608","stx_A",2,2,"Complete stx","PPanGGOLiN",0,2,"stx1a; stx2a"
"SRR6929608","stx_B",2,2,"Complete stx","PPanGGOLiN",0,2,"stx1a; stx2a"
"SRR6929608","stx_A",2,2,"Complete stx","PPanGGOLiN",10,2,"stx1a; stx2a"
"SRR6929608","stx_B",2,2,"Complete stx","PPanGGOLiN",10,2,"stx1a; stx2a"
"SRR6929608","stx_A",2,2,"Complete stx","PPanGGOLiN",50,2,"stx1a; stx2a"
"SRR6929608","stx_B",2,2,"Complete stx","PPanGGOLiN",50,2,"stx1a; stx2a"
"SRR6929608","stx_A",2,2,"Complete stx","PPanGGOLiN",90,2,"stx1a; stx2a"
"SRR6929608","stx_B",2,2,"Complete stx","PPanGGOLiN",90,2,"stx1a; stx2a"
"SRR6929608","stx_A",2,2,"Complete stx","PPanGGOLiN",100,2,"stx1a; stx2a"
"SRR6929608","stx_B",2,2,"Complete stx","PPanGGOLiN",100,2,"stx1a; stx2a"
"SRR6929608","stx_A",2,2,"Complete stx","Panaroo",0,2,"stx1a; stx2a"
"SRR6929608","stx_B",2,2,"Complete stx","Panaroo",0,2,"stx1a; stx2a"
"SRR6929608","stx_A",2,2,"Complete stx","Panaroo",10,2,"stx1a; stx2a"
"SRR6929608","stx_B",2,2,"Complete stx","Panaroo",10,2,"stx1a; stx2a"
"SRR6929608","stx_A",2,2,"Complete stx","Panaroo",50,2,"stx1a; stx2a"
"SRR6929608","stx_B",2,2,"Complete stx","Panaroo",50,2,"stx1a; stx2a"
"SRR6929608","stx_A",2,2,"Complete stx","Panaroo",90,2,"stx1a; stx2a"
"SRR6929608","stx_B",2,2,"Complete stx","Panaroo",90,2,"stx1a; stx2a"
"SRR6929608","stx_A",2,2,"Complete stx","Panaroo",100,2,"stx1a; stx2a"
"SRR6929608","stx_B",2,2,"Complete stx","Panaroo",100,2,"stx1a; stx2a"
"SRR6929608","stx_A",2,2,"Complete stx","Roary",0,1,"stx1a; stx2a"
"SRR6929608","stx_B",2,2,"Complete stx","Roary",0,1,"stx1a; stx2a"
"SRR6929608","stx_A",2,2,"Complete stx","Roary",10,1,"stx1a; stx2a"
"SRR6929608","stx_B",2,2,"Complete stx","Roary",10,1,"stx1a; stx2a"
"SRR6929608","stx_A",2,2,"Complete stx","Roary",50,1,"stx1a; stx2a"
"SRR6929608","stx_B",2,2,"Complete stx","Roary",50,1,"stx1a; stx2a"
"SRR6929608","stx_A",2,2,"Complete stx","Roary",90,1,"stx1a; stx2a"
"SRR6929608","stx_B",2,2,"Complete stx","Roary",90,1,"stx1a; stx2a"
"SRR6929608","stx_A",2,2,"Complete stx","Roary",100,1,"stx1a; stx2a"
"SRR6929608","stx_B",2,2,"Complete stx","Roary",100,1,"stx1a; stx2a"
"SRR6929608","stx_A",2,2,"Complete stx","ggCaller",0,2,"stx1a; stx2a"
"SRR6929608","stx_B",2,2,"Complete stx","ggCaller",0,2,"stx1a; stx2a"
"SRR6929608","stx_A",2,2,"Complete stx","ggCaller",10,2,"stx1a; stx2a"
"SRR6929608","stx_B",2,2,"Complete stx","ggCaller",10,2,"stx1a; stx2a"
"SRR6929608","stx_A",2,2,"Complete stx","ggCaller",50,4,"stx1a; stx2a"
"SRR6929608","stx_B",2,2,"Complete stx","ggCaller",50,2,"stx1a; stx2a"
"SRR6929608","stx_A",2,2,"Complete stx","ggCaller",90,4,"stx1a; stx2a"
"SRR6929608","stx_B",2,2,"Complete stx","ggCaller",90,2,"stx1a; stx2a"
"SRR6929608","stx_A",2,2,"Complete stx","ggCaller",100,4,"stx1a; stx2a"
"SRR6929608","stx_B",2,2,"Complete stx","ggCaller",100,2,"stx1a; stx2a"
"SRR6929609","stx_A",2,2,"Complete stx","BAKTA",0,2,"stx1a; stx2a"
"SRR6929609","stx_B",2,2,"Complete stx","BAKTA",0,2,"stx1a; stx2a"
"SRR6929609","stx_A",2,2,"Complete stx","BAKTA",100,2,"stx1a; stx2a"
"SRR6929609","stx_B",2,2,"Complete stx","BAKTA",100,2,"stx1a; stx2a"
"SRR6929609","stx_A",2,2,"Complete stx","PPanGGOLiN",0,2,"stx1a; stx2a"
"SRR6929609","stx_B",2,2,"Complete stx","PPanGGOLiN",0,2,"stx1a; stx2a"
"SRR6929609","stx_A",2,2,"Complete stx","PPanGGOLiN",10,2,"stx1a; stx2a"
"SRR6929609","stx_B",2,2,"Complete stx","PPanGGOLiN",10,2,"stx1a; stx2a"
"SRR6929609","stx_A",2,2,"Complete stx","PPanGGOLiN",50,2,"stx1a; stx2a"
"SRR6929609","stx_B",2,2,"Complete stx","PPanGGOLiN",50,2,"stx1a; stx2a"
"SRR6929609","stx_A",2,2,"Complete stx","PPanGGOLiN",90,2,"stx1a; stx2a"
"SRR6929609","stx_B",2,2,"Complete stx","PPanGGOLiN",90,2,"stx1a; stx2a"
"SRR6929609","stx_A",2,2,"Complete stx","PPanGGOLiN",100,2,"stx1a; stx2a"
"SRR6929609","stx_B",2,2,"Complete stx","PPanGGOLiN",100,2,"stx1a; stx2a"
"SRR6929609","stx_A",2,2,"Complete stx","Panaroo",0,2,"stx1a; stx2a"
"SRR6929609","stx_B",2,2,"Complete stx","Panaroo",0,2,"stx1a; stx2a"
"SRR6929609","stx_A",2,2,"Complete stx","Panaroo",10,2,"stx1a; stx2a"
"SRR6929609","stx_B",2,2,"Complete stx","Panaroo",10,2,"stx1a; stx2a"
"SRR6929609","stx_A",2,2,"Complete stx","Panaroo",50,2,"stx1a; stx2a"
"SRR6929609","stx_B",2,2,"Complete stx","Panaroo",50,2,"stx1a; stx2a"
"SRR6929609","stx_A",2,2,"Complete stx","Panaroo",90,2,"stx1a; stx2a"
"SRR6929609","stx_B",2,2,"Complete stx","Panaroo",90,2,"stx1a; stx2a"
"SRR6929609","stx_A",2,2,"Complete stx","Panaroo",100,2,"stx1a; stx2a"
"SRR6929609","stx_B",2,2,"Complete stx","Panaroo",100,2,"stx1a; stx2a"
"SRR6929609","stx_A",2,2,"Complete stx","Roary",0,1,"stx1a; stx2a"
"SRR6929609","stx_B",2,2,"Complete stx","Roary",0,1,"stx1a; stx2a"
"SRR6929609","stx_A",2,2,"Complete stx","Roary",10,1,"stx1a; stx2a"
"SRR6929609","stx_B",2,2,"Complete stx","Roary",10,1,"stx1a; stx2a"
"SRR6929609","stx_A",2,2,"Complete stx","Roary",50,1,"stx1a; stx2a"
"SRR6929609","stx_B",2,2,"Complete stx","Roary",50,1,"stx1a; stx2a"
"SRR6929609","stx_A",2,2,"Complete stx","Roary",90,1,"stx1a; stx2a"
"SRR6929609","stx_B",2,2,"Complete stx","Roary",90,1,"stx1a; stx2a"
"SRR6929609","stx_A",2,2,"Complete stx","Roary",100,1,"stx1a; stx2a"
"SRR6929609","stx_B",2,2,"Complete stx","Roary",100,1,"stx1a; stx2a"
"SRR6929609","stx_A",2,2,"Complete stx","ggCaller",0,2,"stx1a; stx2a"
"SRR6929609","stx_B",2,2,"Complete stx","ggCaller",0,2,"stx1a; stx2a"
"SRR6929609","stx_A",2,2,"Complete stx","ggCaller",10,2,"stx1a; stx2a"
"SRR6929609","stx_B",2,2,"Complete stx","ggCaller",10,2,"stx1a; stx2a"
"SRR6929609","stx_A",2,2,"Complete stx","ggCaller",50,4,"stx1a; stx2a"
"SRR6929609","stx_B",2,2,"Complete stx","ggCaller",50,2,"stx1a; stx2a"
"SRR6929609","stx_A",2,2,"Complete stx","ggCaller",90,4,"stx1a; stx2a"
"SRR6929609","stx_B",2,2,"Complete stx","ggCaller",90,2,"stx1a; stx2a"
"SRR6929609","stx_A",2,2,"Complete stx","ggCaller",100,4,"stx1a; stx2a"
"SRR6929609","stx_B",2,2,"Complete stx","ggCaller",100,2,"stx1a; stx2a"
"SRR6929610","stx_A",2,2,"Complete stx","BAKTA",0,2,"stx1a; stx2a"
"SRR6929610","stx_B",2,2,"Complete stx","BAKTA",0,2,"stx1a; stx2a"
"SRR6929610","stx_A",2,2,"Complete stx","BAKTA",100,2,"stx1a; stx2a"
"SRR6929610","stx_B",2,2,"Complete stx","BAKTA",100,2,"stx1a; stx2a"
"SRR6929610","stx_A",2,2,"Complete stx","PPanGGOLiN",0,2,"stx1a; stx2a"
"SRR6929610","stx_B",2,2,"Complete stx","PPanGGOLiN",0,2,"stx1a; stx2a"
"SRR6929610","stx_A",2,2,"Complete stx","PPanGGOLiN",10,2,"stx1a; stx2a"
"SRR6929610","stx_B",2,2,"Complete stx","PPanGGOLiN",10,2,"stx1a; stx2a"
"SRR6929610","stx_A",2,2,"Complete stx","PPanGGOLiN",50,2,"stx1a; stx2a"
"SRR6929610","stx_B",2,2,"Complete stx","PPanGGOLiN",50,2,"stx1a; stx2a"
"SRR6929610","stx_A",2,2,"Complete stx","PPanGGOLiN",90,2,"stx1a; stx2a"
"SRR6929610","stx_B",2,2,"Complete stx","PPanGGOLiN",90,2,"stx1a; stx2a"
"SRR6929610","stx_A",2,2,"Complete stx","PPanGGOLiN",100,2,"stx1a; stx2a"
"SRR6929610","stx_B",2,2,"Complete stx","PPanGGOLiN",100,2,"stx1a; stx2a"
"SRR6929610","stx_A",2,2,"Complete stx","Panaroo",0,2,"stx1a; stx2a"
"SRR6929610","stx_B",2,2,"Complete stx","Panaroo",0,2,"stx1a; stx2a"
"SRR6929610","stx_A",2,2,"Complete stx","Panaroo",10,2,"stx1a; stx2a"
"SRR6929610","stx_B",2,2,"Complete stx","Panaroo",10,2,"stx1a; stx2a"
"SRR6929610","stx_A",2,2,"Complete stx","Panaroo",50,2,"stx1a; stx2a"
"SRR6929610","stx_B",2,2,"Complete stx","Panaroo",50,2,"stx1a; stx2a"
"SRR6929610","stx_A",2,2,"Complete stx","Panaroo",90,2,"stx1a; stx2a"
"SRR6929610","stx_B",2,2,"Complete stx","Panaroo",90,2,"stx1a; stx2a"
"SRR6929610","stx_A",2,2,"Complete stx","Panaroo",100,2,"stx1a; stx2a"
"SRR6929610","stx_B",2,2,"Complete stx","Panaroo",100,2,"stx1a; stx2a"
"SRR6929610","stx_A",2,2,"Complete stx","Roary",0,1,"stx1a; stx2a"
"SRR6929610","stx_B",2,2,"Complete stx","Roary",0,1,"stx1a; stx2a"
"SRR6929610","stx_A",2,2,"Complete stx","Roary",10,1,"stx1a; stx2a"
"SRR6929610","stx_B",2,2,"Complete stx","Roary",10,1,"stx1a; stx2a"
"SRR6929610","stx_A",2,2,"Complete stx","Roary",50,1,"stx1a; stx2a"
"SRR6929610","stx_B",2,2,"Complete stx","Roary",50,1,"stx1a; stx2a"
"SRR6929610","stx_A",2,2,"Complete stx","Roary",90,1,"stx1a; stx2a"
"SRR6929610","stx_B",2,2,"Complete stx","Roary",90,1,"stx1a; stx2a"
"SRR6929610","stx_A",2,2,"Complete stx","Roary",100,1,"stx1a; stx2a"
"SRR6929610","stx_B",2,2,"Complete stx","Roary",100,1,"stx1a; stx2a"
"SRR6929610","stx_A",2,2,"Complete stx","ggCaller",0,2,"stx1a; stx2a"
"SRR6929610","stx_B",2,2,"Complete stx","ggCaller",0,2,"stx1a; stx2a"
"SRR6929610","stx_A",2,2,"Complete stx","ggCaller",10,2,"stx1a; stx2a"
"SRR6929610","stx_B",2,2,"Complete stx","ggCaller",10,2,"stx1a; stx2a"
"SRR6929610","stx_A",2,2,"Complete stx","ggCaller",50,4,"stx1a; stx2a"
"SRR6929610","stx_B",2,2,"Complete stx","ggCaller",50,2,"stx1a; stx2a"
"SRR6929610","stx_A",2,2,"Complete stx","ggCaller",90,4,"stx1a; stx2a"
"SRR6929610","stx_B",2,2,"Complete stx","ggCaller",90,2,"stx1a; stx2a"
"SRR6929610","stx_A",2,2,"Complete stx","ggCaller",100,4,"stx1a; stx2a"
"SRR6929610","stx_B",2,2,"Complete stx","ggCaller",100,2,"stx1a; stx2a"
"SRR6929611","stx_A",2,2,"Complete stx","BAKTA",0,2,"stx1a; stx2a"
"SRR6929611","stx_B",2,2,"Complete stx","BAKTA",0,2,"stx1a; stx2a"
"SRR6929611","stx_A",2,2,"Complete stx","BAKTA",100,2,"stx1a; stx2a"
"SRR6929611","stx_B",2,2,"Complete stx","BAKTA",100,2,"stx1a; stx2a"
"SRR6929611","stx_A",2,2,"Complete stx","PPanGGOLiN",0,2,"stx1a; stx2a"
"SRR6929611","stx_B",2,2,"Complete stx","PPanGGOLiN",0,2,"stx1a; stx2a"
"SRR6929611","stx_A",2,2,"Complete stx","PPanGGOLiN",10,2,"stx1a; stx2a"
"SRR6929611","stx_B",2,2,"Complete stx","PPanGGOLiN",10,2,"stx1a; stx2a"
"SRR6929611","stx_A",2,2,"Complete stx","PPanGGOLiN",50,2,"stx1a; stx2a"
"SRR6929611","stx_B",2,2,"Complete stx","PPanGGOLiN",50,2,"stx1a; stx2a"
"SRR6929611","stx_A",2,2,"Complete stx","PPanGGOLiN",90,2,"stx1a; stx2a"
"SRR6929611","stx_B",2,2,"Complete stx","PPanGGOLiN",90,2,"stx1a; stx2a"
"SRR6929611","stx_A",2,2,"Complete stx","PPanGGOLiN",100,2,"stx1a; stx2a"
"SRR6929611","stx_B",2,2,"Complete stx","PPanGGOLiN",100,2,"stx1a; stx2a"
"SRR6929611","stx_A",2,2,"Complete stx","Panaroo",0,2,"stx1a; stx2a"
"SRR6929611","stx_B",2,2,"Complete stx","Panaroo",0,2,"stx1a; stx2a"
"SRR6929611","stx_A",2,2,"Complete stx","Panaroo",10,2,"stx1a; stx2a"
"SRR6929611","stx_B",2,2,"Complete stx","Panaroo",10,2,"stx1a; stx2a"
"SRR6929611","stx_A",2,2,"Complete stx","Panaroo",50,2,"stx1a; stx2a"
"SRR6929611","stx_B",2,2,"Complete stx","Panaroo",50,2,"stx1a; stx2a"
"SRR6929611","stx_A",2,2,"Complete stx","Panaroo",90,2,"stx1a; stx2a"
"SRR6929611","stx_B",2,2,"Complete stx","Panaroo",90,2,"stx1a; stx2a"
"SRR6929611","stx_A",2,2,"Complete stx","Panaroo",100,2,"stx1a; stx2a"
"SRR6929611","stx_B",2,2,"Complete stx","Panaroo",100,2,"stx1a; stx2a"
"SRR6929611","stx_A",2,2,"Complete stx","Roary",0,1,"stx1a; stx2a"
"SRR6929611","stx_B",2,2,"Complete stx","Roary",0,1,"stx1a; stx2a"
"SRR6929611","stx_A",2,2,"Complete stx","Roary",10,1,"stx1a; stx2a"
"SRR6929611","stx_B",2,2,"Complete stx","Roary",10,1,"stx1a; stx2a"
"SRR6929611","stx_A",2,2,"Complete stx","Roary",50,1,"stx1a; stx2a"
"SRR6929611","stx_B",2,2,"Complete stx","Roary",50,1,"stx1a; stx2a"
"SRR6929611","stx_A",2,2,"Complete stx","Roary",90,1,"stx1a; stx2a"
"SRR6929611","stx_B",2,2,"Complete stx","Roary",90,1,"stx1a; stx2a"
"SRR6929611","stx_A",2,2,"Complete stx","Roary",100,1,"stx1a; stx2a"
"SRR6929611","stx_B",2,2,"Complete stx","Roary",100,1,"stx1a; stx2a"
"SRR6929611","stx_A",2,2,"Complete stx","ggCaller",0,2,"stx1a; stx2a"
"SRR6929611","stx_B",2,2,"Complete stx","ggCaller",0,2,"stx1a; stx2a"
"SRR6929611","stx_A",2,2,"Complete stx","ggCaller",10,2,"stx1a; stx2a"
"SRR6929611","stx_B",2,2,"Complete stx","ggCaller",10,2,"stx1a; stx2a"
"SRR6929611","stx_A",2,2,"Complete stx","ggCaller",50,4,"stx1a; stx2a"
"SRR6929611","stx_B",2,2,"Complete stx","ggCaller",50,2,"stx1a; stx2a"
"SRR6929611","stx_A",2,2,"Complete stx","ggCaller",90,4,"stx1a; stx2a"
"SRR6929611","stx_B",2,2,"Complete stx","ggCaller",90,2,"stx1a; stx2a"
"SRR6929611","stx_A",2,2,"Complete stx","ggCaller",100,4,"stx1a; stx2a"
"SRR6929611","stx_B",2,2,"Complete stx","ggCaller",100,2,"stx1a; stx2a"
"SRR6929612","stx_A",1,1,"Complete stx","BAKTA",0,1,"stx2c"
"SRR6929612","stx_B",1,1,"Complete stx","BAKTA",0,1,"stx2c"
"SRR6929612","stx_A",1,1,"Complete stx","BAKTA",100,1,"stx2c"
"SRR6929612","stx_B",1,1,"Complete stx","BAKTA",100,1,"stx2c"
"SRR6929612","stx_A",1,1,"Complete stx","PPanGGOLiN",0,1,"stx2c"
"SRR6929612","stx_B",1,1,"Complete stx","PPanGGOLiN",0,1,"stx2c"
"SRR6929612","stx_A",1,1,"Complete stx","PPanGGOLiN",10,1,"stx2c"
"SRR6929612","stx_B",1,1,"Complete stx","PPanGGOLiN",10,1,"stx2c"
"SRR6929612","stx_A",1,1,"Complete stx","PPanGGOLiN",50,1,"stx2c"
"SRR6929612","stx_B",1,1,"Complete stx","PPanGGOLiN",50,1,"stx2c"
"SRR6929612","stx_A",1,1,"Complete stx","PPanGGOLiN",90,1,"stx2c"
"SRR6929612","stx_B",1,1,"Complete stx","PPanGGOLiN",90,1,"stx2c"
"SRR6929612","stx_A",1,1,"Complete stx","PPanGGOLiN",100,1,"stx2c"
"SRR6929612","stx_B",1,1,"Complete stx","PPanGGOLiN",100,1,"stx2c"
"SRR6929612","stx_A",1,1,"Complete stx","Panaroo",0,1,"stx2c"
"SRR6929612","stx_B",1,1,"Complete stx","Panaroo",0,1,"stx2c"
"SRR6929612","stx_A",1,1,"Complete stx","Panaroo",10,1,"stx2c"
"SRR6929612","stx_B",1,1,"Complete stx","Panaroo",10,1,"stx2c"
"SRR6929612","stx_A",1,1,"Complete stx","Panaroo",50,1,"stx2c"
"SRR6929612","stx_B",1,1,"Complete stx","Panaroo",50,1,"stx2c"
"SRR6929612","stx_A",1,1,"Complete stx","Panaroo",90,1,"stx2c"
"SRR6929612","stx_B",1,1,"Complete stx","Panaroo",90,1,"stx2c"
"SRR6929612","stx_A",1,1,"Complete stx","Panaroo",100,1,"stx2c"
"SRR6929612","stx_B",1,1,"Complete stx","Panaroo",100,1,"stx2c"
"SRR6929612","stx_A",1,1,"Complete stx","Roary",0,1,"stx2c"
"SRR6929612","stx_B",1,1,"Complete stx","Roary",0,1,"stx2c"
"SRR6929612","stx_A",1,1,"Complete stx","Roary",10,1,"stx2c"
"SRR6929612","stx_B",1,1,"Complete stx","Roary",10,1,"stx2c"
"SRR6929612","stx_A",1,1,"Complete stx","Roary",50,1,"stx2c"
"SRR6929612","stx_B",1,1,"Complete stx","Roary",50,1,"stx2c"
"SRR6929612","stx_A",1,1,"Complete stx","Roary",90,1,"stx2c"
"SRR6929612","stx_B",1,1,"Complete stx","Roary",90,1,"stx2c"
"SRR6929612","stx_A",1,1,"Complete stx","Roary",100,1,"stx2c"
"SRR6929612","stx_B",1,1,"Complete stx","Roary",100,1,"stx2c"
"SRR6929612","stx_A",1,1,"Complete stx","ggCaller",0,2,"stx2c"
"SRR6929612","stx_B",1,1,"Complete stx","ggCaller",0,1,"stx2c"
"SRR6929612","stx_A",1,1,"Complete stx","ggCaller",10,2,"stx2c"
"SRR6929612","stx_B",1,1,"Complete stx","ggCaller",10,1,"stx2c"
"SRR6929612","stx_A",1,1,"Complete stx","ggCaller",50,3,"stx2c"
"SRR6929612","stx_B",1,1,"Complete stx","ggCaller",50,1,"stx2c"
"SRR6929612","stx_A",1,1,"Complete stx","ggCaller",90,3,"stx2c"
"SRR6929612","stx_B",1,1,"Complete stx","ggCaller",90,1,"stx2c"
"SRR6929612","stx_A",1,1,"Complete stx","ggCaller",100,3,"stx2c"
"SRR6929612","stx_B",1,1,"Complete stx","ggCaller",100,1,"stx2c"
"SRR6929613","stx_A",1,1,"Complete stx","BAKTA",0,1,"stx2c"
"SRR6929613","stx_B",1,1,"Complete stx","BAKTA",0,1,"stx2c"
"SRR6929613","stx_A",1,1,"Complete stx","BAKTA",100,1,"stx2c"
"SRR6929613","stx_B",1,1,"Complete stx","BAKTA",100,1,"stx2c"
"SRR6929613","stx_A",1,1,"Complete stx","PPanGGOLiN",0,1,"stx2c"
"SRR6929613","stx_B",1,1,"Complete stx","PPanGGOLiN",0,1,"stx2c"
"SRR6929613","stx_A",1,1,"Complete stx","PPanGGOLiN",10,1,"stx2c"
"SRR6929613","stx_B",1,1,"Complete stx","PPanGGOLiN",10,1,"stx2c"
"SRR6929613","stx_A",1,1,"Complete stx","PPanGGOLiN",50,1,"stx2c"
"SRR6929613","stx_B",1,1,"Complete stx","PPanGGOLiN",50,1,"stx2c"
"SRR6929613","stx_A",1,1,"Complete stx","PPanGGOLiN",90,1,"stx2c"
"SRR6929613","stx_B",1,1,"Complete stx","PPanGGOLiN",90,1,"stx2c"
"SRR6929613","stx_A",1,1,"Complete stx","PPanGGOLiN",100,1,"stx2c"
"SRR6929613","stx_B",1,1,"Complete stx","PPanGGOLiN",100,1,"stx2c"
"SRR6929613","stx_A",1,1,"Complete stx","Panaroo",0,1,"stx2c"
"SRR6929613","stx_B",1,1,"Complete stx","Panaroo",0,1,"stx2c"
"SRR6929613","stx_A",1,1,"Complete stx","Panaroo",10,1,"stx2c"
"SRR6929613","stx_B",1,1,"Complete stx","Panaroo",10,1,"stx2c"
"SRR6929613","stx_A",1,1,"Complete stx","Panaroo",50,1,"stx2c"
"SRR6929613","stx_B",1,1,"Complete stx","Panaroo",50,1,"stx2c"
"SRR6929613","stx_A",1,1,"Complete stx","Panaroo",90,1,"stx2c"
"SRR6929613","stx_B",1,1,"Complete stx","Panaroo",90,1,"stx2c"
"SRR6929613","stx_A",1,1,"Complete stx","Panaroo",100,1,"stx2c"
"SRR6929613","stx_B",1,1,"Complete stx","Panaroo",100,1,"stx2c"
"SRR6929613","stx_A",1,1,"Complete stx","Roary",0,1,"stx2c"
"SRR6929613","stx_B",1,1,"Complete stx","Roary",0,1,"stx2c"
"SRR6929613","stx_A",1,1,"Complete stx","Roary",10,1,"stx2c"
"SRR6929613","stx_B",1,1,"Complete stx","Roary",10,1,"stx2c"
"SRR6929613","stx_A",1,1,"Complete stx","Roary",50,1,"stx2c"
"SRR6929613","stx_B",1,1,"Complete stx","Roary",50,1,"stx2c"
"SRR6929613","stx_A",1,1,"Complete stx","Roary",90,1,"stx2c"
"SRR6929613","stx_B",1,1,"Complete stx","Roary",90,1,"stx2c"
"SRR6929613","stx_A",1,1,"Complete stx","Roary",100,1,"stx2c"
"SRR6929613","stx_B",1,1,"Complete stx","Roary",100,1,"stx2c"
"SRR6929613","stx_A",1,1,"Complete stx","ggCaller",0,2,"stx2c"
"SRR6929613","stx_B",1,1,"Complete stx","ggCaller",0,1,"stx2c"
"SRR6929613","stx_A",1,1,"Complete stx","ggCaller",10,2,"stx2c"
"SRR6929613","stx_B",1,1,"Complete stx","ggCaller",10,1,"stx2c"
"SRR6929613","stx_A",1,1,"Complete stx","ggCaller",50,3,"stx2c"
"SRR6929613","stx_B",1,1,"Complete stx","ggCaller",50,1,"stx2c"
"SRR6929613","stx_A",1,1,"Complete stx","ggCaller",90,3,"stx2c"
"SRR6929613","stx_B",1,1,"Complete stx","ggCaller",90,1,"stx2c"
"SRR6929613","stx_A",1,1,"Complete stx","ggCaller",100,3,"stx2c"
"SRR6929613","stx_B",1,1,"Complete stx","ggCaller",100,1,"stx2c"
"SRR6929614","stx_A",1,1,"Complete stx","BAKTA",0,1,"stx2c"
"SRR6929614","stx_B",1,1,"Complete stx","BAKTA",0,1,"stx2c"
"SRR6929614","stx_A",1,1,"Complete stx","BAKTA",100,1,"stx2c"
"SRR6929614","stx_B",1,1,"Complete stx","BAKTA",100,1,"stx2c"
"SRR6929614","stx_A",1,1,"Complete stx","PPanGGOLiN",0,1,"stx2c"
"SRR6929614","stx_B",1,1,"Complete stx","PPanGGOLiN",0,1,"stx2c"
"SRR6929614","stx_A",1,1,"Complete stx","PPanGGOLiN",10,1,"stx2c"
"SRR6929614","stx_B",1,1,"Complete stx","PPanGGOLiN",10,1,"stx2c"
"SRR6929614","stx_A",1,1,"Complete stx","PPanGGOLiN",50,1,"stx2c"
"SRR6929614","stx_B",1,1,"Complete stx","PPanGGOLiN",50,1,"stx2c"
"SRR6929614","stx_A",1,1,"Complete stx","PPanGGOLiN",90,1,"stx2c"
"SRR6929614","stx_B",1,1,"Complete stx","PPanGGOLiN",90,1,"stx2c"
"SRR6929614","stx_A",1,1,"Complete stx","PPanGGOLiN",100,1,"stx2c"
"SRR6929614","stx_B",1,1,"Complete stx","PPanGGOLiN",100,1,"stx2c"
"SRR6929614","stx_A",1,1,"Complete stx","Panaroo",0,1,"stx2c"
"SRR6929614","stx_B",1,1,"Complete stx","Panaroo",0,1,"stx2c"
"SRR6929614","stx_A",1,1,"Complete stx","Panaroo",10,1,"stx2c"
"SRR6929614","stx_B",1,1,"Complete stx","Panaroo",10,1,"stx2c"
"SRR6929614","stx_A",1,1,"Complete stx","Panaroo",50,1,"stx2c"
"SRR6929614","stx_B",1,1,"Complete stx","Panaroo",50,1,"stx2c"
"SRR6929614","stx_A",1,1,"Complete stx","Panaroo",90,1,"stx2c"
"SRR6929614","stx_B",1,1,"Complete stx","Panaroo",90,1,"stx2c"
"SRR6929614","stx_A",1,1,"Complete stx","Panaroo",100,1,"stx2c"
"SRR6929614","stx_B",1,1,"Complete stx","Panaroo",100,1,"stx2c"
"SRR6929614","stx_A",1,1,"Complete stx","Roary",0,1,"stx2c"
"SRR6929614","stx_B",1,1,"Complete stx","Roary",0,1,"stx2c"
"SRR6929614","stx_A",1,1,"Complete stx","Roary",10,1,"stx2c"
"SRR6929614","stx_B",1,1,"Complete stx","Roary",10,1,"stx2c"
"SRR6929614","stx_A",1,1,"Complete stx","Roary",50,1,"stx2c"
"SRR6929614","stx_B",1,1,"Complete stx","Roary",50,1,"stx2c"
"SRR6929614","stx_A",1,1,"Complete stx","Roary",90,1,"stx2c"
"SRR6929614","stx_B",1,1,"Complete stx","Roary",90,1,"stx2c"
"SRR6929614","stx_A",1,1,"Complete stx","Roary",100,1,"stx2c"
"SRR6929614","stx_B",1,1,"Complete stx","Roary",100,1,"stx2c"
"SRR6929614","stx_A",1,1,"Complete stx","ggCaller",0,2,"stx2c"
"SRR6929614","stx_B",1,1,"Complete stx","ggCaller",0,1,"stx2c"
"SRR6929614","stx_A",1,1,"Complete stx","ggCaller",10,2,"stx2c"
"SRR6929614","stx_B",1,1,"Complete stx","ggCaller",10,1,"stx2c"
"SRR6929614","stx_A",1,1,"Complete stx","ggCaller",50,3,"stx2c"
"SRR6929614","stx_B",1,1,"Complete stx","ggCaller",50,1,"stx2c"
"SRR6929614","stx_A",1,1,"Complete stx","ggCaller",90,3,"stx2c"
"SRR6929614","stx_B",1,1,"Complete stx","ggCaller",90,1,"stx2c"
"SRR6929614","stx_A",1,1,"Complete stx","ggCaller",100,3,"stx2c"
"SRR6929614","stx_B",1,1,"Complete stx","ggCaller",100,1,"stx2c"
"SRR6929615","stx_A",1,1,"Complete stx","BAKTA",0,1,"stx2c"
"SRR6929615","stx_B",1,1,"Complete stx","BAKTA",0,1,"stx2c"
"SRR6929615","stx_A",1,1,"Complete stx","BAKTA",100,1,"stx2c"
"SRR6929615","stx_B",1,1,"Complete stx","BAKTA",100,1,"stx2c"
"SRR6929615","stx_A",1,1,"Complete stx","PPanGGOLiN",0,1,"stx2c"
"SRR6929615","stx_B",1,1,"Complete stx","PPanGGOLiN",0,1,"stx2c"
"SRR6929615","stx_A",1,1,"Complete stx","PPanGGOLiN",10,1,"stx2c"
"SRR6929615","stx_B",1,1,"Complete stx","PPanGGOLiN",10,1,"stx2c"
"SRR6929615","stx_A",1,1,"Complete stx","PPanGGOLiN",50,1,"stx2c"
"SRR6929615","stx_B",1,1,"Complete stx","PPanGGOLiN",50,1,"stx2c"
"SRR6929615","stx_A",1,1,"Complete stx","PPanGGOLiN",90,1,"stx2c"
"SRR6929615","stx_B",1,1,"Complete stx","PPanGGOLiN",90,1,"stx2c"
"SRR6929615","stx_A",1,1,"Complete stx","PPanGGOLiN",100,1,"stx2c"
"SRR6929615","stx_B",1,1,"Complete stx","PPanGGOLiN",100,1,"stx2c"
"SRR6929615","stx_A",1,1,"Complete stx","Panaroo",0,1,"stx2c"
"SRR6929615","stx_B",1,1,"Complete stx","Panaroo",0,1,"stx2c"
"SRR6929615","stx_A",1,1,"Complete stx","Panaroo",10,1,"stx2c"
"SRR6929615","stx_B",1,1,"Complete stx","Panaroo",10,1,"stx2c"
"SRR6929615","stx_A",1,1,"Complete stx","Panaroo",50,1,"stx2c"
"SRR6929615","stx_B",1,1,"Complete stx","Panaroo",50,1,"stx2c"
"SRR6929615","stx_A",1,1,"Complete stx","Panaroo",90,1,"stx2c"
"SRR6929615","stx_B",1,1,"Complete stx","Panaroo",90,1,"stx2c"
"SRR6929615","stx_A",1,1,"Complete stx","Panaroo",100,1,"stx2c"
"SRR6929615","stx_B",1,1,"Complete stx","Panaroo",100,1,"stx2c"
"SRR6929615","stx_A",1,1,"Complete stx","Roary",0,1,"stx2c"
"SRR6929615","stx_B",1,1,"Complete stx","Roary",0,1,"stx2c"
"SRR6929615","stx_A",1,1,"Complete stx","Roary",10,1,"stx2c"
"SRR6929615","stx_B",1,1,"Complete stx","Roary",10,1,"stx2c"
"SRR6929615","stx_A",1,1,"Complete stx","Roary",50,1,"stx2c"
"SRR6929615","stx_B",1,1,"Complete stx","Roary",50,1,"stx2c"
"SRR6929615","stx_A",1,1,"Complete stx","Roary",90,1,"stx2c"
"SRR6929615","stx_B",1,1,"Complete stx","Roary",90,1,"stx2c"
"SRR6929615","stx_A",1,1,"Complete stx","Roary",100,1,"stx2c"
"SRR6929615","stx_B",1,1,"Complete stx","Roary",100,1,"stx2c"
"SRR6929615","stx_A",1,1,"Complete stx","ggCaller",0,2,"stx2c"
"SRR6929615","stx_B",1,1,"Complete stx","ggCaller",0,1,"stx2c"
"SRR6929615","stx_A",1,1,"Complete stx","ggCaller",10,2,"stx2c"
"SRR6929615","stx_B",1,1,"Complete stx","ggCaller",10,1,"stx2c"
"SRR6929615","stx_A",1,1,"Complete stx","ggCaller",50,3,"stx2c"
"SRR6929615","stx_B",1,1,"Complete stx","ggCaller",50,1,"stx2c"
"SRR6929615","stx_A",1,1,"Complete stx","ggCaller",90,3,"stx2c"
"SRR6929615","stx_B",1,1,"Complete stx","ggCaller",90,1,"stx2c"
"SRR6929615","stx_A",1,1,"Complete stx","ggCaller",100,3,"stx2c"
"SRR6929615","stx_B",1,1,"Complete stx","ggCaller",100,1,"stx2c"
"SRR6929616","stx_A",1,1,"Complete stx","BAKTA",0,1,"stx2c"
"SRR6929616","stx_B",1,1,"Complete stx","BAKTA",0,1,"stx2c"
"SRR6929616","stx_A",1,1,"Complete stx","BAKTA",100,1,"stx2c"
"SRR6929616","stx_B",1,1,"Complete stx","BAKTA",100,1,"stx2c"
"SRR6929616","stx_A",1,1,"Complete stx","PPanGGOLiN",0,1,"stx2c"
"SRR6929616","stx_B",1,1,"Complete stx","PPanGGOLiN",0,1,"stx2c"
"SRR6929616","stx_A",1,1,"Complete stx","PPanGGOLiN",10,1,"stx2c"
"SRR6929616","stx_B",1,1,"Complete stx","PPanGGOLiN",10,1,"stx2c"
"SRR6929616","stx_A",1,1,"Complete stx","PPanGGOLiN",50,1,"stx2c"
"SRR6929616","stx_B",1,1,"Complete stx","PPanGGOLiN",50,1,"stx2c"
"SRR6929616","stx_A",1,1,"Complete stx","PPanGGOLiN",90,1,"stx2c"
"SRR6929616","stx_B",1,1,"Complete stx","PPanGGOLiN",90,1,"stx2c"
"SRR6929616","stx_A",1,1,"Complete stx","PPanGGOLiN",100,1,"stx2c"
"SRR6929616","stx_B",1,1,"Complete stx","PPanGGOLiN",100,1,"stx2c"
"SRR6929616","stx_A",1,1,"Complete stx","Panaroo",0,1,"stx2c"
"SRR6929616","stx_B",1,1,"Complete stx","Panaroo",0,1,"stx2c"
"SRR6929616","stx_A",1,1,"Complete stx","Panaroo",10,1,"stx2c"
"SRR6929616","stx_B",1,1,"Complete stx","Panaroo",10,1,"stx2c"
"SRR6929616","stx_A",1,1,"Complete stx","Panaroo",50,1,"stx2c"
"SRR6929616","stx_B",1,1,"Complete stx","Panaroo",50,1,"stx2c"
"SRR6929616","stx_A",1,1,"Complete stx","Panaroo",90,1,"stx2c"
"SRR6929616","stx_B",1,1,"Complete stx","Panaroo",90,1,"stx2c"
"SRR6929616","stx_A",1,1,"Complete stx","Panaroo",100,1,"stx2c"
"SRR6929616","stx_B",1,1,"Complete stx","Panaroo",100,1,"stx2c"
"SRR6929616","stx_A",1,1,"Complete stx","Roary",0,1,"stx2c"
"SRR6929616","stx_B",1,1,"Complete stx","Roary",0,1,"stx2c"
"SRR6929616","stx_A",1,1,"Complete stx","Roary",10,1,"stx2c"
"SRR6929616","stx_B",1,1,"Complete stx","Roary",10,1,"stx2c"
"SRR6929616","stx_A",1,1,"Complete stx","Roary",50,1,"stx2c"
"SRR6929616","stx_B",1,1,"Complete stx","Roary",50,1,"stx2c"
"SRR6929616","stx_A",1,1,"Complete stx","Roary",90,1,"stx2c"
"SRR6929616","stx_B",1,1,"Complete stx","Roary",90,1,"stx2c"
"SRR6929616","stx_A",1,1,"Complete stx","Roary",100,1,"stx2c"
"SRR6929616","stx_B",1,1,"Complete stx","Roary",100,1,"stx2c"
"SRR6929616","stx_A",1,1,"Complete stx","ggCaller",0,2,"stx2c"
"SRR6929616","stx_B",1,1,"Complete stx","ggCaller",0,1,"stx2c"
"SRR6929616","stx_A",1,1,"Complete stx","ggCaller",10,2,"stx2c"
"SRR6929616","stx_B",1,1,"Complete stx","ggCaller",10,1,"stx2c"
"SRR6929616","stx_A",1,1,"Complete stx","ggCaller",50,3,"stx2c"
"SRR6929616","stx_B",1,1,"Complete stx","ggCaller",50,1,"stx2c"
"SRR6929616","stx_A",1,1,"Complete stx","ggCaller",90,3,"stx2c"
"SRR6929616","stx_B",1,1,"Complete stx","ggCaller",90,1,"stx2c"
"SRR6929616","stx_A",1,1,"Complete stx","ggCaller",100,3,"stx2c"
"SRR6929616","stx_B",1,1,"Complete stx","ggCaller",100,1,"stx2c"
"SRR6929617","stx_A",1,1,"Complete stx","BAKTA",0,1,"stx2c"
"SRR6929617","stx_B",1,1,"Complete stx","BAKTA",0,1,"stx2c"
"SRR6929617","stx_A",1,1,"Complete stx","BAKTA",100,1,"stx2c"
"SRR6929617","stx_B",1,1,"Complete stx","BAKTA",100,1,"stx2c"
"SRR6929617","stx_A",1,1,"Complete stx","PPanGGOLiN",0,1,"stx2c"
"SRR6929617","stx_B",1,1,"Complete stx","PPanGGOLiN",0,1,"stx2c"
"SRR6929617","stx_A",1,1,"Complete stx","PPanGGOLiN",10,1,"stx2c"
"SRR6929617","stx_B",1,1,"Complete stx","PPanGGOLiN",10,1,"stx2c"
"SRR6929617","stx_A",1,1,"Complete stx","PPanGGOLiN",50,1,"stx2c"
"SRR6929617","stx_B",1,1,"Complete stx","PPanGGOLiN",50,1,"stx2c"
"SRR6929617","stx_A",1,1,"Complete stx","PPanGGOLiN",90,1,"stx2c"
"SRR6929617","stx_B",1,1,"Complete stx","PPanGGOLiN",90,1,"stx2c"
"SRR6929617","stx_A",1,1,"Complete stx","PPanGGOLiN",100,1,"stx2c"
"SRR6929617","stx_B",1,1,"Complete stx","PPanGGOLiN",100,1,"stx2c"
"SRR6929617","stx_A",1,1,"Complete stx","Panaroo",0,1,"stx2c"
"SRR6929617","stx_B",1,1,"Complete stx","Panaroo",0,1,"stx2c"
"SRR6929617","stx_A",1,1,"Complete stx","Panaroo",10,1,"stx2c"
"SRR6929617","stx_B",1,1,"Complete stx","Panaroo",10,1,"stx2c"
"SRR6929617","stx_A",1,1,"Complete stx","Panaroo",50,1,"stx2c"
"SRR6929617","stx_B",1,1,"Complete stx","Panaroo",50,1,"stx2c"
"SRR6929617","stx_A",1,1,"Complete stx","Panaroo",90,1,"stx2c"
"SRR6929617","stx_B",1,1,"Complete stx","Panaroo",90,1,"stx2c"
"SRR6929617","stx_A",1,1,"Complete stx","Panaroo",100,1,"stx2c"
"SRR6929617","stx_B",1,1,"Complete stx","Panaroo",100,1,"stx2c"
"SRR6929617","stx_A",1,1,"Complete stx","Roary",0,1,"stx2c"
"SRR6929617","stx_B",1,1,"Complete stx","Roary",0,1,"stx2c"
"SRR6929617","stx_A",1,1,"Complete stx","Roary",10,1,"stx2c"
"SRR6929617","stx_B",1,1,"Complete stx","Roary",10,1,"stx2c"
"SRR6929617","stx_A",1,1,"Complete stx","Roary",50,1,"stx2c"
"SRR6929617","stx_B",1,1,"Complete stx","Roary",50,1,"stx2c"
"SRR6929617","stx_A",1,1,"Complete stx","Roary",90,1,"stx2c"
"SRR6929617","stx_B",1,1,"Complete stx","Roary",90,1,"stx2c"
"SRR6929617","stx_A",1,1,"Complete stx","Roary",100,1,"stx2c"
"SRR6929617","stx_B",1,1,"Complete stx","Roary",100,1,"stx2c"
"SRR6929617","stx_A",1,1,"Complete stx","ggCaller",0,2,"stx2c"
"SRR6929617","stx_B",1,1,"Complete stx","ggCaller",0,1,"stx2c"
"SRR6929617","stx_A",1,1,"Complete stx","ggCaller",10,2,"stx2c"
"SRR6929617","stx_B",1,1,"Complete stx","ggCaller",10,1,"stx2c"
"SRR6929617","stx_A",1,1,"Complete stx","ggCaller",50,3,"stx2c"
"SRR6929617","stx_B",1,1,"Complete stx","ggCaller",50,1,"stx2c"
"SRR6929617","stx_A",1,1,"Complete stx","ggCaller",90,3,"stx2c"
"SRR6929617","stx_B",1,1,"Complete stx","ggCaller",90,1,"stx2c"
"SRR6929617","stx_A",1,1,"Complete stx","ggCaller",100,3,"stx2c"
"SRR6929617","stx_B",1,1,"Complete stx","ggCaller",100,1,"stx2c"
"SRR6929618","stx_A",1,1,"Complete stx","BAKTA",0,1,"stx2c"
"SRR6929618","stx_B",1,1,"Complete stx","BAKTA",0,1,"stx2c"
"SRR6929618","stx_A",1,1,"Complete stx","BAKTA",100,1,"stx2c"
"SRR6929618","stx_B",1,1,"Complete stx","BAKTA",100,1,"stx2c"
"SRR6929618","stx_A",1,1,"Complete stx","PPanGGOLiN",0,1,"stx2c"
"SRR6929618","stx_B",1,1,"Complete stx","PPanGGOLiN",0,1,"stx2c"
"SRR6929618","stx_A",1,1,"Complete stx","PPanGGOLiN",10,1,"stx2c"
"SRR6929618","stx_B",1,1,"Complete stx","PPanGGOLiN",10,1,"stx2c"
"SRR6929618","stx_A",1,1,"Complete stx","PPanGGOLiN",50,1,"stx2c"
"SRR6929618","stx_B",1,1,"Complete stx","PPanGGOLiN",50,1,"stx2c"
"SRR6929618","stx_A",1,1,"Complete stx","PPanGGOLiN",90,1,"stx2c"
"SRR6929618","stx_B",1,1,"Complete stx","PPanGGOLiN",90,1,"stx2c"
"SRR6929618","stx_A",1,1,"Complete stx","PPanGGOLiN",100,1,"stx2c"
"SRR6929618","stx_B",1,1,"Complete stx","PPanGGOLiN",100,1,"stx2c"
"SRR6929618","stx_A",1,1,"Complete stx","Panaroo",0,1,"stx2c"
"SRR6929618","stx_B",1,1,"Complete stx","Panaroo",0,1,"stx2c"
"SRR6929618","stx_A",1,1,"Complete stx","Panaroo",10,1,"stx2c"
"SRR6929618","stx_B",1,1,"Complete stx","Panaroo",10,1,"stx2c"
"SRR6929618","stx_A",1,1,"Complete stx","Panaroo",50,1,"stx2c"
"SRR6929618","stx_B",1,1,"Complete stx","Panaroo",50,1,"stx2c"
"SRR6929618","stx_A",1,1,"Complete stx","Panaroo",90,1,"stx2c"
"SRR6929618","stx_B",1,1,"Complete stx","Panaroo",90,1,"stx2c"
"SRR6929618","stx_A",1,1,"Complete stx","Panaroo",100,1,"stx2c"
"SRR6929618","stx_B",1,1,"Complete stx","Panaroo",100,1,"stx2c"
"SRR6929618","stx_A",1,1,"Complete stx","Roary",0,1,"stx2c"
"SRR6929618","stx_B",1,1,"Complete stx","Roary",0,1,"stx2c"
"SRR6929618","stx_A",1,1,"Complete stx","Roary",10,1,"stx2c"
"SRR6929618","stx_B",1,1,"Complete stx","Roary",10,1,"stx2c"
"SRR6929618","stx_A",1,1,"Complete stx","Roary",50,1,"stx2c"
"SRR6929618","stx_B",1,1,"Complete stx","Roary",50,1,"stx2c"
"SRR6929618","stx_A",1,1,"Complete stx","Roary",90,1,"stx2c"
"SRR6929618","stx_B",1,1,"Complete stx","Roary",90,1,"stx2c"
"SRR6929618","stx_A",1,1,"Complete stx","Roary",100,1,"stx2c"
"SRR6929618","stx_B",1,1,"Complete stx","Roary",100,1,"stx2c"
"SRR6929618","stx_A",1,1,"Complete stx","ggCaller",0,2,"stx2c"
"SRR6929618","stx_B",1,1,"Complete stx","ggCaller",0,1,"stx2c"
"SRR6929618","stx_A",1,1,"Complete stx","ggCaller",10,2,"stx2c"
"SRR6929618","stx_B",1,1,"Complete stx","ggCaller",10,1,"stx2c"
"SRR6929618","stx_A",1,1,"Complete stx","ggCaller",50,3,"stx2c"
"SRR6929618","stx_B",1,1,"Complete stx","ggCaller",50,1,"stx2c"
"SRR6929618","stx_A",1,1,"Complete stx","ggCaller",90,3,"stx2c"
"SRR6929618","stx_B",1,1,"Complete stx","ggCaller",90,1,"stx2c"
"SRR6929618","stx_A",1,1,"Complete stx","ggCaller",100,3,"stx2c"
"SRR6929618","stx_B",1,1,"Complete stx","ggCaller",100,1,"stx2c"
"SRR6929619","stx_A",1,1,"Complete stx","BAKTA",0,1,"stx2c"
"SRR6929619","stx_B",1,1,"Complete stx","BAKTA",0,1,"stx2c"
"SRR6929619","stx_A",1,1,"Complete stx","BAKTA",100,1,"stx2c"
"SRR6929619","stx_B",1,1,"Complete stx","BAKTA",100,1,"stx2c"
"SRR6929619","stx_A",1,1,"Complete stx","PPanGGOLiN",0,1,"stx2c"
"SRR6929619","stx_B",1,1,"Complete stx","PPanGGOLiN",0,1,"stx2c"
"SRR6929619","stx_A",1,1,"Complete stx","PPanGGOLiN",10,1,"stx2c"
"SRR6929619","stx_B",1,1,"Complete stx","PPanGGOLiN",10,1,"stx2c"
"SRR6929619","stx_A",1,1,"Complete stx","PPanGGOLiN",50,1,"stx2c"
"SRR6929619","stx_B",1,1,"Complete stx","PPanGGOLiN",50,1,"stx2c"
"SRR6929619","stx_A",1,1,"Complete stx","PPanGGOLiN",90,1,"stx2c"
"SRR6929619","stx_B",1,1,"Complete stx","PPanGGOLiN",90,1,"stx2c"
"SRR6929619","stx_A",1,1,"Complete stx","PPanGGOLiN",100,1,"stx2c"
"SRR6929619","stx_B",1,1,"Complete stx","PPanGGOLiN",100,1,"stx2c"
"SRR6929619","stx_A",1,1,"Complete stx","Panaroo",0,1,"stx2c"
"SRR6929619","stx_B",1,1,"Complete stx","Panaroo",0,1,"stx2c"
"SRR6929619","stx_A",1,1,"Complete stx","Panaroo",10,1,"stx2c"
"SRR6929619","stx_B",1,1,"Complete stx","Panaroo",10,1,"stx2c"
"SRR6929619","stx_A",1,1,"Complete stx","Panaroo",50,1,"stx2c"
"SRR6929619","stx_B",1,1,"Complete stx","Panaroo",50,1,"stx2c"
"SRR6929619","stx_A",1,1,"Complete stx","Panaroo",90,1,"stx2c"
"SRR6929619","stx_B",1,1,"Complete stx","Panaroo",90,1,"stx2c"
"SRR6929619","stx_A",1,1,"Complete stx","Panaroo",100,1,"stx2c"
"SRR6929619","stx_B",1,1,"Complete stx","Panaroo",100,1,"stx2c"
"SRR6929619","stx_A",1,1,"Complete stx","Roary",0,1,"stx2c"
"SRR6929619","stx_B",1,1,"Complete stx","Roary",0,1,"stx2c"
"SRR6929619","stx_A",1,1,"Complete stx","Roary",10,1,"stx2c"
"SRR6929619","stx_B",1,1,"Complete stx","Roary",10,1,"stx2c"
"SRR6929619","stx_A",1,1,"Complete stx","Roary",50,1,"stx2c"
"SRR6929619","stx_B",1,1,"Complete stx","Roary",50,1,"stx2c"
"SRR6929619","stx_A",1,1,"Complete stx","Roary",90,1,"stx2c"
"SRR6929619","stx_B",1,1,"Complete stx","Roary",90,1,"stx2c"
"SRR6929619","stx_A",1,1,"Complete stx","Roary",100,1,"stx2c"
"SRR6929619","stx_B",1,1,"Complete stx","Roary",100,1,"stx2c"
"SRR6929619","stx_A",1,1,"Complete stx","ggCaller",0,2,"stx2c"
"SRR6929619","stx_B",1,1,"Complete stx","ggCaller",0,1,"stx2c"
"SRR6929619","stx_A",1,1,"Complete stx","ggCaller",10,2,"stx2c"
"SRR6929619","stx_B",1,1,"Complete stx","ggCaller",10,1,"stx2c"
"SRR6929619","stx_A",1,1,"Complete stx","ggCaller",50,3,"stx2c"
"SRR6929619","stx_B",1,1,"Complete stx","ggCaller",50,1,"stx2c"
"SRR6929619","stx_A",1,1,"Complete stx","ggCaller",90,3,"stx2c"
"SRR6929619","stx_B",1,1,"Complete stx","ggCaller",90,1,"stx2c"
"SRR6929619","stx_A",1,1,"Complete stx","ggCaller",100,3,"stx2c"
"SRR6929619","stx_B",1,1,"Complete stx","ggCaller",100,1,"stx2c"
"SRR6929620","stx_A",1,1,"Complete stx","BAKTA",0,1,"stx2c"
"SRR6929620","stx_B",1,1,"Complete stx","BAKTA",0,1,"stx2c"
"SRR6929620","stx_A",1,1,"Complete stx","BAKTA",100,1,"stx2c"
"SRR6929620","stx_B",1,1,"Complete stx","BAKTA",100,1,"stx2c"
"SRR6929620","stx_A",1,1,"Complete stx","PPanGGOLiN",0,1,"stx2c"
"SRR6929620","stx_B",1,1,"Complete stx","PPanGGOLiN",0,1,"stx2c"
"SRR6929620","stx_A",1,1,"Complete stx","PPanGGOLiN",10,1,"stx2c"
"SRR6929620","stx_B",1,1,"Complete stx","PPanGGOLiN",10,1,"stx2c"
"SRR6929620","stx_A",1,1,"Complete stx","PPanGGOLiN",50,1,"stx2c"
"SRR6929620","stx_B",1,1,"Complete stx","PPanGGOLiN",50,1,"stx2c"
"SRR6929620","stx_A",1,1,"Complete stx","PPanGGOLiN",90,1,"stx2c"
"SRR6929620","stx_B",1,1,"Complete stx","PPanGGOLiN",90,1,"stx2c"
"SRR6929620","stx_A",1,1,"Complete stx","PPanGGOLiN",100,1,"stx2c"
"SRR6929620","stx_B",1,1,"Complete stx","PPanGGOLiN",100,1,"stx2c"
"SRR6929620","stx_A",1,1,"Complete stx","Panaroo",0,1,"stx2c"
"SRR6929620","stx_B",1,1,"Complete stx","Panaroo",0,1,"stx2c"
"SRR6929620","stx_A",1,1,"Complete stx","Panaroo",10,1,"stx2c"
"SRR6929620","stx_B",1,1,"Complete stx","Panaroo",10,1,"stx2c"
"SRR6929620","stx_A",1,1,"Complete stx","Panaroo",50,1,"stx2c"
"SRR6929620","stx_B",1,1,"Complete stx","Panaroo",50,1,"stx2c"
"SRR6929620","stx_A",1,1,"Complete stx","Panaroo",90,1,"stx2c"
"SRR6929620","stx_B",1,1,"Complete stx","Panaroo",90,1,"stx2c"
"SRR6929620","stx_A",1,1,"Complete stx","Panaroo",100,1,"stx2c"
"SRR6929620","stx_B",1,1,"Complete stx","Panaroo",100,1,"stx2c"
"SRR6929620","stx_A",1,1,"Complete stx","Roary",0,1,"stx2c"
"SRR6929620","stx_B",1,1,"Complete stx","Roary",0,1,"stx2c"
"SRR6929620","stx_A",1,1,"Complete stx","Roary",10,1,"stx2c"
"SRR6929620","stx_B",1,1,"Complete stx","Roary",10,1,"stx2c"
"SRR6929620","stx_A",1,1,"Complete stx","Roary",50,1,"stx2c"
"SRR6929620","stx_B",1,1,"Complete stx","Roary",50,1,"stx2c"
"SRR6929620","stx_A",1,1,"Complete stx","Roary",90,1,"stx2c"
"SRR6929620","stx_B",1,1,"Complete stx","Roary",90,1,"stx2c"
"SRR6929620","stx_A",1,1,"Complete stx","Roary",100,1,"stx2c"
"SRR6929620","stx_B",1,1,"Complete stx","Roary",100,1,"stx2c"
"SRR6929620","stx_A",1,1,"Complete stx","ggCaller",0,2,"stx2c"
"SRR6929620","stx_B",1,1,"Complete stx","ggCaller",0,1,"stx2c"
"SRR6929620","stx_A",1,1,"Complete stx","ggCaller",10,2,"stx2c"
"SRR6929620","stx_B",1,1,"Complete stx","ggCaller",10,1,"stx2c"
"SRR6929620","stx_A",1,1,"Complete stx","ggCaller",50,3,"stx2c"
"SRR6929620","stx_B",1,1,"Complete stx","ggCaller",50,1,"stx2c"
"SRR6929620","stx_A",1,1,"Complete stx","ggCaller",90,3,"stx2c"
"SRR6929620","stx_B",1,1,"Complete stx","ggCaller",90,1,"stx2c"
"SRR6929620","stx_A",1,1,"Complete stx","ggCaller",100,3,"stx2c"
"SRR6929620","stx_B",1,1,"Complete stx","ggCaller",100,1,"stx2c"
"SRR6929621","stx_A",1,1,"Complete stx","BAKTA",0,1,"stx2c"
"SRR6929621","stx_B",1,1,"Complete stx","BAKTA",0,1,"stx2c"
"SRR6929621","stx_A",1,1,"Complete stx","BAKTA",100,1,"stx2c"
"SRR6929621","stx_B",1,1,"Complete stx","BAKTA",100,1,"stx2c"
"SRR6929621","stx_A",1,1,"Complete stx","PPanGGOLiN",0,1,"stx2c"
"SRR6929621","stx_B",1,1,"Complete stx","PPanGGOLiN",0,1,"stx2c"
"SRR6929621","stx_A",1,1,"Complete stx","PPanGGOLiN",10,1,"stx2c"
"SRR6929621","stx_B",1,1,"Complete stx","PPanGGOLiN",10,1,"stx2c"
"SRR6929621","stx_A",1,1,"Complete stx","PPanGGOLiN",50,1,"stx2c"
"SRR6929621","stx_B",1,1,"Complete stx","PPanGGOLiN",50,1,"stx2c"
"SRR6929621","stx_A",1,1,"Complete stx","PPanGGOLiN",90,1,"stx2c"
"SRR6929621","stx_B",1,1,"Complete stx","PPanGGOLiN",90,1,"stx2c"
"SRR6929621","stx_A",1,1,"Complete stx","PPanGGOLiN",100,1,"stx2c"
"SRR6929621","stx_B",1,1,"Complete stx","PPanGGOLiN",100,1,"stx2c"
"SRR6929621","stx_A",1,1,"Complete stx","Panaroo",0,1,"stx2c"
"SRR6929621","stx_B",1,1,"Complete stx","Panaroo",0,1,"stx2c"
"SRR6929621","stx_A",1,1,"Complete stx","Panaroo",10,1,"stx2c"
"SRR6929621","stx_B",1,1,"Complete stx","Panaroo",10,1,"stx2c"
"SRR6929621","stx_A",1,1,"Complete stx","Panaroo",50,1,"stx2c"
"SRR6929621","stx_B",1,1,"Complete stx","Panaroo",50,1,"stx2c"
"SRR6929621","stx_A",1,1,"Complete stx","Panaroo",90,1,"stx2c"
"SRR6929621","stx_B",1,1,"Complete stx","Panaroo",90,1,"stx2c"
"SRR6929621","stx_A",1,1,"Complete stx","Panaroo",100,1,"stx2c"
"SRR6929621","stx_B",1,1,"Complete stx","Panaroo",100,1,"stx2c"
"SRR6929621","stx_A",1,1,"Complete stx","Roary",0,1,"stx2c"
"SRR6929621","stx_B",1,1,"Complete stx","Roary",0,1,"stx2c"
"SRR6929621","stx_A",1,1,"Complete stx","Roary",10,1,"stx2c"
"SRR6929621","stx_B",1,1,"Complete stx","Roary",10,1,"stx2c"
"SRR6929621","stx_A",1,1,"Complete stx","Roary",50,1,"stx2c"
"SRR6929621","stx_B",1,1,"Complete stx","Roary",50,1,"stx2c"
"SRR6929621","stx_A",1,1,"Complete stx","Roary",90,1,"stx2c"
"SRR6929621","stx_B",1,1,"Complete stx","Roary",90,1,"stx2c"
"SRR6929621","stx_A",1,1,"Complete stx","Roary",100,1,"stx2c"
"SRR6929621","stx_B",1,1,"Complete stx","Roary",100,1,"stx2c"
"SRR6929621","stx_A",1,1,"Complete stx","ggCaller",0,2,"stx2c"
"SRR6929621","stx_B",1,1,"Complete stx","ggCaller",0,1,"stx2c"
"SRR6929621","stx_A",1,1,"Complete stx","ggCaller",10,2,"stx2c"
"SRR6929621","stx_B",1,1,"Complete stx","ggCaller",10,1,"stx2c"
"SRR6929621","stx_A",1,1,"Complete stx","ggCaller",50,3,"stx2c"
"SRR6929621","stx_B",1,1,"Complete stx","ggCaller",50,1,"stx2c"
"SRR6929621","stx_A",1,1,"Complete stx","ggCaller",90,3,"stx2c"
"SRR6929621","stx_B",1,1,"Complete stx","ggCaller",90,1,"stx2c"
"SRR6929621","stx_A",1,1,"Complete stx","ggCaller",100,3,"stx2c"
"SRR6929621","stx_B",1,1,"Complete stx","ggCaller",100,1,"stx2c"
"SRR6929622","stx_A",2,2,"Complete stx","BAKTA",0,2,"stx1a; stx2c"
"SRR6929622","stx_B",2,2,"Complete stx","BAKTA",0,2,"stx1a; stx2c"
"SRR6929622","stx_A",2,2,"Complete stx","BAKTA",100,2,"stx1a; stx2c"
"SRR6929622","stx_B",2,2,"Complete stx","BAKTA",100,2,"stx1a; stx2c"
"SRR6929622","stx_A",2,2,"Complete stx","PPanGGOLiN",0,2,"stx1a; stx2c"
"SRR6929622","stx_B",2,2,"Complete stx","PPanGGOLiN",0,2,"stx1a; stx2c"
"SRR6929622","stx_A",2,2,"Complete stx","PPanGGOLiN",10,2,"stx1a; stx2c"
"SRR6929622","stx_B",2,2,"Complete stx","PPanGGOLiN",10,2,"stx1a; stx2c"
"SRR6929622","stx_A",2,2,"Complete stx","PPanGGOLiN",50,2,"stx1a; stx2c"
"SRR6929622","stx_B",2,2,"Complete stx","PPanGGOLiN",50,2,"stx1a; stx2c"
"SRR6929622","stx_A",2,2,"Complete stx","PPanGGOLiN",90,2,"stx1a; stx2c"
"SRR6929622","stx_B",2,2,"Complete stx","PPanGGOLiN",90,2,"stx1a; stx2c"
"SRR6929622","stx_A",2,2,"Complete stx","PPanGGOLiN",100,2,"stx1a; stx2c"
"SRR6929622","stx_B",2,2,"Complete stx","PPanGGOLiN",100,2,"stx1a; stx2c"
"SRR6929622","stx_A",2,2,"Complete stx","Panaroo",0,2,"stx1a; stx2c"
"SRR6929622","stx_B",2,2,"Complete stx","Panaroo",0,2,"stx1a; stx2c"
"SRR6929622","stx_A",2,2,"Complete stx","Panaroo",10,2,"stx1a; stx2c"
"SRR6929622","stx_B",2,2,"Complete stx","Panaroo",10,2,"stx1a; stx2c"
"SRR6929622","stx_A",2,2,"Complete stx","Panaroo",50,2,"stx1a; stx2c"
"SRR6929622","stx_B",2,2,"Complete stx","Panaroo",50,2,"stx1a; stx2c"
"SRR6929622","stx_A",2,2,"Complete stx","Panaroo",90,2,"stx1a; stx2c"
"SRR6929622","stx_B",2,2,"Complete stx","Panaroo",90,2,"stx1a; stx2c"
"SRR6929622","stx_A",2,2,"Complete stx","Panaroo",100,2,"stx1a; stx2c"
"SRR6929622","stx_B",2,2,"Complete stx","Panaroo",100,2,"stx1a; stx2c"
"SRR6929622","stx_A",2,2,"Complete stx","Roary",0,1,"stx1a; stx2c"
"SRR6929622","stx_B",2,2,"Complete stx","Roary",0,1,"stx1a; stx2c"
"SRR6929622","stx_A",2,2,"Complete stx","Roary",10,1,"stx1a; stx2c"
"SRR6929622","stx_B",2,2,"Complete stx","Roary",10,1,"stx1a; stx2c"
"SRR6929622","stx_A",2,2,"Complete stx","Roary",50,1,"stx1a; stx2c"
"SRR6929622","stx_B",2,2,"Complete stx","Roary",50,1,"stx1a; stx2c"
"SRR6929622","stx_A",2,2,"Complete stx","Roary",90,1,"stx1a; stx2c"
"SRR6929622","stx_B",2,2,"Complete stx","Roary",90,1,"stx1a; stx2c"
"SRR6929622","stx_A",2,2,"Complete stx","Roary",100,1,"stx1a; stx2c"
"SRR6929622","stx_B",2,2,"Complete stx","Roary",100,1,"stx1a; stx2c"
"SRR6929622","stx_A",2,2,"Complete stx","ggCaller",0,3,"stx1a; stx2c"
"SRR6929622","stx_B",2,2,"Complete stx","ggCaller",0,2,"stx1a; stx2c"
"SRR6929622","stx_A",2,2,"Complete stx","ggCaller",10,3,"stx1a; stx2c"
"SRR6929622","stx_B",2,2,"Complete stx","ggCaller",10,2,"stx1a; stx2c"
"SRR6929622","stx_A",2,2,"Complete stx","ggCaller",50,4,"stx1a; stx2c"
"SRR6929622","stx_B",2,2,"Complete stx","ggCaller",50,2,"stx1a; stx2c"
"SRR6929622","stx_A",2,2,"Complete stx","ggCaller",90,4,"stx1a; stx2c"
"SRR6929622","stx_B",2,2,"Complete stx","ggCaller",90,2,"stx1a; stx2c"
"SRR6929622","stx_A",2,2,"Complete stx","ggCaller",100,4,"stx1a; stx2c"
"SRR6929622","stx_B",2,2,"Complete stx","ggCaller",100,2,"stx1a; stx2c"
"SRR6929623","stx_A",2,2,"Complete stx","BAKTA",0,2,"stx1a; stx2a"
"SRR6929623","stx_B",2,2,"Complete stx","BAKTA",0,2,"stx1a; stx2a"
"SRR6929623","stx_A",2,2,"Complete stx","BAKTA",100,2,"stx1a; stx2a"
"SRR6929623","stx_B",2,2,"Complete stx","BAKTA",100,2,"stx1a; stx2a"
"SRR6929623","stx_A",2,2,"Complete stx","PPanGGOLiN",0,2,"stx1a; stx2a"
"SRR6929623","stx_B",2,2,"Complete stx","PPanGGOLiN",0,2,"stx1a; stx2a"
"SRR6929623","stx_A",2,2,"Complete stx","PPanGGOLiN",10,2,"stx1a; stx2a"
"SRR6929623","stx_B",2,2,"Complete stx","PPanGGOLiN",10,2,"stx1a; stx2a"
"SRR6929623","stx_A",2,2,"Complete stx","PPanGGOLiN",50,2,"stx1a; stx2a"
"SRR6929623","stx_B",2,2,"Complete stx","PPanGGOLiN",50,2,"stx1a; stx2a"
"SRR6929623","stx_A",2,2,"Complete stx","PPanGGOLiN",90,2,"stx1a; stx2a"
"SRR6929623","stx_B",2,2,"Complete stx","PPanGGOLiN",90,2,"stx1a; stx2a"
"SRR6929623","stx_A",2,2,"Complete stx","PPanGGOLiN",100,2,"stx1a; stx2a"
"SRR6929623","stx_B",2,2,"Complete stx","PPanGGOLiN",100,2,"stx1a; stx2a"
"SRR6929623","stx_A",2,2,"Complete stx","Panaroo",0,2,"stx1a; stx2a"
"SRR6929623","stx_B",2,2,"Complete stx","Panaroo",0,2,"stx1a; stx2a"
"SRR6929623","stx_A",2,2,"Complete stx","Panaroo",10,2,"stx1a; stx2a"
"SRR6929623","stx_B",2,2,"Complete stx","Panaroo",10,2,"stx1a; stx2a"
"SRR6929623","stx_A",2,2,"Complete stx","Panaroo",50,2,"stx1a; stx2a"
"SRR6929623","stx_B",2,2,"Complete stx","Panaroo",50,2,"stx1a; stx2a"
"SRR6929623","stx_A",2,2,"Complete stx","Panaroo",90,2,"stx1a; stx2a"
"SRR6929623","stx_B",2,2,"Complete stx","Panaroo",90,2,"stx1a; stx2a"
"SRR6929623","stx_A",2,2,"Complete stx","Panaroo",100,2,"stx1a; stx2a"
"SRR6929623","stx_B",2,2,"Complete stx","Panaroo",100,2,"stx1a; stx2a"
"SRR6929623","stx_A",2,2,"Complete stx","Roary",0,1,"stx1a; stx2a"
"SRR6929623","stx_B",2,2,"Complete stx","Roary",0,1,"stx1a; stx2a"
"SRR6929623","stx_A",2,2,"Complete stx","Roary",10,1,"stx1a; stx2a"
"SRR6929623","stx_B",2,2,"Complete stx","Roary",10,1,"stx1a; stx2a"
"SRR6929623","stx_A",2,2,"Complete stx","Roary",50,1,"stx1a; stx2a"
"SRR6929623","stx_B",2,2,"Complete stx","Roary",50,1,"stx1a; stx2a"
"SRR6929623","stx_A",2,2,"Complete stx","Roary",90,1,"stx1a; stx2a"
"SRR6929623","stx_B",2,2,"Complete stx","Roary",90,1,"stx1a; stx2a"
"SRR6929623","stx_A",2,2,"Complete stx","Roary",100,1,"stx1a; stx2a"
"SRR6929623","stx_B",2,2,"Complete stx","Roary",100,1,"stx1a; stx2a"
"SRR6929623","stx_A",2,2,"Complete stx","ggCaller",0,2,"stx1a; stx2a"
"SRR6929623","stx_B",2,2,"Complete stx","ggCaller",0,2,"stx1a; stx2a"
"SRR6929623","stx_A",2,2,"Complete stx","ggCaller",10,2,"stx1a; stx2a"
"SRR6929623","stx_B",2,2,"Complete stx","ggCaller",10,2,"stx1a; stx2a"
"SRR6929623","stx_A",2,2,"Complete stx","ggCaller",50,4,"stx1a; stx2a"
"SRR6929623","stx_B",2,2,"Complete stx","ggCaller",50,2,"stx1a; stx2a"
"SRR6929623","stx_A",2,2,"Complete stx","ggCaller",90,4,"stx1a; stx2a"
"SRR6929623","stx_B",2,2,"Complete stx","ggCaller",90,2,"stx1a; stx2a"
"SRR6929623","stx_A",2,2,"Complete stx","ggCaller",100,4,"stx1a; stx2a"
"SRR6929623","stx_B",2,2,"Complete stx","ggCaller",100,2,"stx1a; stx2a"
"SRR6929624","stx_A",1,1,"Complete stx","BAKTA",0,1,"stx2c"
"SRR6929624","stx_B",1,1,"Complete stx","BAKTA",0,1,"stx2c"
"SRR6929624","stx_A",1,1,"Complete stx","BAKTA",100,1,"stx2c"
"SRR6929624","stx_B",1,1,"Complete stx","BAKTA",100,1,"stx2c"
"SRR6929624","stx_A",1,1,"Complete stx","PPanGGOLiN",0,1,"stx2c"
"SRR6929624","stx_B",1,1,"Complete stx","PPanGGOLiN",0,1,"stx2c"
"SRR6929624","stx_A",1,1,"Complete stx","PPanGGOLiN",10,1,"stx2c"
"SRR6929624","stx_B",1,1,"Complete stx","PPanGGOLiN",10,1,"stx2c"
"SRR6929624","stx_A",1,1,"Complete stx","PPanGGOLiN",50,1,"stx2c"
"SRR6929624","stx_B",1,1,"Complete stx","PPanGGOLiN",50,1,"stx2c"
"SRR6929624","stx_A",1,1,"Complete stx","PPanGGOLiN",90,1,"stx2c"
"SRR6929624","stx_B",1,1,"Complete stx","PPanGGOLiN",90,1,"stx2c"
"SRR6929624","stx_A",1,1,"Complete stx","PPanGGOLiN",100,1,"stx2c"
"SRR6929624","stx_B",1,1,"Complete stx","PPanGGOLiN",100,1,"stx2c"
"SRR6929624","stx_A",1,1,"Complete stx","Panaroo",0,1,"stx2c"
"SRR6929624","stx_B",1,1,"Complete stx","Panaroo",0,1,"stx2c"
"SRR6929624","stx_A",1,1,"Complete stx","Panaroo",10,1,"stx2c"
"SRR6929624","stx_B",1,1,"Complete stx","Panaroo",10,1,"stx2c"
"SRR6929624","stx_A",1,1,"Complete stx","Panaroo",50,1,"stx2c"
"SRR6929624","stx_B",1,1,"Complete stx","Panaroo",50,1,"stx2c"
"SRR6929624","stx_A",1,1,"Complete stx","Panaroo",90,1,"stx2c"
"SRR6929624","stx_B",1,1,"Complete stx","Panaroo",90,1,"stx2c"
"SRR6929624","stx_A",1,1,"Complete stx","Panaroo",100,1,"stx2c"
"SRR6929624","stx_B",1,1,"Complete stx","Panaroo",100,1,"stx2c"
"SRR6929624","stx_A",1,1,"Complete stx","Roary",0,1,"stx2c"
"SRR6929624","stx_B",1,1,"Complete stx","Roary",0,1,"stx2c"
"SRR6929624","stx_A",1,1,"Complete stx","Roary",10,1,"stx2c"
"SRR6929624","stx_B",1,1,"Complete stx","Roary",10,1,"stx2c"
"SRR6929624","stx_A",1,1,"Complete stx","Roary",50,1,"stx2c"
"SRR6929624","stx_B",1,1,"Complete stx","Roary",50,1,"stx2c"
"SRR6929624","stx_A",1,1,"Complete stx","Roary",90,1,"stx2c"
"SRR6929624","stx_B",1,1,"Complete stx","Roary",90,1,"stx2c"
"SRR6929624","stx_A",1,1,"Complete stx","Roary",100,1,"stx2c"
"SRR6929624","stx_B",1,1,"Complete stx","Roary",100,1,"stx2c"
"SRR6929624","stx_A",1,1,"Complete stx","ggCaller",0,2,"stx2c"
"SRR6929624","stx_B",1,1,"Complete stx","ggCaller",0,1,"stx2c"
"SRR6929624","stx_A",1,1,"Complete stx","ggCaller",10,2,"stx2c"
"SRR6929624","stx_B",1,1,"Complete stx","ggCaller",10,1,"stx2c"
"SRR6929624","stx_A",1,1,"Complete stx","ggCaller",50,3,"stx2c"
"SRR6929624","stx_B",1,1,"Complete stx","ggCaller",50,1,"stx2c"
"SRR6929624","stx_A",1,1,"Complete stx","ggCaller",90,3,"stx2c"
"SRR6929624","stx_B",1,1,"Complete stx","ggCaller",90,1,"stx2c"
"SRR6929624","stx_A",1,1,"Complete stx","ggCaller",100,3,"stx2c"
"SRR6929624","stx_B",1,1,"Complete stx","ggCaller",100,1,"stx2c"
"SRR6929625","stx_A",1,1,"Complete stx","BAKTA",0,1,"stx2c"
"SRR6929625","stx_B",1,1,"Complete stx","BAKTA",0,1,"stx2c"
"SRR6929625","stx_A",1,1,"Complete stx","BAKTA",100,1,"stx2c"
"SRR6929625","stx_B",1,1,"Complete stx","BAKTA",100,1,"stx2c"
"SRR6929625","stx_A",1,1,"Complete stx","PPanGGOLiN",0,1,"stx2c"
"SRR6929625","stx_B",1,1,"Complete stx","PPanGGOLiN",0,1,"stx2c"
"SRR6929625","stx_A",1,1,"Complete stx","PPanGGOLiN",10,1,"stx2c"
"SRR6929625","stx_B",1,1,"Complete stx","PPanGGOLiN",10,1,"stx2c"
"SRR6929625","stx_A",1,1,"Complete stx","PPanGGOLiN",50,1,"stx2c"
"SRR6929625","stx_B",1,1,"Complete stx","PPanGGOLiN",50,1,"stx2c"
"SRR6929625","stx_A",1,1,"Complete stx","PPanGGOLiN",90,1,"stx2c"
"SRR6929625","stx_B",1,1,"Complete stx","PPanGGOLiN",90,1,"stx2c"
"SRR6929625","stx_A",1,1,"Complete stx","PPanGGOLiN",100,1,"stx2c"
"SRR6929625","stx_B",1,1,"Complete stx","PPanGGOLiN",100,1,"stx2c"
"SRR6929625","stx_A",1,1,"Complete stx","Panaroo",0,1,"stx2c"
"SRR6929625","stx_B",1,1,"Complete stx","Panaroo",0,1,"stx2c"
"SRR6929625","stx_A",1,1,"Complete stx","Panaroo",10,1,"stx2c"
"SRR6929625","stx_B",1,1,"Complete stx","Panaroo",10,1,"stx2c"
"SRR6929625","stx_A",1,1,"Complete stx","Panaroo",50,1,"stx2c"
"SRR6929625","stx_B",1,1,"Complete stx","Panaroo",50,1,"stx2c"
"SRR6929625","stx_A",1,1,"Complete stx","Panaroo",90,1,"stx2c"
"SRR6929625","stx_B",1,1,"Complete stx","Panaroo",90,1,"stx2c"
"SRR6929625","stx_A",1,1,"Complete stx","Panaroo",100,1,"stx2c"
"SRR6929625","stx_B",1,1,"Complete stx","Panaroo",100,1,"stx2c"
"SRR6929625","stx_A",1,1,"Complete stx","Roary",0,1,"stx2c"
"SRR6929625","stx_B",1,1,"Complete stx","Roary",0,1,"stx2c"
"SRR6929625","stx_A",1,1,"Complete stx","Roary",10,1,"stx2c"
"SRR6929625","stx_B",1,1,"Complete stx","Roary",10,1,"stx2c"
"SRR6929625","stx_A",1,1,"Complete stx","Roary",50,1,"stx2c"
"SRR6929625","stx_B",1,1,"Complete stx","Roary",50,1,"stx2c"
"SRR6929625","stx_A",1,1,"Complete stx","Roary",90,1,"stx2c"
"SRR6929625","stx_B",1,1,"Complete stx","Roary",90,1,"stx2c"
"SRR6929625","stx_A",1,1,"Complete stx","Roary",100,1,"stx2c"
"SRR6929625","stx_B",1,1,"Complete stx","Roary",100,1,"stx2c"
"SRR6929625","stx_A",1,1,"Complete stx","ggCaller",0,2,"stx2c"
"SRR6929625","stx_B",1,1,"Complete stx","ggCaller",0,1,"stx2c"
"SRR6929625","stx_A",1,1,"Complete stx","ggCaller",10,2,"stx2c"
"SRR6929625","stx_B",1,1,"Complete stx","ggCaller",10,1,"stx2c"
"SRR6929625","stx_A",1,1,"Complete stx","ggCaller",50,3,"stx2c"
"SRR6929625","stx_B",1,1,"Complete stx","ggCaller",50,1,"stx2c"
"SRR6929625","stx_A",1,1,"Complete stx","ggCaller",90,3,"stx2c"
"SRR6929625","stx_B",1,1,"Complete stx","ggCaller",90,1,"stx2c"
"SRR6929625","stx_A",1,1,"Complete stx","ggCaller",100,3,"stx2c"
"SRR6929625","stx_B",1,1,"Complete stx","ggCaller",100,1,"stx2c"
"SRR6929626","stx_A",1,1,"Complete stx","BAKTA",0,1,"stx1a"
"SRR6929626","stx_B",1,1,"Complete stx","BAKTA",0,1,"stx1a"
"SRR6929626","stx_A",1,1,"Complete stx","BAKTA",100,1,"stx1a"
"SRR6929626","stx_B",1,1,"Complete stx","BAKTA",100,1,"stx1a"
"SRR6929626","stx_A",1,1,"Complete stx","PPanGGOLiN",0,1,"stx1a"
"SRR6929626","stx_B",1,1,"Complete stx","PPanGGOLiN",0,1,"stx1a"
"SRR6929626","stx_A",1,1,"Complete stx","PPanGGOLiN",10,1,"stx1a"
"SRR6929626","stx_B",1,1,"Complete stx","PPanGGOLiN",10,1,"stx1a"
"SRR6929626","stx_A",1,1,"Complete stx","PPanGGOLiN",50,1,"stx1a"
"SRR6929626","stx_B",1,1,"Complete stx","PPanGGOLiN",50,1,"stx1a"
"SRR6929626","stx_A",1,1,"Complete stx","PPanGGOLiN",90,1,"stx1a"
"SRR6929626","stx_B",1,1,"Complete stx","PPanGGOLiN",90,1,"stx1a"
"SRR6929626","stx_A",1,1,"Complete stx","PPanGGOLiN",100,1,"stx1a"
"SRR6929626","stx_B",1,1,"Complete stx","PPanGGOLiN",100,1,"stx1a"
"SRR6929626","stx_A",1,1,"Complete stx","Panaroo",0,1,"stx1a"
"SRR6929626","stx_B",1,1,"Complete stx","Panaroo",0,1,"stx1a"
"SRR6929626","stx_A",1,1,"Complete stx","Panaroo",10,1,"stx1a"
"SRR6929626","stx_B",1,1,"Complete stx","Panaroo",10,1,"stx1a"
"SRR6929626","stx_A",1,1,"Complete stx","Panaroo",50,1,"stx1a"
"SRR6929626","stx_B",1,1,"Complete stx","Panaroo",50,1,"stx1a"
"SRR6929626","stx_A",1,1,"Complete stx","Panaroo",90,1,"stx1a"
"SRR6929626","stx_B",1,1,"Complete stx","Panaroo",90,1,"stx1a"
"SRR6929626","stx_A",1,1,"Complete stx","Panaroo",100,1,"stx1a"
"SRR6929626","stx_B",1,1,"Complete stx","Panaroo",100,1,"stx1a"
"SRR6929626","stx_A",1,1,"Complete stx","Roary",0,1,"stx1a"
"SRR6929626","stx_B",1,1,"Complete stx","Roary",0,1,"stx1a"
"SRR6929626","stx_A",1,1,"Complete stx","Roary",10,1,"stx1a"
"SRR6929626","stx_B",1,1,"Complete stx","Roary",10,1,"stx1a"
"SRR6929626","stx_A",1,1,"Complete stx","Roary",50,1,"stx1a"
"SRR6929626","stx_B",1,1,"Complete stx","Roary",50,1,"stx1a"
"SRR6929626","stx_A",1,1,"Complete stx","Roary",90,1,"stx1a"
"SRR6929626","stx_B",1,1,"Complete stx","Roary",90,1,"stx1a"
"SRR6929626","stx_A",1,1,"Complete stx","Roary",100,1,"stx1a"
"SRR6929626","stx_B",1,1,"Complete stx","Roary",100,1,"stx1a"
"SRR6929626","stx_A",1,1,"Complete stx","ggCaller",0,1,"stx1a"
"SRR6929626","stx_B",1,1,"Complete stx","ggCaller",0,1,"stx1a"
"SRR6929626","stx_A",1,1,"Complete stx","ggCaller",10,1,"stx1a"
"SRR6929626","stx_B",1,1,"Complete stx","ggCaller",10,1,"stx1a"
"SRR6929626","stx_A",1,1,"Complete stx","ggCaller",50,1,"stx1a"
"SRR6929626","stx_B",1,1,"Complete stx","ggCaller",50,1,"stx1a"
"SRR6929626","stx_A",1,1,"Complete stx","ggCaller",90,1,"stx1a"
"SRR6929626","stx_B",1,1,"Complete stx","ggCaller",90,1,"stx1a"
"SRR6929626","stx_A",1,1,"Complete stx","ggCaller",100,1,"stx1a"
"SRR6929626","stx_B",1,1,"Complete stx","ggCaller",100,1,"stx1a"
"SRR6929627","stx_A",1,1,"Complete stx","BAKTA",0,1,"stx2c"
"SRR6929627","stx_B",1,1,"Complete stx","BAKTA",0,1,"stx2c"
"SRR6929627","stx_A",1,1,"Complete stx","BAKTA",100,1,"stx2c"
"SRR6929627","stx_B",1,1,"Complete stx","BAKTA",100,1,"stx2c"
"SRR6929627","stx_A",1,1,"Complete stx","PPanGGOLiN",0,1,"stx2c"
"SRR6929627","stx_B",1,1,"Complete stx","PPanGGOLiN",0,1,"stx2c"
"SRR6929627","stx_A",1,1,"Complete stx","PPanGGOLiN",10,1,"stx2c"
"SRR6929627","stx_B",1,1,"Complete stx","PPanGGOLiN",10,1,"stx2c"
"SRR6929627","stx_A",1,1,"Complete stx","PPanGGOLiN",50,1,"stx2c"
"SRR6929627","stx_B",1,1,"Complete stx","PPanGGOLiN",50,1,"stx2c"
"SRR6929627","stx_A",1,1,"Complete stx","PPanGGOLiN",90,1,"stx2c"
"SRR6929627","stx_B",1,1,"Complete stx","PPanGGOLiN",90,1,"stx2c"
"SRR6929627","stx_A",1,1,"Complete stx","PPanGGOLiN",100,1,"stx2c"
"SRR6929627","stx_B",1,1,"Complete stx","PPanGGOLiN",100,1,"stx2c"
"SRR6929627","stx_A",1,1,"Complete stx","Panaroo",0,1,"stx2c"
"SRR6929627","stx_B",1,1,"Complete stx","Panaroo",0,1,"stx2c"
"SRR6929627","stx_A",1,1,"Complete stx","Panaroo",10,1,"stx2c"
"SRR6929627","stx_B",1,1,"Complete stx","Panaroo",10,1,"stx2c"
"SRR6929627","stx_A",1,1,"Complete stx","Panaroo",50,1,"stx2c"
"SRR6929627","stx_B",1,1,"Complete stx","Panaroo",50,1,"stx2c"
"SRR6929627","stx_A",1,1,"Complete stx","Panaroo",90,1,"stx2c"
"SRR6929627","stx_B",1,1,"Complete stx","Panaroo",90,1,"stx2c"
"SRR6929627","stx_A",1,1,"Complete stx","Panaroo",100,1,"stx2c"
"SRR6929627","stx_B",1,1,"Complete stx","Panaroo",100,1,"stx2c"
"SRR6929627","stx_A",1,1,"Complete stx","Roary",0,1,"stx2c"
"SRR6929627","stx_B",1,1,"Complete stx","Roary",0,1,"stx2c"
"SRR6929627","stx_A",1,1,"Complete stx","Roary",10,1,"stx2c"
"SRR6929627","stx_B",1,1,"Complete stx","Roary",10,1,"stx2c"
"SRR6929627","stx_A",1,1,"Complete stx","Roary",50,1,"stx2c"
"SRR6929627","stx_B",1,1,"Complete stx","Roary",50,1,"stx2c"
"SRR6929627","stx_A",1,1,"Complete stx","Roary",90,1,"stx2c"
"SRR6929627","stx_B",1,1,"Complete stx","Roary",90,1,"stx2c"
"SRR6929627","stx_A",1,1,"Complete stx","Roary",100,1,"stx2c"
"SRR6929627","stx_B",1,1,"Complete stx","Roary",100,1,"stx2c"
"SRR6929627","stx_A",1,1,"Complete stx","ggCaller",0,2,"stx2c"
"SRR6929627","stx_B",1,1,"Complete stx","ggCaller",0,1,"stx2c"
"SRR6929627","stx_A",1,1,"Complete stx","ggCaller",10,2,"stx2c"
"SRR6929627","stx_B",1,1,"Complete stx","ggCaller",10,1,"stx2c"
"SRR6929627","stx_A",1,1,"Complete stx","ggCaller",50,3,"stx2c"
"SRR6929627","stx_B",1,1,"Complete stx","ggCaller",50,1,"stx2c"
"SRR6929627","stx_A",1,1,"Complete stx","ggCaller",90,3,"stx2c"
"SRR6929627","stx_B",1,1,"Complete stx","ggCaller",90,1,"stx2c"
"SRR6929627","stx_A",1,1,"Complete stx","ggCaller",100,3,"stx2c"
"SRR6929627","stx_B",1,1,"Complete stx","ggCaller",100,1,"stx2c"
"SRR6929628","stx_A",1,1,"Complete stx","BAKTA",0,1,"stx2c"
"SRR6929628","stx_B",1,1,"Complete stx","BAKTA",0,1,"stx2c"
"SRR6929628","stx_A",1,1,"Complete stx","BAKTA",100,1,"stx2c"
"SRR6929628","stx_B",1,1,"Complete stx","BAKTA",100,1,"stx2c"
"SRR6929628","stx_A",1,1,"Complete stx","PPanGGOLiN",0,1,"stx2c"
"SRR6929628","stx_B",1,1,"Complete stx","PPanGGOLiN",0,1,"stx2c"
"SRR6929628","stx_A",1,1,"Complete stx","PPanGGOLiN",10,1,"stx2c"
"SRR6929628","stx_B",1,1,"Complete stx","PPanGGOLiN",10,1,"stx2c"
"SRR6929628","stx_A",1,1,"Complete stx","PPanGGOLiN",50,1,"stx2c"
"SRR6929628","stx_B",1,1,"Complete stx","PPanGGOLiN",50,1,"stx2c"
"SRR6929628","stx_A",1,1,"Complete stx","PPanGGOLiN",90,1,"stx2c"
"SRR6929628","stx_B",1,1,"Complete stx","PPanGGOLiN",90,1,"stx2c"
"SRR6929628","stx_A",1,1,"Complete stx","PPanGGOLiN",100,1,"stx2c"
"SRR6929628","stx_B",1,1,"Complete stx","PPanGGOLiN",100,1,"stx2c"
"SRR6929628","stx_A",1,1,"Complete stx","Panaroo",0,1,"stx2c"
"SRR6929628","stx_B",1,1,"Complete stx","Panaroo",0,1,"stx2c"
"SRR6929628","stx_A",1,1,"Complete stx","Panaroo",10,1,"stx2c"
"SRR6929628","stx_B",1,1,"Complete stx","Panaroo",10,1,"stx2c"
"SRR6929628","stx_A",1,1,"Complete stx","Panaroo",50,1,"stx2c"
"SRR6929628","stx_B",1,1,"Complete stx","Panaroo",50,1,"stx2c"
"SRR6929628","stx_A",1,1,"Complete stx","Panaroo",90,1,"stx2c"
"SRR6929628","stx_B",1,1,"Complete stx","Panaroo",90,1,"stx2c"
"SRR6929628","stx_A",1,1,"Complete stx","Panaroo",100,1,"stx2c"
"SRR6929628","stx_B",1,1,"Complete stx","Panaroo",100,1,"stx2c"
"SRR6929628","stx_A",1,1,"Complete stx","Roary",0,1,"stx2c"
"SRR6929628","stx_B",1,1,"Complete stx","Roary",0,1,"stx2c"
"SRR6929628","stx_A",1,1,"Complete stx","Roary",10,1,"stx2c"
"SRR6929628","stx_B",1,1,"Complete stx","Roary",10,1,"stx2c"
"SRR6929628","stx_A",1,1,"Complete stx","Roary",50,1,"stx2c"
"SRR6929628","stx_B",1,1,"Complete stx","Roary",50,1,"stx2c"
"SRR6929628","stx_A",1,1,"Complete stx","Roary",90,1,"stx2c"
"SRR6929628","stx_B",1,1,"Complete stx","Roary",90,1,"stx2c"
"SRR6929628","stx_A",1,1,"Complete stx","Roary",100,1,"stx2c"
"SRR6929628","stx_B",1,1,"Complete stx","Roary",100,1,"stx2c"
"SRR6929628","stx_A",1,1,"Complete stx","ggCaller",0,2,"stx2c"
"SRR6929628","stx_B",1,1,"Complete stx","ggCaller",0,1,"stx2c"
"SRR6929628","stx_A",1,1,"Complete stx","ggCaller",10,2,"stx2c"
"SRR6929628","stx_B",1,1,"Complete stx","ggCaller",10,1,"stx2c"
"SRR6929628","stx_A",1,1,"Complete stx","ggCaller",50,3,"stx2c"
"SRR6929628","stx_B",1,1,"Complete stx","ggCaller",50,1,"stx2c"
"SRR6929628","stx_A",1,1,"Complete stx","ggCaller",90,3,"stx2c"
"SRR6929628","stx_B",1,1,"Complete stx","ggCaller",90,1,"stx2c"
"SRR6929628","stx_A",1,1,"Complete stx","ggCaller",100,3,"stx2c"
"SRR6929628","stx_B",1,1,"Complete stx","ggCaller",100,1,"stx2c"
"SRR6929630","stx_A",1,1,"Complete stx","BAKTA",0,1,"stx2c"
"SRR6929630","stx_B",1,1,"Complete stx","BAKTA",0,1,"stx2c"
"SRR6929630","stx_A",1,1,"Complete stx","BAKTA",100,1,"stx2c"
"SRR6929630","stx_B",1,1,"Complete stx","BAKTA",100,1,"stx2c"
"SRR6929630","stx_A",1,1,"Complete stx","PPanGGOLiN",0,1,"stx2c"
"SRR6929630","stx_B",1,1,"Complete stx","PPanGGOLiN",0,1,"stx2c"
"SRR6929630","stx_A",1,1,"Complete stx","PPanGGOLiN",10,1,"stx2c"
"SRR6929630","stx_B",1,1,"Complete stx","PPanGGOLiN",10,1,"stx2c"
"SRR6929630","stx_A",1,1,"Complete stx","PPanGGOLiN",50,1,"stx2c"
"SRR6929630","stx_B",1,1,"Complete stx","PPanGGOLiN",50,1,"stx2c"
"SRR6929630","stx_A",1,1,"Complete stx","PPanGGOLiN",90,1,"stx2c"
"SRR6929630","stx_B",1,1,"Complete stx","PPanGGOLiN",90,1,"stx2c"
"SRR6929630","stx_A",1,1,"Complete stx","PPanGGOLiN",100,1,"stx2c"
"SRR6929630","stx_B",1,1,"Complete stx","PPanGGOLiN",100,1,"stx2c"
"SRR6929630","stx_A",1,1,"Complete stx","Panaroo",0,1,"stx2c"
"SRR6929630","stx_B",1,1,"Complete stx","Panaroo",0,1,"stx2c"
"SRR6929630","stx_A",1,1,"Complete stx","Panaroo",10,1,"stx2c"
"SRR6929630","stx_B",1,1,"Complete stx","Panaroo",10,1,"stx2c"
"SRR6929630","stx_A",1,1,"Complete stx","Panaroo",50,1,"stx2c"
"SRR6929630","stx_B",1,1,"Complete stx","Panaroo",50,1,"stx2c"
"SRR6929630","stx_A",1,1,"Complete stx","Panaroo",90,1,"stx2c"
"SRR6929630","stx_B",1,1,"Complete stx","Panaroo",90,1,"stx2c"
"SRR6929630","stx_A",1,1,"Complete stx","Panaroo",100,1,"stx2c"
"SRR6929630","stx_B",1,1,"Complete stx","Panaroo",100,1,"stx2c"
"SRR6929630","stx_A",1,1,"Complete stx","Roary",0,1,"stx2c"
"SRR6929630","stx_B",1,1,"Complete stx","Roary",0,1,"stx2c"
"SRR6929630","stx_A",1,1,"Complete stx","Roary",10,1,"stx2c"
"SRR6929630","stx_B",1,1,"Complete stx","Roary",10,1,"stx2c"
"SRR6929630","stx_A",1,1,"Complete stx","Roary",50,1,"stx2c"
"SRR6929630","stx_B",1,1,"Complete stx","Roary",50,1,"stx2c"
"SRR6929630","stx_A",1,1,"Complete stx","Roary",90,1,"stx2c"
"SRR6929630","stx_B",1,1,"Complete stx","Roary",90,1,"stx2c"
"SRR6929630","stx_A",1,1,"Complete stx","Roary",100,1,"stx2c"
"SRR6929630","stx_B",1,1,"Complete stx","Roary",100,1,"stx2c"
"SRR6929630","stx_A",1,1,"Complete stx","ggCaller",0,2,"stx2c"
"SRR6929630","stx_B",1,1,"Complete stx","ggCaller",0,1,"stx2c"
"SRR6929630","stx_A",1,1,"Complete stx","ggCaller",10,2,"stx2c"
"SRR6929630","stx_B",1,1,"Complete stx","ggCaller",10,1,"stx2c"
"SRR6929630","stx_A",1,1,"Complete stx","ggCaller",50,3,"stx2c"
"SRR6929630","stx_B",1,1,"Complete stx","ggCaller",50,1,"stx2c"
"SRR6929630","stx_A",1,1,"Complete stx","ggCaller",90,3,"stx2c"
"SRR6929630","stx_B",1,1,"Complete stx","ggCaller",90,1,"stx2c"
"SRR6929630","stx_A",1,1,"Complete stx","ggCaller",100,3,"stx2c"
"SRR6929630","stx_B",1,1,"Complete stx","ggCaller",100,1,"stx2c"
"SRR6929631","stx_A",1,1,"Complete stx","BAKTA",0,1,"stx2c"
"SRR6929631","stx_B",1,1,"Complete stx","BAKTA",0,1,"stx2c"
"SRR6929631","stx_A",1,1,"Complete stx","BAKTA",100,1,"stx2c"
"SRR6929631","stx_B",1,1,"Complete stx","BAKTA",100,1,"stx2c"
"SRR6929631","stx_A",1,1,"Complete stx","PPanGGOLiN",0,1,"stx2c"
"SRR6929631","stx_B",1,1,"Complete stx","PPanGGOLiN",0,1,"stx2c"
"SRR6929631","stx_A",1,1,"Complete stx","PPanGGOLiN",10,1,"stx2c"
"SRR6929631","stx_B",1,1,"Complete stx","PPanGGOLiN",10,1,"stx2c"
"SRR6929631","stx_A",1,1,"Complete stx","PPanGGOLiN",50,1,"stx2c"
"SRR6929631","stx_B",1,1,"Complete stx","PPanGGOLiN",50,1,"stx2c"
"SRR6929631","stx_A",1,1,"Complete stx","PPanGGOLiN",90,1,"stx2c"
"SRR6929631","stx_B",1,1,"Complete stx","PPanGGOLiN",90,1,"stx2c"
"SRR6929631","stx_A",1,1,"Complete stx","PPanGGOLiN",100,1,"stx2c"
"SRR6929631","stx_B",1,1,"Complete stx","PPanGGOLiN",100,1,"stx2c"
"SRR6929631","stx_A",1,1,"Complete stx","Panaroo",0,1,"stx2c"
"SRR6929631","stx_B",1,1,"Complete stx","Panaroo",0,1,"stx2c"
"SRR6929631","stx_A",1,1,"Complete stx","Panaroo",10,1,"stx2c"
"SRR6929631","stx_B",1,1,"Complete stx","Panaroo",10,1,"stx2c"
"SRR6929631","stx_A",1,1,"Complete stx","Panaroo",50,1,"stx2c"
"SRR6929631","stx_B",1,1,"Complete stx","Panaroo",50,1,"stx2c"
"SRR6929631","stx_A",1,1,"Complete stx","Panaroo",90,1,"stx2c"
"SRR6929631","stx_B",1,1,"Complete stx","Panaroo",90,1,"stx2c"
"SRR6929631","stx_A",1,1,"Complete stx","Panaroo",100,1,"stx2c"
"SRR6929631","stx_B",1,1,"Complete stx","Panaroo",100,1,"stx2c"
"SRR6929631","stx_A",1,1,"Complete stx","Roary",0,1,"stx2c"
"SRR6929631","stx_B",1,1,"Complete stx","Roary",0,1,"stx2c"
"SRR6929631","stx_A",1,1,"Complete stx","Roary",10,1,"stx2c"
"SRR6929631","stx_B",1,1,"Complete stx","Roary",10,1,"stx2c"
"SRR6929631","stx_A",1,1,"Complete stx","Roary",50,1,"stx2c"
"SRR6929631","stx_B",1,1,"Complete stx","Roary",50,1,"stx2c"
"SRR6929631","stx_A",1,1,"Complete stx","Roary",90,1,"stx2c"
"SRR6929631","stx_B",1,1,"Complete stx","Roary",90,1,"stx2c"
"SRR6929631","stx_A",1,1,"Complete stx","Roary",100,1,"stx2c"
"SRR6929631","stx_B",1,1,"Complete stx","Roary",100,1,"stx2c"
"SRR6929631","stx_A",1,1,"Complete stx","ggCaller",0,2,"stx2c"
"SRR6929631","stx_B",1,1,"Complete stx","ggCaller",0,1,"stx2c"
"SRR6929631","stx_A",1,1,"Complete stx","ggCaller",10,2,"stx2c"
"SRR6929631","stx_B",1,1,"Complete stx","ggCaller",10,1,"stx2c"
"SRR6929631","stx_A",1,1,"Complete stx","ggCaller",50,3,"stx2c"
"SRR6929631","stx_B",1,1,"Complete stx","ggCaller",50,1,"stx2c"
"SRR6929631","stx_A",1,1,"Complete stx","ggCaller",90,3,"stx2c"
"SRR6929631","stx_B",1,1,"Complete stx","ggCaller",90,1,"stx2c"
"SRR6929631","stx_A",1,1,"Complete stx","ggCaller",100,3,"stx2c"
"SRR6929631","stx_B",1,1,"Complete stx","ggCaller",100,1,"stx2c"
"SRR6929632","stx_A",1,1,"Complete stx","BAKTA",0,1,"stx2a"
"SRR6929632","stx_B",1,1,"Complete stx","BAKTA",0,1,"stx2a"
"SRR6929632","stx_A",1,1,"Complete stx","BAKTA",100,1,"stx2a"
"SRR6929632","stx_B",1,1,"Complete stx","BAKTA",100,1,"stx2a"
"SRR6929632","stx_A",1,1,"Complete stx","PPanGGOLiN",0,1,"stx2a"
"SRR6929632","stx_B",1,1,"Complete stx","PPanGGOLiN",0,1,"stx2a"
"SRR6929632","stx_A",1,1,"Complete stx","PPanGGOLiN",10,1,"stx2a"
"SRR6929632","stx_B",1,1,"Complete stx","PPanGGOLiN",10,1,"stx2a"
"SRR6929632","stx_A",1,1,"Complete stx","PPanGGOLiN",50,1,"stx2a"
"SRR6929632","stx_B",1,1,"Complete stx","PPanGGOLiN",50,1,"stx2a"
"SRR6929632","stx_A",1,1,"Complete stx","PPanGGOLiN",90,1,"stx2a"
"SRR6929632","stx_B",1,1,"Complete stx","PPanGGOLiN",90,1,"stx2a"
"SRR6929632","stx_A",1,1,"Complete stx","PPanGGOLiN",100,1,"stx2a"
"SRR6929632","stx_B",1,1,"Complete stx","PPanGGOLiN",100,1,"stx2a"
"SRR6929632","stx_A",1,1,"Complete stx","Panaroo",0,1,"stx2a"
"SRR6929632","stx_B",1,1,"Complete stx","Panaroo",0,1,"stx2a"
"SRR6929632","stx_A",1,1,"Complete stx","Panaroo",10,1,"stx2a"
"SRR6929632","stx_B",1,1,"Complete stx","Panaroo",10,1,"stx2a"
"SRR6929632","stx_A",1,1,"Complete stx","Panaroo",50,1,"stx2a"
"SRR6929632","stx_B",1,1,"Complete stx","Panaroo",50,1,"stx2a"
"SRR6929632","stx_A",1,1,"Complete stx","Panaroo",90,1,"stx2a"
"SRR6929632","stx_B",1,1,"Complete stx","Panaroo",90,1,"stx2a"
"SRR6929632","stx_A",1,1,"Complete stx","Panaroo",100,1,"stx2a"
"SRR6929632","stx_B",1,1,"Complete stx","Panaroo",100,1,"stx2a"
"SRR6929632","stx_A",1,1,"Complete stx","Roary",0,1,"stx2a"
"SRR6929632","stx_B",1,1,"Complete stx","Roary",0,1,"stx2a"
"SRR6929632","stx_A",1,1,"Complete stx","Roary",10,1,"stx2a"
"SRR6929632","stx_B",1,1,"Complete stx","Roary",10,1,"stx2a"
"SRR6929632","stx_A",1,1,"Complete stx","Roary",50,1,"stx2a"
"SRR6929632","stx_B",1,1,"Complete stx","Roary",50,1,"stx2a"
"SRR6929632","stx_A",1,1,"Complete stx","Roary",90,1,"stx2a"
"SRR6929632","stx_B",1,1,"Complete stx","Roary",90,1,"stx2a"
"SRR6929632","stx_A",1,1,"Complete stx","Roary",100,1,"stx2a"
"SRR6929632","stx_B",1,1,"Complete stx","Roary",100,1,"stx2a"
"SRR6929632","stx_A",1,1,"Complete stx","ggCaller",0,1,"stx2a"
"SRR6929632","stx_B",1,1,"Complete stx","ggCaller",0,1,"stx2a"
"SRR6929632","stx_A",1,1,"Complete stx","ggCaller",10,1,"stx2a"
"SRR6929632","stx_B",1,1,"Complete stx","ggCaller",10,1,"stx2a"
"SRR6929632","stx_A",1,1,"Complete stx","ggCaller",50,3,"stx2a"
"SRR6929632","stx_B",1,1,"Complete stx","ggCaller",50,2,"stx2a"
"SRR6929632","stx_A",1,1,"Complete stx","ggCaller",90,3,"stx2a"
"SRR6929632","stx_B",1,1,"Complete stx","ggCaller",90,2,"stx2a"
"SRR6929632","stx_A",1,1,"Complete stx","ggCaller",100,3,"stx2a"
"SRR6929632","stx_B",1,1,"Complete stx","ggCaller",100,2,"stx2a"
"SRR6929633","stx_A",1,1,"Complete stx","BAKTA",0,1,"stx2a"
"SRR6929633","stx_B",1,1,"Complete stx","BAKTA",0,1,"stx2a"
"SRR6929633","stx_A",1,1,"Complete stx","BAKTA",100,1,"stx2a"
"SRR6929633","stx_B",1,1,"Complete stx","BAKTA",100,1,"stx2a"
"SRR6929633","stx_A",1,1,"Complete stx","PPanGGOLiN",0,1,"stx2a"
"SRR6929633","stx_B",1,1,"Complete stx","PPanGGOLiN",0,1,"stx2a"
"SRR6929633","stx_A",1,1,"Complete stx","PPanGGOLiN",10,1,"stx2a"
"SRR6929633","stx_B",1,1,"Complete stx","PPanGGOLiN",10,1,"stx2a"
"SRR6929633","stx_A",1,1,"Complete stx","PPanGGOLiN",50,1,"stx2a"
"SRR6929633","stx_B",1,1,"Complete stx","PPanGGOLiN",50,1,"stx2a"
"SRR6929633","stx_A",1,1,"Complete stx","PPanGGOLiN",90,1,"stx2a"
"SRR6929633","stx_B",1,1,"Complete stx","PPanGGOLiN",90,1,"stx2a"
"SRR6929633","stx_A",1,1,"Complete stx","PPanGGOLiN",100,1,"stx2a"
"SRR6929633","stx_B",1,1,"Complete stx","PPanGGOLiN",100,1,"stx2a"
"SRR6929633","stx_A",1,1,"Complete stx","Panaroo",0,1,"stx2a"
"SRR6929633","stx_B",1,1,"Complete stx","Panaroo",0,1,"stx2a"
"SRR6929633","stx_A",1,1,"Complete stx","Panaroo",10,1,"stx2a"
"SRR6929633","stx_B",1,1,"Complete stx","Panaroo",10,1,"stx2a"
"SRR6929633","stx_A",1,1,"Complete stx","Panaroo",50,1,"stx2a"
"SRR6929633","stx_B",1,1,"Complete stx","Panaroo",50,1,"stx2a"
"SRR6929633","stx_A",1,1,"Complete stx","Panaroo",90,1,"stx2a"
"SRR6929633","stx_B",1,1,"Complete stx","Panaroo",90,1,"stx2a"
"SRR6929633","stx_A",1,1,"Complete stx","Panaroo",100,1,"stx2a"
"SRR6929633","stx_B",1,1,"Complete stx","Panaroo",100,1,"stx2a"
"SRR6929633","stx_A",1,1,"Complete stx","Roary",0,1,"stx2a"
"SRR6929633","stx_B",1,1,"Complete stx","Roary",0,1,"stx2a"
"SRR6929633","stx_A",1,1,"Complete stx","Roary",10,1,"stx2a"
"SRR6929633","stx_B",1,1,"Complete stx","Roary",10,1,"stx2a"
"SRR6929633","stx_A",1,1,"Complete stx","Roary",50,1,"stx2a"
"SRR6929633","stx_B",1,1,"Complete stx","Roary",50,1,"stx2a"
"SRR6929633","stx_A",1,1,"Complete stx","Roary",90,1,"stx2a"
"SRR6929633","stx_B",1,1,"Complete stx","Roary",90,1,"stx2a"
"SRR6929633","stx_A",1,1,"Complete stx","Roary",100,1,"stx2a"
"SRR6929633","stx_B",1,1,"Complete stx","Roary",100,1,"stx2a"
"SRR6929633","stx_A",1,1,"Complete stx","ggCaller",0,1,"stx2a"
"SRR6929633","stx_B",1,1,"Complete stx","ggCaller",0,1,"stx2a"
"SRR6929633","stx_A",1,1,"Complete stx","ggCaller",10,1,"stx2a"
"SRR6929633","stx_B",1,1,"Complete stx","ggCaller",10,1,"stx2a"
"SRR6929633","stx_A",1,1,"Complete stx","ggCaller",50,3,"stx2a"
"SRR6929633","stx_B",1,1,"Complete stx","ggCaller",50,2,"stx2a"
"SRR6929633","stx_A",1,1,"Complete stx","ggCaller",90,3,"stx2a"
"SRR6929633","stx_B",1,1,"Complete stx","ggCaller",90,2,"stx2a"
"SRR6929633","stx_A",1,1,"Complete stx","ggCaller",100,3,"stx2a"
"SRR6929633","stx_B",1,1,"Complete stx","ggCaller",100,2,"stx2a"
"SRR6929634","stx_A",1,1,"Complete stx","BAKTA",0,1,"stx2a"
"SRR6929634","stx_B",1,1,"Complete stx","BAKTA",0,1,"stx2a"
"SRR6929634","stx_A",1,1,"Complete stx","BAKTA",100,1,"stx2a"
"SRR6929634","stx_B",1,1,"Complete stx","BAKTA",100,1,"stx2a"
"SRR6929634","stx_A",1,1,"Complete stx","PPanGGOLiN",0,1,"stx2a"
"SRR6929634","stx_B",1,1,"Complete stx","PPanGGOLiN",0,1,"stx2a"
"SRR6929634","stx_A",1,1,"Complete stx","PPanGGOLiN",10,1,"stx2a"
"SRR6929634","stx_B",1,1,"Complete stx","PPanGGOLiN",10,1,"stx2a"
"SRR6929634","stx_A",1,1,"Complete stx","PPanGGOLiN",50,1,"stx2a"
"SRR6929634","stx_B",1,1,"Complete stx","PPanGGOLiN",50,1,"stx2a"
"SRR6929634","stx_A",1,1,"Complete stx","PPanGGOLiN",90,1,"stx2a"
"SRR6929634","stx_B",1,1,"Complete stx","PPanGGOLiN",90,1,"stx2a"
"SRR6929634","stx_A",1,1,"Complete stx","PPanGGOLiN",100,1,"stx2a"
"SRR6929634","stx_B",1,1,"Complete stx","PPanGGOLiN",100,1,"stx2a"
"SRR6929634","stx_A",1,1,"Complete stx","Panaroo",0,1,"stx2a"
"SRR6929634","stx_B",1,1,"Complete stx","Panaroo",0,1,"stx2a"
"SRR6929634","stx_A",1,1,"Complete stx","Panaroo",10,1,"stx2a"
"SRR6929634","stx_B",1,1,"Complete stx","Panaroo",10,1,"stx2a"
"SRR6929634","stx_A",1,1,"Complete stx","Panaroo",50,1,"stx2a"
"SRR6929634","stx_B",1,1,"Complete stx","Panaroo",50,1,"stx2a"
"SRR6929634","stx_A",1,1,"Complete stx","Panaroo",90,1,"stx2a"
"SRR6929634","stx_B",1,1,"Complete stx","Panaroo",90,1,"stx2a"
"SRR6929634","stx_A",1,1,"Complete stx","Panaroo",100,1,"stx2a"
"SRR6929634","stx_B",1,1,"Complete stx","Panaroo",100,1,"stx2a"
"SRR6929634","stx_A",1,1,"Complete stx","Roary",0,1,"stx2a"
"SRR6929634","stx_B",1,1,"Complete stx","Roary",0,1,"stx2a"
"SRR6929634","stx_A",1,1,"Complete stx","Roary",10,1,"stx2a"
"SRR6929634","stx_B",1,1,"Complete stx","Roary",10,1,"stx2a"
"SRR6929634","stx_A",1,1,"Complete stx","Roary",50,1,"stx2a"
"SRR6929634","stx_B",1,1,"Complete stx","Roary",50,1,"stx2a"
"SRR6929634","stx_A",1,1,"Complete stx","Roary",90,1,"stx2a"
"SRR6929634","stx_B",1,1,"Complete stx","Roary",90,1,"stx2a"
"SRR6929634","stx_A",1,1,"Complete stx","Roary",100,1,"stx2a"
"SRR6929634","stx_B",1,1,"Complete stx","Roary",100,1,"stx2a"
"SRR6929634","stx_A",1,1,"Complete stx","ggCaller",0,1,"stx2a"
"SRR6929634","stx_B",1,1,"Complete stx","ggCaller",0,1,"stx2a"
"SRR6929634","stx_A",1,1,"Complete stx","ggCaller",10,1,"stx2a"
"SRR6929634","stx_B",1,1,"Complete stx","ggCaller",10,1,"stx2a"
"SRR6929634","stx_A",1,1,"Complete stx","ggCaller",50,3,"stx2a"
"SRR6929634","stx_B",1,1,"Complete stx","ggCaller",50,2,"stx2a"
"SRR6929634","stx_A",1,1,"Complete stx","ggCaller",90,3,"stx2a"
"SRR6929634","stx_B",1,1,"Complete stx","ggCaller",90,2,"stx2a"
"SRR6929634","stx_A",1,1,"Complete stx","ggCaller",100,3,"stx2a"
"SRR6929634","stx_B",1,1,"Complete stx","ggCaller",100,2,"stx2a"
"SRR6929635","stx_A",1,1,"Complete stx","BAKTA",0,1,"stx1a"
"SRR6929635","stx_B",1,1,"Complete stx","BAKTA",0,1,"stx1a"
"SRR6929635","stx_A",1,1,"Complete stx","BAKTA",100,1,"stx1a"
"SRR6929635","stx_B",1,1,"Complete stx","BAKTA",100,1,"stx1a"
"SRR6929635","stx_A",1,1,"Complete stx","PPanGGOLiN",0,1,"stx1a"
"SRR6929635","stx_B",1,1,"Complete stx","PPanGGOLiN",0,1,"stx1a"
"SRR6929635","stx_A",1,1,"Complete stx","PPanGGOLiN",10,1,"stx1a"
"SRR6929635","stx_B",1,1,"Complete stx","PPanGGOLiN",10,1,"stx1a"
"SRR6929635","stx_A",1,1,"Complete stx","PPanGGOLiN",50,1,"stx1a"
"SRR6929635","stx_B",1,1,"Complete stx","PPanGGOLiN",50,1,"stx1a"
"SRR6929635","stx_A",1,1,"Complete stx","PPanGGOLiN",90,1,"stx1a"
"SRR6929635","stx_B",1,1,"Complete stx","PPanGGOLiN",90,1,"stx1a"
"SRR6929635","stx_A",1,1,"Complete stx","PPanGGOLiN",100,1,"stx1a"
"SRR6929635","stx_B",1,1,"Complete stx","PPanGGOLiN",100,1,"stx1a"
"SRR6929635","stx_A",1,1,"Complete stx","Panaroo",0,1,"stx1a"
"SRR6929635","stx_B",1,1,"Complete stx","Panaroo",0,1,"stx1a"
"SRR6929635","stx_A",1,1,"Complete stx","Panaroo",10,1,"stx1a"
"SRR6929635","stx_B",1,1,"Complete stx","Panaroo",10,1,"stx1a"
"SRR6929635","stx_A",1,1,"Complete stx","Panaroo",50,1,"stx1a"
"SRR6929635","stx_B",1,1,"Complete stx","Panaroo",50,1,"stx1a"
"SRR6929635","stx_A",1,1,"Complete stx","Panaroo",90,1,"stx1a"
"SRR6929635","stx_B",1,1,"Complete stx","Panaroo",90,1,"stx1a"
"SRR6929635","stx_A",1,1,"Complete stx","Panaroo",100,1,"stx1a"
"SRR6929635","stx_B",1,1,"Complete stx","Panaroo",100,1,"stx1a"
"SRR6929635","stx_A",1,1,"Complete stx","Roary",0,1,"stx1a"
"SRR6929635","stx_B",1,1,"Complete stx","Roary",0,1,"stx1a"
"SRR6929635","stx_A",1,1,"Complete stx","Roary",10,1,"stx1a"
"SRR6929635","stx_B",1,1,"Complete stx","Roary",10,1,"stx1a"
"SRR6929635","stx_A",1,1,"Complete stx","Roary",50,1,"stx1a"
"SRR6929635","stx_B",1,1,"Complete stx","Roary",50,1,"stx1a"
"SRR6929635","stx_A",1,1,"Complete stx","Roary",90,1,"stx1a"
"SRR6929635","stx_B",1,1,"Complete stx","Roary",90,1,"stx1a"
"SRR6929635","stx_A",1,1,"Complete stx","Roary",100,1,"stx1a"
"SRR6929635","stx_B",1,1,"Complete stx","Roary",100,1,"stx1a"
"SRR6929635","stx_A",1,1,"Complete stx","ggCaller",0,1,"stx1a"
"SRR6929635","stx_B",1,1,"Complete stx","ggCaller",0,1,"stx1a"
"SRR6929635","stx_A",1,1,"Complete stx","ggCaller",10,1,"stx1a"
"SRR6929635","stx_B",1,1,"Complete stx","ggCaller",10,1,"stx1a"
"SRR6929635","stx_A",1,1,"Complete stx","ggCaller",50,1,"stx1a"
"SRR6929635","stx_B",1,1,"Complete stx","ggCaller",50,1,"stx1a"
"SRR6929635","stx_A",1,1,"Complete stx","ggCaller",90,1,"stx1a"
"SRR6929635","stx_B",1,1,"Complete stx","ggCaller",90,1,"stx1a"
"SRR6929635","stx_A",1,1,"Complete stx","ggCaller",100,1,"stx1a"
"SRR6929635","stx_B",1,1,"Complete stx","ggCaller",100,1,"stx1a"
"SRR6929636","stx_A",2,2,"Complete stx","BAKTA",0,2,"stx1a; stx2a"
"SRR6929636","stx_B",2,2,"Complete stx","BAKTA",0,2,"stx1a; stx2a"
"SRR6929636","stx_A",2,2,"Complete stx","BAKTA",100,2,"stx1a; stx2a"
"SRR6929636","stx_B",2,2,"Complete stx","BAKTA",100,2,"stx1a; stx2a"
"SRR6929636","stx_A",2,2,"Complete stx","PPanGGOLiN",0,2,"stx1a; stx2a"
"SRR6929636","stx_B",2,2,"Complete stx","PPanGGOLiN",0,2,"stx1a; stx2a"
"SRR6929636","stx_A",2,2,"Complete stx","PPanGGOLiN",10,2,"stx1a; stx2a"
"SRR6929636","stx_B",2,2,"Complete stx","PPanGGOLiN",10,2,"stx1a; stx2a"
"SRR6929636","stx_A",2,2,"Complete stx","PPanGGOLiN",50,2,"stx1a; stx2a"
"SRR6929636","stx_B",2,2,"Complete stx","PPanGGOLiN",50,2,"stx1a; stx2a"
"SRR6929636","stx_A",2,2,"Complete stx","PPanGGOLiN",90,2,"stx1a; stx2a"
"SRR6929636","stx_B",2,2,"Complete stx","PPanGGOLiN",90,2,"stx1a; stx2a"
"SRR6929636","stx_A",2,2,"Complete stx","PPanGGOLiN",100,2,"stx1a; stx2a"
"SRR6929636","stx_B",2,2,"Complete stx","PPanGGOLiN",100,2,"stx1a; stx2a"
"SRR6929636","stx_A",2,2,"Complete stx","Panaroo",0,2,"stx1a; stx2a"
"SRR6929636","stx_B",2,2,"Complete stx","Panaroo",0,2,"stx1a; stx2a"
"SRR6929636","stx_A",2,2,"Complete stx","Panaroo",10,2,"stx1a; stx2a"
"SRR6929636","stx_B",2,2,"Complete stx","Panaroo",10,2,"stx1a; stx2a"
"SRR6929636","stx_A",2,2,"Complete stx","Panaroo",50,2,"stx1a; stx2a"
"SRR6929636","stx_B",2,2,"Complete stx","Panaroo",50,2,"stx1a; stx2a"
"SRR6929636","stx_A",2,2,"Complete stx","Panaroo",90,2,"stx1a; stx2a"
"SRR6929636","stx_B",2,2,"Complete stx","Panaroo",90,2,"stx1a; stx2a"
"SRR6929636","stx_A",2,2,"Complete stx","Panaroo",100,2,"stx1a; stx2a"
"SRR6929636","stx_B",2,2,"Complete stx","Panaroo",100,2,"stx1a; stx2a"
"SRR6929636","stx_A",2,2,"Complete stx","Roary",0,1,"stx1a; stx2a"
"SRR6929636","stx_B",2,2,"Complete stx","Roary",0,1,"stx1a; stx2a"
"SRR6929636","stx_A",2,2,"Complete stx","Roary",10,1,"stx1a; stx2a"
"SRR6929636","stx_B",2,2,"Complete stx","Roary",10,1,"stx1a; stx2a"
"SRR6929636","stx_A",2,2,"Complete stx","Roary",50,1,"stx1a; stx2a"
"SRR6929636","stx_B",2,2,"Complete stx","Roary",50,1,"stx1a; stx2a"
"SRR6929636","stx_A",2,2,"Complete stx","Roary",90,1,"stx1a; stx2a"
"SRR6929636","stx_B",2,2,"Complete stx","Roary",90,1,"stx1a; stx2a"
"SRR6929636","stx_A",2,2,"Complete stx","Roary",100,1,"stx1a; stx2a"
"SRR6929636","stx_B",2,2,"Complete stx","Roary",100,1,"stx1a; stx2a"
"SRR6929636","stx_A",2,2,"Complete stx","ggCaller",0,2,"stx1a; stx2a"
"SRR6929636","stx_B",2,2,"Complete stx","ggCaller",0,2,"stx1a; stx2a"
"SRR6929636","stx_A",2,2,"Complete stx","ggCaller",10,2,"stx1a; stx2a"
"SRR6929636","stx_B",2,2,"Complete stx","ggCaller",10,2,"stx1a; stx2a"
"SRR6929636","stx_A",2,2,"Complete stx","ggCaller",50,4,"stx1a; stx2a"
"SRR6929636","stx_B",2,2,"Complete stx","ggCaller",50,2,"stx1a; stx2a"
"SRR6929636","stx_A",2,2,"Complete stx","ggCaller",90,4,"stx1a; stx2a"
"SRR6929636","stx_B",2,2,"Complete stx","ggCaller",90,2,"stx1a; stx2a"
"SRR6929636","stx_A",2,2,"Complete stx","ggCaller",100,4,"stx1a; stx2a"
"SRR6929636","stx_B",2,2,"Complete stx","ggCaller",100,2,"stx1a; stx2a"
"SRR6929637","stx_A",2,2,"Complete stx","BAKTA",0,2,"stx1a; stx2a"
"SRR6929637","stx_B",2,2,"Complete stx","BAKTA",0,2,"stx1a; stx2a"
"SRR6929637","stx_A",2,2,"Complete stx","BAKTA",100,2,"stx1a; stx2a"
"SRR6929637","stx_B",2,2,"Complete stx","BAKTA",100,2,"stx1a; stx2a"
"SRR6929637","stx_A",2,2,"Complete stx","PPanGGOLiN",0,2,"stx1a; stx2a"
"SRR6929637","stx_B",2,2,"Complete stx","PPanGGOLiN",0,2,"stx1a; stx2a"
"SRR6929637","stx_A",2,2,"Complete stx","PPanGGOLiN",10,2,"stx1a; stx2a"
"SRR6929637","stx_B",2,2,"Complete stx","PPanGGOLiN",10,2,"stx1a; stx2a"
"SRR6929637","stx_A",2,2,"Complete stx","PPanGGOLiN",50,2,"stx1a; stx2a"
"SRR6929637","stx_B",2,2,"Complete stx","PPanGGOLiN",50,2,"stx1a; stx2a"
"SRR6929637","stx_A",2,2,"Complete stx","PPanGGOLiN",90,2,"stx1a; stx2a"
"SRR6929637","stx_B",2,2,"Complete stx","PPanGGOLiN",90,2,"stx1a; stx2a"
"SRR6929637","stx_A",2,2,"Complete stx","PPanGGOLiN",100,2,"stx1a; stx2a"
"SRR6929637","stx_B",2,2,"Complete stx","PPanGGOLiN",100,2,"stx1a; stx2a"
"SRR6929637","stx_A",2,2,"Complete stx","Panaroo",0,2,"stx1a; stx2a"
"SRR6929637","stx_B",2,2,"Complete stx","Panaroo",0,2,"stx1a; stx2a"
"SRR6929637","stx_A",2,2,"Complete stx","Panaroo",10,2,"stx1a; stx2a"
"SRR6929637","stx_B",2,2,"Complete stx","Panaroo",10,2,"stx1a; stx2a"
"SRR6929637","stx_A",2,2,"Complete stx","Panaroo",50,2,"stx1a; stx2a"
"SRR6929637","stx_B",2,2,"Complete stx","Panaroo",50,2,"stx1a; stx2a"
"SRR6929637","stx_A",2,2,"Complete stx","Panaroo",90,2,"stx1a; stx2a"
"SRR6929637","stx_B",2,2,"Complete stx","Panaroo",90,2,"stx1a; stx2a"
"SRR6929637","stx_A",2,2,"Complete stx","Panaroo",100,2,"stx1a; stx2a"
"SRR6929637","stx_B",2,2,"Complete stx","Panaroo",100,2,"stx1a; stx2a"
"SRR6929637","stx_A",2,2,"Complete stx","Roary",0,1,"stx1a; stx2a"
"SRR6929637","stx_B",2,2,"Complete stx","Roary",0,1,"stx1a; stx2a"
"SRR6929637","stx_A",2,2,"Complete stx","Roary",10,1,"stx1a; stx2a"
"SRR6929637","stx_B",2,2,"Complete stx","Roary",10,1,"stx1a; stx2a"
"SRR6929637","stx_A",2,2,"Complete stx","Roary",50,1,"stx1a; stx2a"
"SRR6929637","stx_B",2,2,"Complete stx","Roary",50,1,"stx1a; stx2a"
"SRR6929637","stx_A",2,2,"Complete stx","Roary",90,1,"stx1a; stx2a"
"SRR6929637","stx_B",2,2,"Complete stx","Roary",90,1,"stx1a; stx2a"
"SRR6929637","stx_A",2,2,"Complete stx","Roary",100,1,"stx1a; stx2a"
"SRR6929637","stx_B",2,2,"Complete stx","Roary",100,1,"stx1a; stx2a"
"SRR6929637","stx_A",2,2,"Complete stx","ggCaller",0,2,"stx1a; stx2a"
"SRR6929637","stx_B",2,2,"Complete stx","ggCaller",0,2,"stx1a; stx2a"
"SRR6929637","stx_A",2,2,"Complete stx","ggCaller",10,2,"stx1a; stx2a"
"SRR6929637","stx_B",2,2,"Complete stx","ggCaller",10,2,"stx1a; stx2a"
"SRR6929637","stx_A",2,2,"Complete stx","ggCaller",50,4,"stx1a; stx2a"
"SRR6929637","stx_B",2,2,"Complete stx","ggCaller",50,2,"stx1a; stx2a"
"SRR6929637","stx_A",2,2,"Complete stx","ggCaller",90,4,"stx1a; stx2a"
"SRR6929637","stx_B",2,2,"Complete stx","ggCaller",90,2,"stx1a; stx2a"
"SRR6929637","stx_A",2,2,"Complete stx","ggCaller",100,4,"stx1a; stx2a"
"SRR6929637","stx_B",2,2,"Complete stx","ggCaller",100,2,"stx1a; stx2a"
"SRR6929638","stx_A",1,1,"Complete stx","BAKTA",0,1,"stx2c"
"SRR6929638","stx_B",1,1,"Complete stx","BAKTA",0,1,"stx2c"
"SRR6929638","stx_A",1,1,"Complete stx","BAKTA",100,1,"stx2c"
"SRR6929638","stx_B",1,1,"Complete stx","BAKTA",100,1,"stx2c"
"SRR6929638","stx_A",1,1,"Complete stx","PPanGGOLiN",0,1,"stx2c"
"SRR6929638","stx_B",1,1,"Complete stx","PPanGGOLiN",0,1,"stx2c"
"SRR6929638","stx_A",1,1,"Complete stx","PPanGGOLiN",10,1,"stx2c"
"SRR6929638","stx_B",1,1,"Complete stx","PPanGGOLiN",10,1,"stx2c"
"SRR6929638","stx_A",1,1,"Complete stx","PPanGGOLiN",50,1,"stx2c"
"SRR6929638","stx_B",1,1,"Complete stx","PPanGGOLiN",50,1,"stx2c"
"SRR6929638","stx_A",1,1,"Complete stx","PPanGGOLiN",90,1,"stx2c"
"SRR6929638","stx_B",1,1,"Complete stx","PPanGGOLiN",90,1,"stx2c"
"SRR6929638","stx_A",1,1,"Complete stx","PPanGGOLiN",100,1,"stx2c"
"SRR6929638","stx_B",1,1,"Complete stx","PPanGGOLiN",100,1,"stx2c"
"SRR6929638","stx_A",1,1,"Complete stx","Panaroo",0,1,"stx2c"
"SRR6929638","stx_B",1,1,"Complete stx","Panaroo",0,1,"stx2c"
"SRR6929638","stx_A",1,1,"Complete stx","Panaroo",10,1,"stx2c"
"SRR6929638","stx_B",1,1,"Complete stx","Panaroo",10,1,"stx2c"
"SRR6929638","stx_A",1,1,"Complete stx","Panaroo",50,1,"stx2c"
"SRR6929638","stx_B",1,1,"Complete stx","Panaroo",50,1,"stx2c"
"SRR6929638","stx_A",1,1,"Complete stx","Panaroo",90,1,"stx2c"
"SRR6929638","stx_B",1,1,"Complete stx","Panaroo",90,1,"stx2c"
"SRR6929638","stx_A",1,1,"Complete stx","Panaroo",100,1,"stx2c"
"SRR6929638","stx_B",1,1,"Complete stx","Panaroo",100,1,"stx2c"
"SRR6929638","stx_A",1,1,"Complete stx","Roary",0,1,"stx2c"
"SRR6929638","stx_B",1,1,"Complete stx","Roary",0,1,"stx2c"
"SRR6929638","stx_A",1,1,"Complete stx","Roary",10,1,"stx2c"
"SRR6929638","stx_B",1,1,"Complete stx","Roary",10,1,"stx2c"
"SRR6929638","stx_A",1,1,"Complete stx","Roary",50,1,"stx2c"
"SRR6929638","stx_B",1,1,"Complete stx","Roary",50,1,"stx2c"
"SRR6929638","stx_A",1,1,"Complete stx","Roary",90,1,"stx2c"
"SRR6929638","stx_B",1,1,"Complete stx","Roary",90,1,"stx2c"
"SRR6929638","stx_A",1,1,"Complete stx","Roary",100,1,"stx2c"
"SRR6929638","stx_B",1,1,"Complete stx","Roary",100,1,"stx2c"
"SRR6929638","stx_A",1,1,"Complete stx","ggCaller",0,2,"stx2c"
"SRR6929638","stx_B",1,1,"Complete stx","ggCaller",0,1,"stx2c"
"SRR6929638","stx_A",1,1,"Complete stx","ggCaller",10,2,"stx2c"
"SRR6929638","stx_B",1,1,"Complete stx","ggCaller",10,1,"stx2c"
"SRR6929638","stx_A",1,1,"Complete stx","ggCaller",50,3,"stx2c"
"SRR6929638","stx_B",1,1,"Complete stx","ggCaller",50,1,"stx2c"
"SRR6929638","stx_A",1,1,"Complete stx","ggCaller",90,3,"stx2c"
"SRR6929638","stx_B",1,1,"Complete stx","ggCaller",90,1,"stx2c"
"SRR6929638","stx_A",1,1,"Complete stx","ggCaller",100,3,"stx2c"
"SRR6929638","stx_B",1,1,"Complete stx","ggCaller",100,1,"stx2c"
"SRR6929639","stx_A",1,1,"Complete stx","BAKTA",0,1,"stx2c"
"SRR6929639","stx_B",1,1,"Complete stx","BAKTA",0,1,"stx2c"
"SRR6929639","stx_A",1,1,"Complete stx","BAKTA",100,1,"stx2c"
"SRR6929639","stx_B",1,1,"Complete stx","BAKTA",100,1,"stx2c"
"SRR6929639","stx_A",1,1,"Complete stx","PPanGGOLiN",0,1,"stx2c"
"SRR6929639","stx_B",1,1,"Complete stx","PPanGGOLiN",0,1,"stx2c"
"SRR6929639","stx_A",1,1,"Complete stx","PPanGGOLiN",10,1,"stx2c"
"SRR6929639","stx_B",1,1,"Complete stx","PPanGGOLiN",10,1,"stx2c"
"SRR6929639","stx_A",1,1,"Complete stx","PPanGGOLiN",50,1,"stx2c"
"SRR6929639","stx_B",1,1,"Complete stx","PPanGGOLiN",50,1,"stx2c"
"SRR6929639","stx_A",1,1,"Complete stx","PPanGGOLiN",90,1,"stx2c"
"SRR6929639","stx_B",1,1,"Complete stx","PPanGGOLiN",90,1,"stx2c"
"SRR6929639","stx_A",1,1,"Complete stx","PPanGGOLiN",100,1,"stx2c"
"SRR6929639","stx_B",1,1,"Complete stx","PPanGGOLiN",100,1,"stx2c"
"SRR6929639","stx_A",1,1,"Complete stx","Panaroo",0,1,"stx2c"
"SRR6929639","stx_B",1,1,"Complete stx","Panaroo",0,1,"stx2c"
"SRR6929639","stx_A",1,1,"Complete stx","Panaroo",10,1,"stx2c"
"SRR6929639","stx_B",1,1,"Complete stx","Panaroo",10,1,"stx2c"
"SRR6929639","stx_A",1,1,"Complete stx","Panaroo",50,1,"stx2c"
"SRR6929639","stx_B",1,1,"Complete stx","Panaroo",50,1,"stx2c"
"SRR6929639","stx_A",1,1,"Complete stx","Panaroo",90,1,"stx2c"
"SRR6929639","stx_B",1,1,"Complete stx","Panaroo",90,1,"stx2c"
"SRR6929639","stx_A",1,1,"Complete stx","Panaroo",100,1,"stx2c"
"SRR6929639","stx_B",1,1,"Complete stx","Panaroo",100,1,"stx2c"
"SRR6929639","stx_A",1,1,"Complete stx","Roary",0,1,"stx2c"
"SRR6929639","stx_B",1,1,"Complete stx","Roary",0,1,"stx2c"
"SRR6929639","stx_A",1,1,"Complete stx","Roary",10,1,"stx2c"
"SRR6929639","stx_B",1,1,"Complete stx","Roary",10,1,"stx2c"
"SRR6929639","stx_A",1,1,"Complete stx","Roary",50,1,"stx2c"
"SRR6929639","stx_B",1,1,"Complete stx","Roary",50,1,"stx2c"
"SRR6929639","stx_A",1,1,"Complete stx","Roary",90,1,"stx2c"
"SRR6929639","stx_B",1,1,"Complete stx","Roary",90,1,"stx2c"
"SRR6929639","stx_A",1,1,"Complete stx","Roary",100,1,"stx2c"
"SRR6929639","stx_B",1,1,"Complete stx","Roary",100,1,"stx2c"
"SRR6929639","stx_A",1,1,"Complete stx","ggCaller",0,2,"stx2c"
"SRR6929639","stx_B",1,1,"Complete stx","ggCaller",0,1,"stx2c"
"SRR6929639","stx_A",1,1,"Complete stx","ggCaller",10,2,"stx2c"
"SRR6929639","stx_B",1,1,"Complete stx","ggCaller",10,1,"stx2c"
"SRR6929639","stx_A",1,1,"Complete stx","ggCaller",50,3,"stx2c"
"SRR6929639","stx_B",1,1,"Complete stx","ggCaller",50,1,"stx2c"
"SRR6929639","stx_A",1,1,"Complete stx","ggCaller",90,3,"stx2c"
"SRR6929639","stx_B",1,1,"Complete stx","ggCaller",90,1,"stx2c"
"SRR6929639","stx_A",1,1,"Complete stx","ggCaller",100,3,"stx2c"
"SRR6929639","stx_B",1,1,"Complete stx","ggCaller",100,1,"stx2c"
"SRR7439153","stx_A",2,2,"Complete stx","BAKTA",0,2,"stx1a; stx2a"
"SRR7439153","stx_B",2,2,"Complete stx","BAKTA",0,2,"stx1a; stx2a"
"SRR7439153","stx_A",2,2,"Complete stx","BAKTA",100,2,"stx1a; stx2a"
"SRR7439153","stx_B",2,2,"Complete stx","BAKTA",100,2,"stx1a; stx2a"
"SRR7439153","stx_A",2,2,"Complete stx","PPanGGOLiN",0,2,"stx1a; stx2a"
"SRR7439153","stx_B",2,2,"Complete stx","PPanGGOLiN",0,2,"stx1a; stx2a"
"SRR7439153","stx_A",2,2,"Complete stx","PPanGGOLiN",10,2,"stx1a; stx2a"
"SRR7439153","stx_B",2,2,"Complete stx","PPanGGOLiN",10,2,"stx1a; stx2a"
"SRR7439153","stx_A",2,2,"Complete stx","PPanGGOLiN",50,2,"stx1a; stx2a"
"SRR7439153","stx_B",2,2,"Complete stx","PPanGGOLiN",50,2,"stx1a; stx2a"
"SRR7439153","stx_A",2,2,"Complete stx","PPanGGOLiN",90,2,"stx1a; stx2a"
"SRR7439153","stx_B",2,2,"Complete stx","PPanGGOLiN",90,2,"stx1a; stx2a"
"SRR7439153","stx_A",2,2,"Complete stx","PPanGGOLiN",100,2,"stx1a; stx2a"
"SRR7439153","stx_B",2,2,"Complete stx","PPanGGOLiN",100,2,"stx1a; stx2a"
"SRR7439153","stx_A",2,2,"Complete stx","Panaroo",0,2,"stx1a; stx2a"
"SRR7439153","stx_B",2,2,"Complete stx","Panaroo",0,2,"stx1a; stx2a"
"SRR7439153","stx_A",2,2,"Complete stx","Panaroo",10,2,"stx1a; stx2a"
"SRR7439153","stx_B",2,2,"Complete stx","Panaroo",10,2,"stx1a; stx2a"
"SRR7439153","stx_A",2,2,"Complete stx","Panaroo",50,2,"stx1a; stx2a"
"SRR7439153","stx_B",2,2,"Complete stx","Panaroo",50,2,"stx1a; stx2a"
"SRR7439153","stx_A",2,2,"Complete stx","Panaroo",90,2,"stx1a; stx2a"
"SRR7439153","stx_B",2,2,"Complete stx","Panaroo",90,2,"stx1a; stx2a"
"SRR7439153","stx_A",2,2,"Complete stx","Panaroo",100,2,"stx1a; stx2a"
"SRR7439153","stx_B",2,2,"Complete stx","Panaroo",100,2,"stx1a; stx2a"
"SRR7439153","stx_A",2,2,"Complete stx","Roary",0,1,"stx1a; stx2a"
"SRR7439153","stx_B",2,2,"Complete stx","Roary",0,1,"stx1a; stx2a"
"SRR7439153","stx_A",2,2,"Complete stx","Roary",10,1,"stx1a; stx2a"
"SRR7439153","stx_B",2,2,"Complete stx","Roary",10,1,"stx1a; stx2a"
"SRR7439153","stx_A",2,2,"Complete stx","Roary",50,1,"stx1a; stx2a"
"SRR7439153","stx_B",2,2,"Complete stx","Roary",50,1,"stx1a; stx2a"
"SRR7439153","stx_A",2,2,"Complete stx","Roary",90,1,"stx1a; stx2a"
"SRR7439153","stx_B",2,2,"Complete stx","Roary",90,1,"stx1a; stx2a"
"SRR7439153","stx_A",2,2,"Complete stx","Roary",100,1,"stx1a; stx2a"
"SRR7439153","stx_B",2,2,"Complete stx","Roary",100,1,"stx1a; stx2a"
"SRR7439153","stx_A",2,2,"Complete stx","ggCaller",0,2,"stx1a; stx2a"
"SRR7439153","stx_B",2,2,"Complete stx","ggCaller",0,2,"stx1a; stx2a"
"SRR7439153","stx_A",2,2,"Complete stx","ggCaller",10,2,"stx1a; stx2a"
"SRR7439153","stx_B",2,2,"Complete stx","ggCaller",10,2,"stx1a; stx2a"
"SRR7439153","stx_A",2,2,"Complete stx","ggCaller",50,4,"stx1a; stx2a"
"SRR7439153","stx_B",2,2,"Complete stx","ggCaller",50,2,"stx1a; stx2a"
"SRR7439153","stx_A",2,2,"Complete stx","ggCaller",90,4,"stx1a; stx2a"
"SRR7439153","stx_B",2,2,"Complete stx","ggCaller",90,2,"stx1a; stx2a"
"SRR7439153","stx_A",2,2,"Complete stx","ggCaller",100,4,"stx1a; stx2a"
"SRR7439153","stx_B",2,2,"Complete stx","ggCaller",100,2,"stx1a; stx2a"
"SRR7460819","stx_A",1,1,"Complete stx","BAKTA",0,1,"stx2c"
"SRR7460819","stx_B",1,1,"Complete stx","BAKTA",0,1,"stx2c"
"SRR7460819","stx_A",1,1,"Complete stx","BAKTA",100,1,"stx2c"
"SRR7460819","stx_B",1,1,"Complete stx","BAKTA",100,1,"stx2c"
"SRR7460819","stx_A",1,1,"Complete stx","PPanGGOLiN",0,1,"stx2c"
"SRR7460819","stx_B",1,1,"Complete stx","PPanGGOLiN",0,1,"stx2c"
"SRR7460819","stx_A",1,1,"Complete stx","PPanGGOLiN",10,1,"stx2c"
"SRR7460819","stx_B",1,1,"Complete stx","PPanGGOLiN",10,1,"stx2c"
"SRR7460819","stx_A",1,1,"Complete stx","PPanGGOLiN",50,1,"stx2c"
"SRR7460819","stx_B",1,1,"Complete stx","PPanGGOLiN",50,1,"stx2c"
"SRR7460819","stx_A",1,1,"Complete stx","PPanGGOLiN",90,1,"stx2c"
"SRR7460819","stx_B",1,1,"Complete stx","PPanGGOLiN",90,1,"stx2c"
"SRR7460819","stx_A",1,1,"Complete stx","PPanGGOLiN",100,1,"stx2c"
"SRR7460819","stx_B",1,1,"Complete stx","PPanGGOLiN",100,1,"stx2c"
"SRR7460819","stx_A",1,1,"Complete stx","Panaroo",0,1,"stx2c"
"SRR7460819","stx_B",1,1,"Complete stx","Panaroo",0,1,"stx2c"
"SRR7460819","stx_A",1,1,"Complete stx","Panaroo",10,1,"stx2c"
"SRR7460819","stx_B",1,1,"Complete stx","Panaroo",10,1,"stx2c"
"SRR7460819","stx_A",1,1,"Complete stx","Panaroo",50,1,"stx2c"
"SRR7460819","stx_B",1,1,"Complete stx","Panaroo",50,1,"stx2c"
"SRR7460819","stx_A",1,1,"Complete stx","Panaroo",90,1,"stx2c"
"SRR7460819","stx_B",1,1,"Complete stx","Panaroo",90,1,"stx2c"
"SRR7460819","stx_A",1,1,"Complete stx","Panaroo",100,1,"stx2c"
"SRR7460819","stx_B",1,1,"Complete stx","Panaroo",100,1,"stx2c"
"SRR7460819","stx_A",1,1,"Complete stx","Roary",0,1,"stx2c"
"SRR7460819","stx_B",1,1,"Complete stx","Roary",0,1,"stx2c"
"SRR7460819","stx_A",1,1,"Complete stx","Roary",10,1,"stx2c"
"SRR7460819","stx_B",1,1,"Complete stx","Roary",10,1,"stx2c"
"SRR7460819","stx_A",1,1,"Complete stx","Roary",50,1,"stx2c"
"SRR7460819","stx_B",1,1,"Complete stx","Roary",50,1,"stx2c"
"SRR7460819","stx_A",1,1,"Complete stx","Roary",90,1,"stx2c"
"SRR7460819","stx_B",1,1,"Complete stx","Roary",90,1,"stx2c"
"SRR7460819","stx_A",1,1,"Complete stx","Roary",100,1,"stx2c"
"SRR7460819","stx_B",1,1,"Complete stx","Roary",100,1,"stx2c"
"SRR7460819","stx_A",1,1,"Complete stx","ggCaller",0,2,"stx2c"
"SRR7460819","stx_B",1,1,"Complete stx","ggCaller",0,1,"stx2c"
"SRR7460819","stx_A",1,1,"Complete stx","ggCaller",10,2,"stx2c"
"SRR7460819","stx_B",1,1,"Complete stx","ggCaller",10,1,"stx2c"
"SRR7460819","stx_A",1,1,"Complete stx","ggCaller",50,3,"stx2c"
"SRR7460819","stx_B",1,1,"Complete stx","ggCaller",50,1,"stx2c"
"SRR7460819","stx_A",1,1,"Complete stx","ggCaller",90,3,"stx2c"
"SRR7460819","stx_B",1,1,"Complete stx","ggCaller",90,1,"stx2c"
"SRR7460819","stx_A",1,1,"Complete stx","ggCaller",100,3,"stx2c"
"SRR7460819","stx_B",1,1,"Complete stx","ggCaller",100,1,"stx2c"
"SRR7896257","stx_A",2,2,"Complete stx","BAKTA",0,2,"stx1a; stx2a"
"SRR7896257","stx_B",2,2,"Complete stx","BAKTA",0,2,"stx1a; stx2a"
"SRR7896257","stx_A",2,2,"Complete stx","BAKTA",100,2,"stx1a; stx2a"
"SRR7896257","stx_B",2,2,"Complete stx","BAKTA",100,2,"stx1a; stx2a"
"SRR7896257","stx_A",2,2,"Complete stx","PPanGGOLiN",0,2,"stx1a; stx2a"
"SRR7896257","stx_B",2,2,"Complete stx","PPanGGOLiN",0,2,"stx1a; stx2a"
"SRR7896257","stx_A",2,2,"Complete stx","PPanGGOLiN",10,2,"stx1a; stx2a"
"SRR7896257","stx_B",2,2,"Complete stx","PPanGGOLiN",10,2,"stx1a; stx2a"
"SRR7896257","stx_A",2,2,"Complete stx","PPanGGOLiN",50,2,"stx1a; stx2a"
"SRR7896257","stx_B",2,2,"Complete stx","PPanGGOLiN",50,2,"stx1a; stx2a"
"SRR7896257","stx_A",2,2,"Complete stx","PPanGGOLiN",90,2,"stx1a; stx2a"
"SRR7896257","stx_B",2,2,"Complete stx","PPanGGOLiN",90,2,"stx1a; stx2a"
"SRR7896257","stx_A",2,2,"Complete stx","PPanGGOLiN",100,2,"stx1a; stx2a"
"SRR7896257","stx_B",2,2,"Complete stx","PPanGGOLiN",100,2,"stx1a; stx2a"
"SRR7896257","stx_A",2,2,"Complete stx","Panaroo",0,2,"stx1a; stx2a"
"SRR7896257","stx_B",2,2,"Complete stx","Panaroo",0,2,"stx1a; stx2a"
"SRR7896257","stx_A",2,2,"Complete stx","Panaroo",10,2,"stx1a; stx2a"
"SRR7896257","stx_B",2,2,"Complete stx","Panaroo",10,2,"stx1a; stx2a"
"SRR7896257","stx_A",2,2,"Complete stx","Panaroo",50,2,"stx1a; stx2a"
"SRR7896257","stx_B",2,2,"Complete stx","Panaroo",50,2,"stx1a; stx2a"
"SRR7896257","stx_A",2,2,"Complete stx","Panaroo",90,2,"stx1a; stx2a"
"SRR7896257","stx_B",2,2,"Complete stx","Panaroo",90,2,"stx1a; stx2a"
"SRR7896257","stx_A",2,2,"Complete stx","Panaroo",100,2,"stx1a; stx2a"
"SRR7896257","stx_B",2,2,"Complete stx","Panaroo",100,2,"stx1a; stx2a"
"SRR7896257","stx_A",2,2,"Complete stx","Roary",0,1,"stx1a; stx2a"
"SRR7896257","stx_B",2,2,"Complete stx","Roary",0,1,"stx1a; stx2a"
"SRR7896257","stx_A",2,2,"Complete stx","Roary",10,1,"stx1a; stx2a"
"SRR7896257","stx_B",2,2,"Complete stx","Roary",10,1,"stx1a; stx2a"
"SRR7896257","stx_A",2,2,"Complete stx","Roary",50,1,"stx1a; stx2a"
"SRR7896257","stx_B",2,2,"Complete stx","Roary",50,1,"stx1a; stx2a"
"SRR7896257","stx_A",2,2,"Complete stx","Roary",90,1,"stx1a; stx2a"
"SRR7896257","stx_B",2,2,"Complete stx","Roary",90,1,"stx1a; stx2a"
"SRR7896257","stx_A",2,2,"Complete stx","Roary",100,1,"stx1a; stx2a"
"SRR7896257","stx_B",2,2,"Complete stx","Roary",100,1,"stx1a; stx2a"
"SRR7896257","stx_A",2,2,"Complete stx","ggCaller",0,2,"stx1a; stx2a"
"SRR7896257","stx_B",2,2,"Complete stx","ggCaller",0,2,"stx1a; stx2a"
"SRR7896257","stx_A",2,2,"Complete stx","ggCaller",10,2,"stx1a; stx2a"
"SRR7896257","stx_B",2,2,"Complete stx","ggCaller",10,2,"stx1a; stx2a"
"SRR7896257","stx_A",2,2,"Complete stx","ggCaller",50,4,"stx1a; stx2a"
"SRR7896257","stx_B",2,2,"Complete stx","ggCaller",50,2,"stx1a; stx2a"
"SRR7896257","stx_A",2,2,"Complete stx","ggCaller",90,4,"stx1a; stx2a"
"SRR7896257","stx_B",2,2,"Complete stx","ggCaller",90,3,"stx1a; stx2a"
"SRR7896257","stx_A",2,2,"Complete stx","ggCaller",100,4,"stx1a; stx2a"
"SRR7896257","stx_B",2,2,"Complete stx","ggCaller",100,3,"stx1a; stx2a"
"SRR8192791","stx_A",2,6,"Fragmented stx","BAKTA",0,0,"stx2a; stx2c"
"SRR8192791","stx_B",2,4,"Fragmented stx","BAKTA",0,0,"stx2a; stx2c"
"SRR8192791","stx_A",2,6,"Fragmented stx","BAKTA",100,2,"stx2a; stx2c"
"SRR8192791","stx_B",2,4,"Fragmented stx","BAKTA",100,2,"stx2a; stx2c"
"SRR8192791","stx_A",2,6,"Fragmented stx","PPanGGOLiN",0,0,"stx2a; stx2c"
"SRR8192791","stx_B",2,4,"Fragmented stx","PPanGGOLiN",0,0,"stx2a; stx2c"
"SRR8192791","stx_A",2,6,"Fragmented stx","PPanGGOLiN",10,0,"stx2a; stx2c"
"SRR8192791","stx_B",2,4,"Fragmented stx","PPanGGOLiN",10,0,"stx2a; stx2c"
"SRR8192791","stx_A",2,6,"Fragmented stx","PPanGGOLiN",50,0,"stx2a; stx2c"
"SRR8192791","stx_B",2,4,"Fragmented stx","PPanGGOLiN",50,0,"stx2a; stx2c"
"SRR8192791","stx_A",2,6,"Fragmented stx","PPanGGOLiN",90,1,"stx2a; stx2c"
"SRR8192791","stx_B",2,4,"Fragmented stx","PPanGGOLiN",90,1,"stx2a; stx2c"
"SRR8192791","stx_A",2,6,"Fragmented stx","PPanGGOLiN",100,1,"stx2a; stx2c"
"SRR8192791","stx_B",2,4,"Fragmented stx","PPanGGOLiN",100,1,"stx2a; stx2c"
"SRR8192791","stx_A",2,6,"Fragmented stx","Panaroo",0,0,"stx2a; stx2c"
"SRR8192791","stx_B",2,4,"Fragmented stx","Panaroo",0,0,"stx2a; stx2c"
"SRR8192791","stx_A",2,6,"Fragmented stx","Panaroo",10,0,"stx2a; stx2c"
"SRR8192791","stx_B",2,4,"Fragmented stx","Panaroo",10,0,"stx2a; stx2c"
"SRR8192791","stx_A",2,6,"Fragmented stx","Panaroo",50,0,"stx2a; stx2c"
"SRR8192791","stx_B",2,4,"Fragmented stx","Panaroo",50,0,"stx2a; stx2c"
"SRR8192791","stx_A",2,6,"Fragmented stx","Panaroo",90,1,"stx2a; stx2c"
"SRR8192791","stx_B",2,4,"Fragmented stx","Panaroo",90,2,"stx2a; stx2c"
"SRR8192791","stx_A",2,6,"Fragmented stx","Panaroo",100,1,"stx2a; stx2c"
"SRR8192791","stx_B",2,4,"Fragmented stx","Panaroo",100,2,"stx2a; stx2c"
"SRR8192791","stx_A",2,6,"Fragmented stx","Roary",0,0,"stx2a; stx2c"
"SRR8192791","stx_B",2,4,"Fragmented stx","Roary",0,0,"stx2a; stx2c"
"SRR8192791","stx_A",2,6,"Fragmented stx","Roary",10,0,"stx2a; stx2c"
"SRR8192791","stx_B",2,4,"Fragmented stx","Roary",10,0,"stx2a; stx2c"
"SRR8192791","stx_A",2,6,"Fragmented stx","Roary",50,0,"stx2a; stx2c"
"SRR8192791","stx_B",2,4,"Fragmented stx","Roary",50,0,"stx2a; stx2c"
"SRR8192791","stx_A",2,6,"Fragmented stx","Roary",90,2,"stx2a; stx2c"
"SRR8192791","stx_B",2,4,"Fragmented stx","Roary",90,1,"stx2a; stx2c"
"SRR8192791","stx_A",2,6,"Fragmented stx","Roary",100,2,"stx2a; stx2c"
"SRR8192791","stx_B",2,4,"Fragmented stx","Roary",100,1,"stx2a; stx2c"
"SRR8192791","stx_A",2,6,"Fragmented stx","ggCaller",0,0,"stx2a; stx2c"
"SRR8192791","stx_B",2,4,"Fragmented stx","ggCaller",0,0,"stx2a; stx2c"
"SRR8192791","stx_A",2,6,"Fragmented stx","ggCaller",10,0,"stx2a; stx2c"
"SRR8192791","stx_B",2,4,"Fragmented stx","ggCaller",10,0,"stx2a; stx2c"
"SRR8192791","stx_A",2,6,"Fragmented stx","ggCaller",50,0,"stx2a; stx2c"
"SRR8192791","stx_B",2,4,"Fragmented stx","ggCaller",50,0,"stx2a; stx2c"
"SRR8192791","stx_A",2,6,"Fragmented stx","ggCaller",90,3,"stx2a; stx2c"
"SRR8192791","stx_B",2,4,"Fragmented stx","ggCaller",90,2,"stx2a; stx2c"
"SRR8192791","stx_A",2,6,"Fragmented stx","ggCaller",100,3,"stx2a; stx2c"
"SRR8192791","stx_B",2,4,"Fragmented stx","ggCaller",100,2,"stx2a; stx2c"
"SRR8292155","stx_A",2,2,"Complete stx","BAKTA",0,2,"stx1a; stx2a"
"SRR8292155","stx_B",2,2,"Complete stx","BAKTA",0,2,"stx1a; stx2a"
"SRR8292155","stx_A",2,2,"Complete stx","BAKTA",100,2,"stx1a; stx2a"
"SRR8292155","stx_B",2,2,"Complete stx","BAKTA",100,2,"stx1a; stx2a"
"SRR8292155","stx_A",2,2,"Complete stx","PPanGGOLiN",0,2,"stx1a; stx2a"
"SRR8292155","stx_B",2,2,"Complete stx","PPanGGOLiN",0,2,"stx1a; stx2a"
"SRR8292155","stx_A",2,2,"Complete stx","PPanGGOLiN",10,2,"stx1a; stx2a"
"SRR8292155","stx_B",2,2,"Complete stx","PPanGGOLiN",10,2,"stx1a; stx2a"
"SRR8292155","stx_A",2,2,"Complete stx","PPanGGOLiN",50,2,"stx1a; stx2a"
"SRR8292155","stx_B",2,2,"Complete stx","PPanGGOLiN",50,2,"stx1a; stx2a"
"SRR8292155","stx_A",2,2,"Complete stx","PPanGGOLiN",90,2,"stx1a; stx2a"
"SRR8292155","stx_B",2,2,"Complete stx","PPanGGOLiN",90,2,"stx1a; stx2a"
"SRR8292155","stx_A",2,2,"Complete stx","PPanGGOLiN",100,2,"stx1a; stx2a"
"SRR8292155","stx_B",2,2,"Complete stx","PPanGGOLiN",100,2,"stx1a; stx2a"
"SRR8292155","stx_A",2,2,"Complete stx","Panaroo",0,2,"stx1a; stx2a"
"SRR8292155","stx_B",2,2,"Complete stx","Panaroo",0,2,"stx1a; stx2a"
"SRR8292155","stx_A",2,2,"Complete stx","Panaroo",10,2,"stx1a; stx2a"
"SRR8292155","stx_B",2,2,"Complete stx","Panaroo",10,2,"stx1a; stx2a"
"SRR8292155","stx_A",2,2,"Complete stx","Panaroo",50,2,"stx1a; stx2a"
"SRR8292155","stx_B",2,2,"Complete stx","Panaroo",50,2,"stx1a; stx2a"
"SRR8292155","stx_A",2,2,"Complete stx","Panaroo",90,2,"stx1a; stx2a"
"SRR8292155","stx_B",2,2,"Complete stx","Panaroo",90,2,"stx1a; stx2a"
"SRR8292155","stx_A",2,2,"Complete stx","Panaroo",100,2,"stx1a; stx2a"
"SRR8292155","stx_B",2,2,"Complete stx","Panaroo",100,2,"stx1a; stx2a"
"SRR8292155","stx_A",2,2,"Complete stx","Roary",0,1,"stx1a; stx2a"
"SRR8292155","stx_B",2,2,"Complete stx","Roary",0,1,"stx1a; stx2a"
"SRR8292155","stx_A",2,2,"Complete stx","Roary",10,1,"stx1a; stx2a"
"SRR8292155","stx_B",2,2,"Complete stx","Roary",10,1,"stx1a; stx2a"
"SRR8292155","stx_A",2,2,"Complete stx","Roary",50,1,"stx1a; stx2a"
"SRR8292155","stx_B",2,2,"Complete stx","Roary",50,1,"stx1a; stx2a"
"SRR8292155","stx_A",2,2,"Complete stx","Roary",90,1,"stx1a; stx2a"
"SRR8292155","stx_B",2,2,"Complete stx","Roary",90,1,"stx1a; stx2a"
"SRR8292155","stx_A",2,2,"Complete stx","Roary",100,1,"stx1a; stx2a"
"SRR8292155","stx_B",2,2,"Complete stx","Roary",100,1,"stx1a; stx2a"
"SRR8292155","stx_A",2,2,"Complete stx","ggCaller",0,2,"stx1a; stx2a"
"SRR8292155","stx_B",2,2,"Complete stx","ggCaller",0,2,"stx1a; stx2a"
"SRR8292155","stx_A",2,2,"Complete stx","ggCaller",10,2,"stx1a; stx2a"
"SRR8292155","stx_B",2,2,"Complete stx","ggCaller",10,2,"stx1a; stx2a"
"SRR8292155","stx_A",2,2,"Complete stx","ggCaller",50,4,"stx1a; stx2a"
"SRR8292155","stx_B",2,2,"Complete stx","ggCaller",50,2,"stx1a; stx2a"
"SRR8292155","stx_A",2,2,"Complete stx","ggCaller",90,4,"stx1a; stx2a"
"SRR8292155","stx_B",2,2,"Complete stx","ggCaller",90,3,"stx1a; stx2a"
"SRR8292155","stx_A",2,2,"Complete stx","ggCaller",100,4,"stx1a; stx2a"
"SRR8292155","stx_B",2,2,"Complete stx","ggCaller",100,3,"stx1a; stx2a"
"SRR941218","stx_A",1,1,"Complete stx","BAKTA",0,1,"stx2c"
"SRR941218","stx_B",1,1,"Complete stx","BAKTA",0,1,"stx2c"
"SRR941218","stx_A",1,1,"Complete stx","BAKTA",100,1,"stx2c"
"SRR941218","stx_B",1,1,"Complete stx","BAKTA",100,1,"stx2c"
"SRR941218","stx_A",1,1,"Complete stx","PPanGGOLiN",0,1,"stx2c"
"SRR941218","stx_B",1,1,"Complete stx","PPanGGOLiN",0,1,"stx2c"
"SRR941218","stx_A",1,1,"Complete stx","PPanGGOLiN",10,1,"stx2c"
"SRR941218","stx_B",1,1,"Complete stx","PPanGGOLiN",10,1,"stx2c"
"SRR941218","stx_A",1,1,"Complete stx","PPanGGOLiN",50,1,"stx2c"
"SRR941218","stx_B",1,1,"Complete stx","PPanGGOLiN",50,1,"stx2c"
"SRR941218","stx_A",1,1,"Complete stx","PPanGGOLiN",90,1,"stx2c"
"SRR941218","stx_B",1,1,"Complete stx","PPanGGOLiN",90,1,"stx2c"
"SRR941218","stx_A",1,1,"Complete stx","PPanGGOLiN",100,1,"stx2c"
"SRR941218","stx_B",1,1,"Complete stx","PPanGGOLiN",100,1,"stx2c"
"SRR941218","stx_A",1,1,"Complete stx","Panaroo",0,1,"stx2c"
"SRR941218","stx_B",1,1,"Complete stx","Panaroo",0,1,"stx2c"
"SRR941218","stx_A",1,1,"Complete stx","Panaroo",10,1,"stx2c"
"SRR941218","stx_B",1,1,"Complete stx","Panaroo",10,1,"stx2c"
"SRR941218","stx_A",1,1,"Complete stx","Panaroo",50,1,"stx2c"
"SRR941218","stx_B",1,1,"Complete stx","Panaroo",50,1,"stx2c"
"SRR941218","stx_A",1,1,"Complete stx","Panaroo",90,1,"stx2c"
"SRR941218","stx_B",1,1,"Complete stx","Panaroo",90,1,"stx2c"
"SRR941218","stx_A",1,1,"Complete stx","Panaroo",100,1,"stx2c"
"SRR941218","stx_B",1,1,"Complete stx","Panaroo",100,1,"stx2c"
"SRR941218","stx_A",1,1,"Complete stx","Roary",0,1,"stx2c"
"SRR941218","stx_B",1,1,"Complete stx","Roary",0,1,"stx2c"
"SRR941218","stx_A",1,1,"Complete stx","Roary",10,1,"stx2c"
"SRR941218","stx_B",1,1,"Complete stx","Roary",10,1,"stx2c"
"SRR941218","stx_A",1,1,"Complete stx","Roary",50,1,"stx2c"
"SRR941218","stx_B",1,1,"Complete stx","Roary",50,1,"stx2c"
"SRR941218","stx_A",1,1,"Complete stx","Roary",90,1,"stx2c"
"SRR941218","stx_B",1,1,"Complete stx","Roary",90,1,"stx2c"
"SRR941218","stx_A",1,1,"Complete stx","Roary",100,1,"stx2c"
"SRR941218","stx_B",1,1,"Complete stx","Roary",100,1,"stx2c"
"SRR941218","stx_A",1,1,"Complete stx","ggCaller",0,2,"stx2c"
"SRR941218","stx_B",1,1,"Complete stx","ggCaller",0,1,"stx2c"
"SRR941218","stx_A",1,1,"Complete stx","ggCaller",10,2,"stx2c"
"SRR941218","stx_B",1,1,"Complete stx","ggCaller",10,1,"stx2c"
"SRR941218","stx_A",1,1,"Complete stx","ggCaller",50,3,"stx2c"
"SRR941218","stx_B",1,1,"Complete stx","ggCaller",50,1,"stx2c"
"SRR941218","stx_A",1,1,"Complete stx","ggCaller",90,3,"stx2c"
"SRR941218","stx_B",1,1,"Complete stx","ggCaller",90,1,"stx2c"
"SRR941218","stx_A",1,1,"Complete stx","ggCaller",100,3,"stx2c"
"SRR941218","stx_B",1,1,"Complete stx","ggCaller",100,1,"stx2c"
